id,title,keywords,project,obsoletedBy,isPublic,dataUrl,abstract,attributeName,kingdom,phylum,class,order,family,genus,species,access
doi:10.18739/A23D1M,14C of soil CO2 from IPY ITEX Cross Site Comparison,"c(""EARTH SCIENCE > BIOSPHERE > ECOLOGICAL DYNAMICS > ECOSYSTEM FUNCTIONS > RESPIRATION RATE"", ""IN SITU/LABORATORY INSTRUMENTS > CHEMICAL METERS/ANALYZERS > CO2 ANALYZERS"", ""MANNED PERMANENT STATION"", ""MULTIPLE"", ""1 METER TO 30 METERS"", ""ANNUAL"", ""biota"")",NULL,NA,TRUE,https://cn.dataone.org/cn/v2/resolve/doi%3A10.18739%2FA23D1M,"Study sites: Toolik Lake Field Station Alaska, USA 68.63 N, 149.57 W; Atqasuk, Alaska USA 70.45 N, 157.40 W; Barrow, Alaska, USA 71.30 N, 156.67 W; Latnjajaure, Sweden 68.35 N, 18.50 E; Falls Creek, Australia: Site 2-unburned 36.90 S 147.29 E; Site 3-burned 36.89 S 147.28 E. Additional sites will be added summer 2008, but the exact sites are not finalized. Purpose: Collect soil carbon dioxide (CO2) for analysis of radiocarbon to evaluate the age of the carbon respired in controls and warmed plots from across the International Tundra Experiment (ITEX) network. Treatments: control and ITEX Open Top Chamber (OTC) warming experiment (1994-2007). Design: 5 replicates of each treatment at dry site and moist site. Sampling frequency: Once per peak season.",NULL,NULL,NULL,NULL,NULL,NULL,NULL,NULL,FALSE
doi:10.5065/D66W985Q,"2003 Helo Survey CTD Data [Christensen, J. and H. Melling]","c(""CTD ocean cast"", ""Arctic"", ""Oceanography"")",NULL,NA,TRUE,https://cn.dataone.org/cn/v2/resolve/doi%3A10.5065%2FD66W985Q,"Early spring sampling was performed in the eastern area of the Shelf-Basin Interactions Project using aircraft. Flights began on 1 April 2003 and finished on 15 April. During this time, we sampled 42 sites (49 Conductivity, Temperature, Depth (CTD) casts) on a series of 5 transect lines which bracketed and were parallel to the SBI current meter mooring line located at 152 degrees W longitude. Stations were about 10 km apart along each transect line. Transect lines B, C, and D were at the same spacing; while, lines A and E were 20 km from the nearest transect line. A map of the achieved sampling sites is available (file: SW3LOC4A.pdf). Typically, 4-5 stations were sampled on each flying day. At each site, a Seabird CTD (either a SBE-19 or an SBE-25) and Satlantic ISUS nitrate analyzer with a water sampling bottle was deployed through an 8 inch hole augured through the pack-ice. Continuous profiles of pressure, temperature, salinity, and nitrate concentrations were made from the ice hole to either the sediment surface or to about 390 m. CTD data were processed with Seabird software (Seasoft) and the data binned into 0.5 dbar layers. Data herein are the vertical profiles of temperature, salinity, and density. Nutrient data are not reported here.",NULL,NULL,NULL,NULL,NULL,NULL,NULL,NULL,FALSE
doi:10.5065/D6TD9VDN,"226Ra and 228Ra from SHEBA, Polar Star 2000 Expeditions (ASCII) [Kadko, D.]","c(""Ship"", ""Oceanography"", ""Arctic"")",NULL,NA,TRUE,https://cn.dataone.org/cn/v2/resolve/doi%3A10.5065%2FD6TD9VDN,"These data are from two different cruises, one the SHEBA cruise with data from 6/27/98 - 10/17/98, and the second a Polar Star Cruise during August of 2000. This dataset contains measurements of the water column activities of the naturally occuring isotopes 226Ra and 228Ra. Because 228Ra (T1/2= 5.77y) is derived through input from shelf sediments, it is an unambiguous marker of water that has been in contact with shelves. Its relative distribution in the shelf and basin water is therefore very valuable in assessing the degree of shelf-basin interaction. These data are in ASCII format.",NULL,NULL,NULL,NULL,NULL,NULL,NULL,NULL,FALSE
doi:10.5065/D66971PX,"226Ra and 228Ra from SHEBA, Polar Star 2000 Expeditions (Excel) [Kadko, D.]","c(""Ship"", ""Oceanography"", ""Arctic"")",NULL,NA,TRUE,https://cn.dataone.org/cn/v2/resolve/doi%3A10.5065%2FD66971PX,"These data are from two different cruises, one the SHEBA cruise with data from 6/27/98 - 10/17/98, and the second a Polar Star Cruise during August of 2000. This dataset contains measurements of the water column activities of the naturally occuring isotopes 226Ra and 228Ra. Because 228Ra (T1/2= 5.77y) is derived through input from shelf sediments, it is an unambiguous marker of water that has been in contact with shelves. Its relative distribution in the shelf and basin water is therefore very valuable in assessing the degree of shelf-basin interaction. These data are in Excel format.",NULL,NULL,NULL,NULL,NULL,NULL,NULL,NULL,FALSE
doi:10.6067:XCV8NP26KX_meta$v=1502743978294,A Curation-Needs Assessment at Select Facilities for the U.S. Air National Guard,"c(""Collections Research"", ""Heritage Management"")",NULL,NA,TRUE,https://cn.dataone.org/cn/v2/resolve/doi%3A10.6067%3AXCV8NP26KX_meta%24v%3D1502743978294,"The U.S. Air National Guard (ANG) is responsible for the management of archaeological and historical resources recovered from lands that it currently manages and leases. As mandated by federal law, responsible agencies are required to ensure that all recovered archaeological materials and associated records are adequately curated. ANG worked with the U.S. Army Corps of Engineers Mandatory Center of Expertise for the Curation and Management of Archaeological Collections in the St. Louis District (SLD) to conduct a curation-needs assessment of collections from ANG facilities in 19 states. This study will assist ANG in determining the volume of its collections and the current needs of the collections and facilities. In addition, it will enable ANG to establish a program to address these needs nationwide.

 In August 2008, ANG provided the U.S. Army Corps of Engineers, St. Louis District, with funds to  determine the locations of all ANG collections generated from facilities in Colorado, Idaho, Illinois, Kansas, Louisiana, Maryland, Massachusetts, Michigan, Mississippi, Missouri, Nevada, New Jersey, New York, Ohio, Oregon, Puerto Rico, South Carolina, West Virginia, and Wisconsin and perform site file searches at State Historic Preservation Offices (SHPO) and curation-needs assessments of archaeological collections to assist them in complying with the requirements outlined in 36 CFR Part 79. In addition, certain buildings holding ANG collections also were evaluated as to their ability to serve as adequate long-term curation facilities. The scope of work for Phase 2 outlined six tasks to be conducted by SLD.",NULL,NULL,NULL,NULL,NULL,NULL,NULL,NULL,NA
doi:10.5063/F19C6VN5,"A Global Map of Human Impact on Marine Ecosystems, 2008",NULL,NULL,NA,TRUE,https://cn.dataone.org/cn/v2/resolve/doi%3A10.5063%2FF19C6VN5,"What happens in the vast stretches of the world's oceans - both wondrous and worrisome - has too often been out of sight, out of mind. The sea represents the last major scientific frontier on planet earth - a place where expeditions continue to discover not only new species, but even new phyla. The role of these species in the ecosystem, where they sit in the tree of life, and how they respond to environmental changes really do constitute mysteries of the deep. Despite technological advances that now allow people to access, exploit or affect nearly all parts of the ocean, we still understand very little of the ocean's biodiversity and how it is changing under our influence. The goal of the research presented here is to estimate and visualize, for the first time, the global impact humans are having on the ocean's ecosystems. Our analysis, published in Science, February 15, 2008 (http://doi.org/10.1126/science.1149345), shows that over 40% of the world's oceans are heavily affected by human activities and few if any areas remain untouched.  The top level of this dataset contains the raster data for the modeled impacts map, along with a high resolution jpg version. Sub-levels of this dataset include: raw stressor data, transformed stressor data (raw data is log(x+1) transformed and rescaled by dividing by maximum global value so values range from 0-1), and ecosystem data. All spatial data are projected in WGS 1984 Mollweide.",NULL,NULL,NULL,NULL,NULL,NULL,NULL,NULL,FALSE
doi:10.6067:XCV8FX7CMQ_meta$v=1532972877826,A Pilot Examination for Curation Partnership Implementation for the Department of Defense,"c(""Collections Research"", ""Heritage Management"")",NULL,NA,TRUE,https://cn.dataone.org/cn/v2/resolve/doi%3A10.6067%3AXCV8FX7CMQ_meta%24v%3D1532972877826,"Since the 1906 Antiquities Act, several major laws and regulations have directed the land-managing agencies of the federal government to appropriately house and preserve archaeological materials recovered from federal lands or by federally-funded projects for long-term public benefit. The Department of Defense armed services—including the U.S. Army, U.S. Navy and Marines, and the U.S. Air Force—manage a significant number of archaeological collections and are therefore subject to these laws and regulations. In particular, 36 CFR Part 79, Curation of Federally-Owned and Administered Archeological Collections (1991) lays out standards for curating and housing federal archaeological collections. 
Unfortunately, over approximately the last 50 years, while archaeological investigations were conducted under federal statutes, the recovered materials and associated documentation (which together form archaeological collections) have not been well managed. In fact, a recently completed national inventory of DoD archaeological collections (Anderson 2000, Felix 2000) has determined that the objects and records are highly decentralized, are rarely adequately cared for, and are generally not actively managed. This is a significant management problem when volume of these collections is considered. 
The national inventory concluded that DoD archaeological collections represent over 19,000 cubic feet of artifacts, and 2,600 linear feet of associated documentation. The report also noted that these collections were stored at over 450 repositories nationwide, including museums, universities, contract firms, federal agency offices, military installations, private and public archaeological societies, and even individual storage facilities and residences. With this level of decentralization and with few concerted management efforts, proper curation to federal standards has rarely been attained for DoD archaeological collections.",NULL,NULL,NULL,NULL,NULL,NULL,NULL,NULL,NA
doi:10.6067:XCV8V9891H_meta$v=1402609190125,"A Review of the River Basin Surveys, Smithsonian Institution Museum of Natural History for the Ad Hoc Advisory Committee","c(""Woodland"", ""Plains Village"", ""Middle Missouri Tradition"", ""Methodology, Theory, or Synthesis"", ""Historic Background Research"", ""Heritage Management"", ""LA Roche Site"", ""Black Partizan Site"", ""Two Teeth Site"", ""Molstad Village"", ""Fire Heart Creek Site"", ""Chapelle Creek Site"", ""Pony Creek Archeology"", ""Cheyenne River Project"", ""Okanogan Project"", ""Okanogon Valley Project"", ""Middle James Project"", ""Crow Prehistory Project"", ""Blue Mountains Project"", ""Durkin and King Sites"", ""Keyhole and Angostura Reservoirs"", 
""Handbook of Specimen Processing"", ""The Grand Detour Phase"", ""Cattle Oiler and Ketchen Sites"", ""Cul-de-Sac Archeology"", ""Upper Yellowtail Reservoir"", ""Arikara Archeology in the Phillips Ranch Locality"", ""Hitcheli Site"", ""Hells Canyon Archeology"")",NULL,NA,TRUE,https://cn.dataone.org/cn/v2/resolve/doi%3A10.6067%3AXCV8V9891H_meta%24v%3D1402609190125,"This report was prepared for the ""Ad Hoc Advisory Committee"" that reviewed the River Basin Surveys program of the Museum of Natural History, Smithsonian Institution in 1968.  The report includes background information about the program and suggests additional activities that the program might undertake in the future.  The River Basin Surveys was organized within the Smithsonian Institution in the fall of 1945 as a unit of the Bureau of American Ethnology. Its purpose was to carry out archeological investigations in areas to be flooded by the construction of  reservoirs by the Federal Government.

The River Basin Surveys program performed investigations, including field work, analysis, and publication of results, to rescue or salvage archaeological sites and data that would otherwise have been destroyed by the construction of public reservoirs. The program was administered as part of the archaeological work done by the Smithsonian Institution in close coordination with the National Park Service. Over the years the program developed procedures for operations.  However, beyond the rescue or salvage of archaeological data, more general goals were not described explicitly.

During the early years of the program, the River Basin Surveys pursued a literal interpretation of its mission, i. e., excavation of endangered sites within reservoirs (ideally to achieve a sample of 10%). This, of course, was proper in the context of program uncertainty and the limited objectives that prevailed at the time. Cultural complexes in the Columbia and Middle Missouri areas were so little known that the excavation of any archeological site might be justified.  In its later years the River Basin Surveys attempted to orient its work so as to illuminate a number of major research problems identified in Middle Missouri archeology.  It did not always succeed in this objective because the organization was tied to construction schedules in reservoir areas and had to react rather than initiate new research studies.  As the status of the program changed within the Smithsonian, this report was part of an effort to review possible changes for the program. Information in this report, assembled and written by program staff, describes the program, appraises its capabilities and suggests alternatives for the future.",NULL,NULL,NULL,NULL,NULL,NULL,NULL,NULL,NA
doi:10.5063/F1M043RN,A fine-tuned global distribution dataset of marine forests,"c(""kelp"", ""seagrass"", ""marine forests"", ""biodiversity"")",NULL,NA,TRUE,https://cn.dataone.org/cn/v2/resolve/doi%3A10.5063%2FF1M043RN,"Species distribution records are a prerequisite to follow climate-induced range shifts across space and time. However, synthesizing information from various sources such as peer-reviewed literature, herbaria, digital repositories and citizen science initiatives is not only costly and time consuming, but also challenging, as data may contain thematic and taxonomic errors and generally lack standardized formats. We address this gap for important marine ecosystem-structuring species of large brown algae and seagrasses. We gathered distribution records from various sources and provide a fine-tuned dataset with ~2.8 million dereplicated records, taxonomically standardized for 682 species, and considering important physiological and biogeographical traits. Specifically, a flagging system was implemented to sign potentially incorrect records reported on land, in regions with limiting light conditions for photosynthesis, and outside the known distribution of species, as inferred from the most recent published literature. The dataset is provided in tabular format based on Darwin Core Standard (DwC). Please cite: Assis J., Fragkopoulou E., Frade D., Neiva J., Oliveira A., Abecasis D., Faugeron S., Serrão E.A. (2020). A fine-tuned global distribution dataset of marine forests. Scientific Data",NULL,NULL,NULL,NULL,"c(""Fucales"", ""Laminariales"", ""Tilopteridales"")","c(""Cymodoceaceae"", ""Hydrocharitaceae"", ""Posidoniaceae"", ""Zosteraceae"")",NULL,NULL,FALSE
doi:10.5063/F1VQ3157,"A global catalog of digital assets for monitoring biodiversity, 1965 - 2024","c(""biodiversity"", ""monitoring"", ""automation"", ""conservation technology"")",NULL,NA,TRUE,https://cn.dataone.org/cn/v2/resolve/doi%3A10.5063%2FF1VQ3157,"The current landscape of biodiversity assessments predominantly requires time-intensive and costly field surveys that rarely match the pace of monitoring needs for conservation. Automated biodiversity monitoring could increase the speed and accuracy at which information on species and ecosystems is gathered, yet the extent of existing monitoring with these “digital assets” is not well characterized or leveraged. Here, we present a catalog of existing digital assets for monitoring living organisms globally, documenting what they monitor and other key attributes of the data to facilitate use of existing assets. To be included as a digital asset, potential monitoring data must meet several criteria: appropriate scope, instrumentation, repeatability, adequate spatial coverage, and accessibility. Only assets that monitor living organisms are included, though data on humans are not included. This data catalog could help accelerate conservation efforts by making relevant biodiversity data more accessible.",NULL,"c(""Animalia"", ""Plantae"", ""Chromista"", ""Fungi"", ""Bacteria"")",NULL,NULL,NULL,NULL,NULL,NULL,FALSE
doi:10.5063/F12F7KVF,A global inventory of animal biodiversity measured in different grazing treatments,"c(""graze"", ""disturbance"", ""domestic grazers"", ""exclosure"", ""global"", ""herbivory"", ""land use"", ""agriculture"", ""rangelands"", ""biodiversity"", ""food security"")",A global inventory of animal biodiversity measured in different grazing treatments,NA,TRUE,https://cn.dataone.org/cn/v2/resolve/doi%3A10.5063%2FF12F7KVF,"Rangelands occupy more than half of terrestrial land cover and much of these lands are used for domestic grazing. Patterns of domestic grazing have been shifting recently, becoming more common in areas such as Brazil, Mexico, and South-East Asia. These are also correspond with some of biodiversity hotspots of the world. The effects of domestic grazing on biodiversity can be complex. Moreover, there is a important component of food security to be considered with changing grazing patterns. While there has been recent work quantifying the effects of domestic grazing on carbon emissions and plant composition, there has yet to be a detailed synthesis of grazing effects on animal diversity. Using a systematic review of the literature, we generated a database inventorying animal biodiversity in lands with domestic grazing, wild grazers, and without grazing. Information provided includes species-specific responses to grazing, measurements of grazing intensity (e.g., animals per hectare, biomass removed), grazer species, and geospatial coordinates. Our hopes is that this database could be used for sustainable grazing practices.","c(""SurveyTechnique"", ""SurveyType"", ""UniqueID"", ""HigherTaxon"", ""Kingdom"", ""Phylum"", ""Class"", ""Order"", ""Family"", ""Genus"", ""Species"", ""SiteID"", ""Year"", ""Timeframe"", ""Replicate"", ""GrazingLevel"", ""GrazingEstimate"", ""GrazingValue"", ""Estimate"", ""Statistic"", ""Value"", ""Title"", ""Authors"", ""SourceTitle"", ""PublicationYear"", ""GrazerSpecies"", ""GrazerStatus"", ""LastGrazingEvent"", ""StudyDuration"", ""Latitude"", ""Longitude"", ""Elevation"", ""Country"", ""NSites"", ""WildGrazerSpecies"", ""DomesticatedGrazerSpecies"", ""PlantCommunity"", 
""EcosystemClass"", ""Fenced"", ""Tilled"", ""Herbivores"", ""Fertilization"", ""Fire"", ""Ownership"", ""YearInitiated"", ""YearFinished"", ""uniqueID"", ""Source Title"", ""Publication Year"", ""Est.Simplified"", ""Est.Reduced"", ""grazing.estimate"", ""grazing.est.simplified"", ""grazing.est.reduced"", ""Notes"")",NULL,NULL,NULL,NULL,NULL,NULL,NULL,FALSE
doi:10.5063/F1S180S8,A systematic review of green infrastructure effects on urban ecosystems,"c(""green infrastructure"", ""green roof"", ""urban ecology"", ""community gardens"", ""green wall"", ""urban ecosystems"", ""conservation"")",NULL,NA,TRUE,https://cn.dataone.org/cn/v2/resolve/doi%3A10.5063%2FF1S180S8,"Global urbanization continues unabated, with more than 50% of the worlds’ population living in cities. Cities are conventionally viewed as a threat to local biodiversity because natural habitat is replaced with development. However, more recently, there is greater acknowledgement from the public and private sectors that supporting local environments sustains critical ecosystem services, which in turn improves human health and biodiversity conservation. Consequently, urban planning and design has shifted towards green infrastructure (GI), such as green roofs and retention ponds, to increase connections between city and nature in an era of climate change. The contribution of GI to some ecosystem services has been proven (e.g. stormwater management, building cooling), but the contribution to biodiversity conservation remains unspecified. Using a systematic literature review, this dataset is an aggregation of studies that have measured community composition of urban ecosystems in association with green infrastructures.",NULL,NULL,NULL,NULL,NULL,NULL,NULL,NULL,FALSE
doi:10.5063/F1862DXT,ARTIS input data and model,"c(""Seafood"", ""Aquatic food"", ""Trade"", ""Globalization"", ""Supply chain"", ""Traceability"")",ARTIS input data and model,NA,TRUE,https://cn.dataone.org/cn/v2/resolve/doi%3A10.5063%2FF1862DXT,"This code base contains a folder of raw data inputs, cleaned data inputs, and all code for running the Aquatic Resource Trade in Species (ARTIS) model on a local computer or AWS. This corresponds with Github release ARTIS-model v1.0 (https://github.com/Seafood-Globalization-Lab/artis-model/releases/tag/v1.0).  Full methods details available in the ARTIS manual: https://seafood-globalization-lab.github.io/artis-manual/",NULL,Animalia,NULL,NULL,NULL,NULL,NULL,NULL,FALSE
doi:10.18739/A2736M32D,"All clean datasets that were submitted by March 15 from the Boulder Workshop, 2001",Arctic,NULL,NA,TRUE,https://cn.dataone.org/cn/v2/resolve/doi%3A10.18739%2FA2736M32D,"This dataset contains all of the clean datasets that were submitted by March 15 from the Boulder Workshop, 2001. Note: upon ordering this data, all of the data files will be included.",NULL,NULL,NULL,NULL,NULL,NULL,NULL,NULL,FALSE
doi:10.5063/F15X272V,"Alpine pollinators unique species list for Pink Mountain, BC, Canada","c(""alpine"", ""pollinators"", ""diversity"", ""ecotone"", ""british columbia"", ""canada"", ""osmia"")",NULL,NA,TRUE,https://cn.dataone.org/cn/v2/resolve/doi%3A10.5063%2FF15X272V,"Two protocols were used to assess pollinator diversity at the Pink Mountain site in BC, Canada. This was part of the NSTP program and CANPOLIN.",NULL,NULL,NULL,NULL,NULL,NULL,NULL,NULL,FALSE
doi:10.6067:XCV8HX1FVC_meta$v=1502737137083,"An Assessment of Potential Curation Facilities at the Hanford Site, Department of Energy","c(""Collections Research"", ""Heritage Management"")",NULL,NA,TRUE,https://cn.dataone.org/cn/v2/resolve/doi%3A10.6067%3AXCV8HX1FVC_meta%24v%3D1502737137083,"In March and June 2000, St. Louis District personnel examined ten facilities that are located on the Hanford Nuclear Test Site in order to determine their potential as curation repositories for Hanford Cultural Resources. The facilities examined ranged from abandoned buildings associated with the NIKE missile complex to nuclear research reactors. All buildings would require substantial rehabilitation to comply with existing regulations for the curation and management of cultural resources (36 CFR Part 79).",NULL,NULL,NULL,NULL,NULL,NULL,NULL,NULL,FALSE
doi:10.6067:XCV8VT1V6W_meta$v=1494454119938,"An Evaluation of Geophysical Survey Instruments for Detecting Unmarked Graves at the Mission Cemetery, Spalding, Idaho","c(""Nez Perce"", ""Ground Disturbance Monitoring"", ""Geophysical Survey"", ""Mission Cemetery"", ""Funerary and Burial Structures or Features"", ""Cemetery"", ""Unmarked Graves"", ""Soil Resistance Meter"", ""Fluxgate Magnetometer"", ""Conductivity Meter"")",NULL,NA,TRUE,https://cn.dataone.org/cn/v2/resolve/doi%3A10.6067%3AXCV8VT1V6W_meta%24v%3D1494454119938,"In December 2000, a team working for the Midwest Archeological Center and Nez Perce National Historical Park evaluated the suitability of geophysical survey instruments for mapping the location of unmarked graves in the Mission Cemetery at Spalding, Idaho. A small grid was examined with a fluxgate magnetometer, a soil resistance meter, a conductivity meter, and a ground-penetrating radar unit. All but the conductivity meter detected positive anomalies in association with marked historic graves in the test grid. A more extensive use of the conductivity meter might also have yielded positive results. The ground-penetrating radar and magnetometer produced the best results, and additional work was accomplished with the ground-penetrating radar. Several graves that were not marked with stone monuments were confirmed, and the locations of these burial sites were recorded by personnel from Nez Perce National Historical Park. Selected areas outside the cemetery enclosure were examined to ensure that efforts to control pedestrian traffic would not impact graves.",NULL,NULL,NULL,NULL,NULL,NULL,NULL,NULL,FALSE
doi:10.18739/A2R49G96H,An open source framework for metadata exploration and discovery of Polar Data,PCI,An open source framework for metadata exploration and discovery of Polar Data,NA,TRUE,https://cn.dataone.org/cn/v2/resolve/doi%3A10.18739%2FA2R49G96H,"This project will deliver an open source framework for metadata exploration, automatic text mining and information retrieval of polar data that uses the Apache Tika technology. Apache Tika is currently the de facto ""babel fish"", aiding in the automatic MIME detection, text extraction, and metadata classification of over 1200 data formats. The PI will expand Tika to handle polar data and scientific data formats, making Polar data more easily available, searchable, and retrievable by all major content management systems. The proposed activity will lay the framework for a thorough automatically generated inventory of polar metadata and data. Expanding Tika to handle polar data will also naturally invite the technology/open source community to deal with polar use cases, helping to increase understanding of the arctic. The resultant software produced through effort will be disseminated to the software and polar communities through the Apache Software Foundation. A computer science graduate student and postdoc will be exposed to Cryosphere and Arctic data, helping to train the next generation of cross disciplinary data scientists in the domain. The PI's Search Engines (20-40 students annual enrollment) and Software Architecture (30-50 students annual enrollment) graduate courses at USC will benefit from the Arctic cyberinfrastructure use cases disseminated through course projects and lecture material. The PI will also work collaboratively with NSF-funded projects dealing with projects focusing on the archiving, discovery and access of polar data, such as ACADIS and the Antarctic Master Directory.",NULL,NULL,NULL,NULL,NULL,NULL,NULL,NULL,FALSE
doi:10.18739/A2ZW18V0Q,An updatable and comprehensive global cargo maritime network and strategic seaborne cargo routing model for global containerized and bulk vessel flow estimation 2021,"c(""Global cargo shipping"", ""Maritime networks"", ""Trade"", ""Liner shipping"", ""Bulk shipping"", ""Trade routes"")",NNA Track 1: Arctic impacts and reverberations of expanding global maritime trade routes,NA,TRUE,https://cn.dataone.org/cn/v2/resolve/doi%3A10.18739%2FA2ZW18V0Q,"The global maritime system provides the backbone of logistics operations for global supply chains and international trade. This paper aims to develop a unifying global network representation and strategic, system-wide decision model, the Strategic Cargo Routing Model, incorporating both liner and bulk shipping markets to estimate real-world traffic flows and study traffic patterns at the global scale. Specifically, taking a shipper's perspective, containerized and bulk movements are jointly modelled within a mixed-integer linear program that includes inbound, outbound, and transshipment cargo flows at ports. An iterative approach that combines heuristic Gradient Descent and Relax-and-Fix Decomposition methods is proposed for the calibration and solution of the Strategic Cargo Routing Model over a proposed joint liner and bulk services Global Cargo Shipping Network representation. The Global Cargo Shipping Network contains 161 seaports covering 52 countries. It is created from updatable, publicly available, data sources, and all data needed for the network representation are made available. Sufficient network details, as well as data sources and methods for extracting needed inputs, are given to allow others to use and update the network. Using the developed maritime network, mathematical model and calibration-solution methodology, 2018 global maritime traffic flow patterns were estimated. The estimates were found to achieve a 91% fit overall to real-world average annual port throughputs. This strategic model provides support to evaluate future, real-world, worldwide changes, such as increased seaborne trade demand, new routes, shipping infrastructure expansion, and transport policies.  * In the data subnetwork X=(0, 1, 2) refers to containerized cargo, liquid bulk and dry bulk respectively. for example, flowX shows flows in subnetworks of X=(0, 1, 2) accordingly. portThrouX.csv shows port throughputs in subnetworks of X=(0, 1, 2) accordingly.  **In the uploaded data, the files starting with input... means they are inputs for the model, and other files are outputs.  **Note that the uploaded materials can be used based on the uploaded paper ""Wenjie Li, Ralph Pundt and Elise Miller-Hooks. (2021). An updatable and comprehensive global cargo maritime network and strategic seaborne cargo routing model for global containerized and bulk vessel flow estimation 2021.""","c(""Port name"", ""Throughput"", ""ID"", ""Result"", ""id"", ""cargo type"", ""leg_id"", ""Start"", ""End"", ""Route"", ""cost_id"", ""vessel_type"", ""subnet"", ""transit_number"", ""pair_id"", ""origin"", ""destination"", ""type"", ""weight"", ""port_id"", ""handling (1000 $)"", ""capacity"", ""largestv"", ""through"", ""name"", ""route_id"", ""distance"", ""subnetwork"", ""market"", ""transit_id"", ""route"", ""number"", ""vessel_type_id"", ""shipping cost rate ($/1000ton/nm)"", ""draft"")",NULL,NULL,NULL,NULL,NULL,NULL,NULL,FALSE
doi:10.5063/F1CZ35N7,Aquatic Resource Trade in Species (ARTIS),"c(""Seafood"", ""Aquatic food"", ""Trade"", ""Globalization"", ""Supply chain"", ""Traceability"")",Aquatic Resource Trade in Species (ARTIS),NA,TRUE,https://cn.dataone.org/cn/v2/resolve/doi%3A10.5063%2FF1CZ35N7,"Food systems have become increasingly globalized, with over a quarter of all food now traded internationally. Seafood is among the most highly traded foods and it is becoming increasingly globalized, with trade doubling in recent decades. At the same time, seafood is now widely recognized as a critical source of nutrition. Thus, social and environmental threats to local seafood production, including environmental extremes, price impacts of market integration, networked risks, and increased availability of processed foods, must be evaluated in the context of global trade. These issues are paralleled by similar questions for other natural resources and are central to global food systems research. However, our collective understanding of the environmental and human outcomes of food system globalization is limited by a fundamental gap between production and trade data. We bridge this gap in the Aquatic Resource Trade in Species (ARTIS) database by providing the first global estimates of seafood species and nutrient trade flows from 1996–2020.  Full methods details available in the ARTIS manual: https://seafood-globalization-lab.github.io/artis-manual/","c(""source_country_iso3c"", ""exporter_iso3c"", ""importer_iso3c"", ""hs6"", ""sciname"", ""habitat"", ""method"", ""dom_source"", ""product_weight_t"", ""live_weight_t"", ""year"", ""consumer_iso3c"", ""consumption_type"", ""sciname_hs_modified"", ""consumption_live_t"", ""original_consumption_live_t"")",Animalia,NULL,NULL,NULL,NULL,NULL,NULL,FALSE
doi:10.5063/F1PR7TG3,"Arthropod communities associated with mountain pine beetles, Dendroctonus ponderosae, in Banff National Park, Canada","c(""Pinus contorta"", ""Dendroctonus ponderosae"", ""bark beetles"", ""Alberta"", ""arthropod communities"", ""forestry"")","Arthropod communities associated with bark beetles in SW Alberta, Canada",NA,TRUE,https://cn.dataone.org/cn/v2/resolve/doi%3A10.5063%2FF1PR7TG3,"These data identify the arthropods that emerged from the bole of lodgepole pine trees, Pinus contorta var. latifolia, one year after the trees were colonized by mountain pine beetles (MPB), Dendroctonus ponderosae, in Banff National Park, Canada. Data were collected from seven sites for up to 10 trees per site.  The study location and context are described by Trzcinski and Reid (2008. Forest Ecology and Management. doi:10.1016/j.foreco.2008.07.003).","c(""site"", ""zone"", ""mean_longitude"", ""mean_latitude"", ""siteID"", ""log"", ""Subphylum"", ""Order"", ""Family"", ""Subfamily"", ""Genus"", ""Species"", ""Abundance"", ""longitude"", ""latitude"", ""dbh_cm"", ""attack_den"", ""age"", ""growth_5avg_mm"", ""growth_10avg_mm"", ""log_length_cm"", ""area_m2"", ""mpb_exit_holes_s1"", ""mpb_exit_holes_s2"", ""other_exit_holes_s1"", ""other_exit_holes_s2"", ""bait"", ""burn"", ""mpb_m2"", ""mean_phloem_mm"")",NULL,NULL,NULL,NULL,NULL,NULL,NULL,FALSE
doi:10.18739/A26D5PD0Q,Bias-Corrected Gridded Soil Temperatures (North of 30°N) Between 1982-2023 at 0.05° Resolution,"c(""Soil Temperature"", ""Reanalysis Models"", ""Machine Learning"", ""ERA5-Land"", ""FLDAS"")",Bias-Corrected Gridded Soil Temperatures (North of 30°N) Between 1982-2023 at 0.05° Resolution,NA,TRUE,https://cn.dataone.org/cn/v2/resolve/doi%3A10.18739%2FA26D5PD0Q,"ECMWF Reanalysis 5th Generation Land (ERA5-Land) and Famine Early Warning Systems Network Land Data Assimilation System (FLDAS) both provide gridded soil temperatures globally at a resolution of ~9 kilometers (km). However, ERA5-Land soil temperatures exhibit warm biases over permafrost regions, and a median Root Mean Squared Error (RMSE) of between 1.6 Kelvin (K) and 2.3K, while FLDAS exhibits cold biases, and a median RMSE of between 2.5K and 4.5K. Thus in an uncorrected form, their soil temperatures are unsuitable for permafrost applications, or as boundary conditions for hydrological models. Here we investigated the use of a hierarchy of bias-correction techniques including mean bias subtraction (MBS), multiple linear regression (MLR), and random forest regression (RF) to bias-correct ERA5-Land and FLDAS soil temperatures. The MLR and RF models incorporated 10 predictors including soil depth, soil temperatures, 2 meter (m) air temperatures and snow water equivalent (SWE) from the reanalysis product, Moderate Resolution Imaging Spectroradiometer (MODIS) Normalized Difference Vegetation Index (NDVI), the month of the year, as well as geospatial information such as elevation, latitude and longitude. MLR and RF models were used to predict the observed soil temperature for each grid cell, and metrics were compared against in-situ soil temperature measurements from 2686 stations. It was found that RF greatly outperformed MBS and MLR, providing an average RMSE reduction of between 46 percent (%) to 77% relative to the uncorrected product soil temperatures.  This dataset accompanies Herrington, T., Erler, A. and Fletcher, C. (in Review), Theoretical and Applied Climatology. It includes two datasets of 0.05° bias-corrected gridded soil temperatures over the extratropical northern hemisphere for all land areas north of 30 degrees North (°N). The first dataset includes bias-corrected ERA5-Land soil temperatures for each of the  Hydrology Tiled ECMWF Scheme for Surface Exchanges over Land (HTESSEL) model layers, between 1981-2023. The second dataset includes bias-corrected FLDAS soil temperatures for each of the Noah LSM model layers, between 1982-2023. The bias-correction utilizes random forest regression and 10 predictors including soil depth, the reanalysis soil temperature, sine and cosine transformations of the month of the year, the reanalysis air temperature, MODIS NDVI, reanalysis snow water equivalent (SWE), along with elevation, latitude and longitude.","c(""stl1"", ""stl2"", ""stl3"", ""stl4"", ""time"", ""lon"", ""lat"", ""stl1"", ""stl2"", ""stl3"", ""stl4"", ""time"", ""lon"", ""lat"")",NULL,NULL,NULL,NULL,NULL,NULL,NULL,FALSE
doi:10.6067:XCV8B857BR_meta$v=1339204292397,Bison Jump Sites in the Northwestern Plains of North America: A locational Analysis,"c(""Plains Indian Tribes"", ""Methodology, Theory, or Synthesis"", ""Resource Extraction/Production/Transportation Structure or Features"", ""Fauna"", ""Building Materials"", ""Bison Jump, locational analysis"")",NULL,NA,TRUE,https://cn.dataone.org/cn/v2/resolve/doi%3A10.6067%3AXCV8B857BR_meta%24v%3D1339204292397,"ABSTRACT

BISON JUMP SITES IN THE NORTHWESTERN PLAINS OF NORTH AMERICA: A LOCATIONAL ANALYSIS

BY

Michael Robert Polk

This study is a locational analysis of bison jump sites in the northwestern plains of North America.  One hundred forty-six sites from Alberta, Montana and Wyoming were examined in an attempt to identify cultural preferences and environmental constraints which affected the site location decisions of prehistoric hunters.  

Bison Jump site data and associated environmental information including various soil types, geology, topography, vegetation and water source associations were partitioned into a set of quantified variables and subjected to a series of statistical procedures.  The most critical environmental and cultural variables identified for site location through various tests for degrees of significance were water source association and jump face direction.

An interpretive framework provides evidence that jump face direction is strongly associated with prevailing wind direction.  This knowledge may provide information relevant to seasonal site use, subsistence strategies and population movements.  It is suggested that site proximity to permanent water sources reflects the use of associated broken topography for bison jumping, or the water needs of human groups and/or bison herds.",NULL,NULL,NULL,NULL,NULL,NULL,NULL,NULL,FALSE
doi:10.6067:XCV8299118_meta$v=1553792497656,"Blackfoot - Bridger Brigade Battle, 1838","c(""Historic"", ""Euroamerican"", ""Historic Native American"", ""Blackfoot Indian"", ""Historic Background Research"")",NULL,NA,TRUE,https://cn.dataone.org/cn/v2/resolve/doi%3A10.6067%3AXCV8299118_meta%24v%3D1553792497656,"The year 1838 was a bad time for the Blackfoot and many other Indian Tribes. Smallpox had ridden a steamboat up the Missouri River the year before and ravaged tribes of the Northern Plains. The Blackfoot were among the hardest hit. Although no one will ever know the true extent of death suffered, certainly half the tribe perished, perhaps three quarters. By early summer of 1838, the worst of the epidemic was over. People were still dying of 
Smallpox but they were also prey to older forms of death: hunger, accidents, and attacks by hostile tribes and white men, especially American trappers.

This article details the battle between Blackfoot Indians and the Bridger Brigade that took place in Montana in 1838.",NULL,NULL,NULL,NULL,NULL,NULL,NULL,NULL,FALSE
doi:10.5065/D6MS3QWX,Bowhead Whale Subsistence Sensitivity Mapping,"c(""Ship"", ""Arctic"", ""Oceanography"")",NULL,NA,TRUE,https://cn.dataone.org/cn/v2/resolve/doi%3A10.5065%2FD6MS3QWX,"This data set contains bowhead whale subsistence data and mapping, gathered from 01 January 2003 through 31 December 2003. These data are part of the Barrow Area Spatial Data Infrastructure effort. The Bowhead Whale Subsistence Sensitivity mapping project includes GIS data on migration routes, seasonal ranges, hunting and search areas, and other areas highly sensitive to seasonal disturbance. The data and associated map are intended to be used as a guide in the planning and execution of research in arctic marine environments. Please see documentation for more information and processing done.",NULL,NULL,NULL,NULL,NULL,NULL,NULL,NULL,FALSE
doi:10.6067:XCV85Q4Z7C_meta$v=1494949160246,Breath of Life: An Outline of the Development of a National Policy for Historical Preservation,"c(""Heritage Management"", ""Historic Preservation"", ""Historic Buildings"", ""Historic Sites Act of 1935"", ""National Historic Preservation Act of 1966"", ""Antiquities Act  of 1906"", ""Memorialization"", ""Monumentation"", ""National Park Development"", ""Preservation of Antiquities"", ""Historical Areas"", ""National Park Service History"", ""Historical American Buildings Survey"", ""Establishing Civil War Parks"")",NULL,NA,TRUE,https://cn.dataone.org/cn/v2/resolve/doi%3A10.6067%3AXCV85Q4Z7C_meta%24v%3D1494949160246,"The purpose of this study is to trace the development of the Federal interest in historical preservation, particularly as it is evidenced in legislation. The study focuses on the firsts in the movement and does not purport to be definitive in any sense of the word. Two major legislative enactments received special emphasis, the Antiquities Act of 1906 and the Historical Sites Act of 1935. Together they form the heart and soul of the Federal policy in the preservation of nationally significant historic sites and buildings.
The study evolved from a desire to illuminate the beginnings and growth of the historical program of the National Park Service. It is not exclusively devoted to this subject, but the original conception has influenced its organization, its points of emphasis, and its content.",NULL,NULL,NULL,NULL,NULL,NULL,NULL,NULL,FALSE
doi:10.5063/F1RB732H,Bromeliads compete with microorganisms for nutrients in their phytotelm,"c(""bromeliads"", ""phytotelm"", ""bacteria"", ""algae"", ""competition"", ""commensalism"")",Bromeliads compete with microorganisms for nutrients in their phytotelm,NA,TRUE,https://cn.dataone.org/cn/v2/resolve/doi%3A10.5063%2FF1RB732H,"Tank bromeliads impound water between their leaves, and have been successfully used as a model system to develop ecological theory. One fundamental interaction remains, however, unexplored in this system: the potential for bromeliad plants to compete with aquatic microorganisms for nutrients in their water-filled tanks. Here we conduct the first experimental test of this interaction by directly blocking bromeliads from accessing phytotelm water and quantifying change in the concentrations of dissolved inorganic nitrogen, phosphate, autotrophic algae and heterotrophic bacteria. To understand any context-dependency of responses, we crossed this manipulation with different combinations of light exposure and allochthonous resource type. We found that bromeliads reduced the concentrations of dissolved inorganic nitrogen, especially when the resource was nutrient-rich. Bromeliads also reduced the concentration of heterotrophic bacteria within their tank regardless of environmental context and algal concentrations particularly under high light, nutrient-rich resource conditions. Our results demonstrate that bromeliads can strongly impact their phytotelm by reducing the concentration of key nutrients, concomitantly reducing densities of algae under optimal growth conditions. This strong competition with algae for nutrients may explain why high abundances of algae within wild tank bromeliads are only found under specific field conditions. Bacteria may have a more commensal relationship with bromeliads, as they tend to increase bromeliad nutrition through decomposition. In conclusion, our study underlines that tank bromeliads do not only provide habitats for other species, but also interact strongly with the aquatic ecosystem that they create.","c(""visit_id"", ""bromeliad_id"", ""ph"", ""temp"", ""larvae"", ""vessel"", ""shading"", ""subsidy_id"", ""capacity_mL"", ""longest_leaf_length_mm"", ""n_leaves"", ""chlorophyll_ugL"", ""po4"", ""no2"", ""nh4"", ""no3"", ""bact"", ""subsidy"", ""subsidy_1"", ""date"")",NULL,NULL,NULL,NULL,NULL,NULL,NULL,FALSE
doi:10.6067:XCV81R6SNZ_meta$v=1502743567021,Bureau of Land Management Museum Collections: Select Status Report,"c(""Mogollon"", ""Collections Research"", ""Heritage Management"", ""Point Hope, Alaska - Tigara"", ""St. Lawrence Island, Alaska - Kukulik"", ""Koyukuk Drainage, Alaska - Lake Creek"", ""Koyukuk Drainage, Alaska - Kayak"", ""Koyukuk Drainage, Alaska - Okak"", ""Norutak Lake, Alaska - Norutak 1"", ""Norutak Lake, Alaska - Norutak 2"", ""Norutak Lake, Alaska - Norutak 3"", ""Norutak Lake, Alaska - Norutak 4"", ""Norutak Lake, Alaska - Norutak 5"", ""Norutak Lake, Alaska - Norutak 6"", ""Norutak Lake, Alaska - Norutak 7"", ""Norutak Lake, Alaska - Norutak 8"", 
""Walker lake, Alaska - Site Number 74W1"", ""Walker lake, Alaska - Site Number 74W2"", ""Walker lake, Alaska - Site Number 74W3"", ""Walker lake, Alaska - Site Number 74W5"", ""Walker lake, Alaska - Site Number 74W6"", ""Walker lake, Alaska - Site Number 74W7"", ""Walker lake, Alaska - Site Number 74W8"", ""Walker lake, Alaska - Site Number 74W9"", ""Walker lake, Alaska - Site Number 74W10"", ""Walker lake, Alaska - Site Number 74W12"", ""Walker lake, Alaska - Site Number 74W13"", ""Walker lake, Alaska - Site Number 74W14"", 
""Walker lake, Alaska - Site Number 74W15"", ""Walker lake, Alaska - Site Number 74W29"", ""Walker lake, Alaska - 40 m north of 74W1"", ""Walker lake, Alaska - 40 m north of 74W1 ridge"", ""Walker lake, Alaska - 15 m west of 74W14"", ""Noatak River, Alaska - 74N2"", ""Nimintuk River, Alaska - 74Ni1"", ""Nimintuk River, Alaska - 74Ni7"", ""Nimintuk River, Alaska - 74Ni8A"", ""Nimintuk River, Alaska - 74Ni8B"", ""Utukok River, Alaska - 74U1"", ""Utukok River, Alaska - 74U2"", ""Utukok River, Alaska - 74U4"", ""Kugururok River, Alaska - 74K4A"", 
""Kugururok River, Alaska - 74K4B"", ""Kugururok River, Alaska - 74K4B-1"", ""Kugururok River, Alaska - 74K4B-2"", ""Kugururok River, Alaska - 74K4C"", ""Kugururok River, Alaska - 74K5"", ""Kugururok River, Alaska - 74K6"", ""Kugururok River, Alaska - 74K8-1"", ""Kugururok River, Alaska - 74K9"", ""Kugururok River, Alaska - 74K10"", ""Kugururok River, Alaska - 74K12"", ""Kugururok River, Alaska - 74K13"", ""Kugururok River, Alaska - 74K14"", ""Kugururok River, Alaska - 74K15A & B"", ""Fort Stanton Mesa, New Mexico, Site Number 75-1"", 
""Fort Stanton Mesa, New Mexico, Site Number 75-2"", ""Fort Stanton Mesa, New Mexico, Site Number 75-4"", ""Fort Stanton Mesa, New Mexico, Site Number 75-5"", ""Fort Stanton Mesa, New Mexico, Site Number 75-6"", ""Fort Stanton Mesa, New Mexico, Site Number 75-7"", ""Fort Stanton Mesa, New Mexico, Site Number 75-8"", ""Fort Stanton Mesa, New Mexico, Site Number 75-10"", ""Fort Stanton Mesa, New Mexico, Site Number 75-12"", ""Fort Stanton Mesa, New Mexico, Site Number 75-13"", ""Fort Stanton Mesa, New Mexico, Site Number 75-14"", 
""Fort Stanton Mesa, New Mexico, Site Number 75-15"", ""Fort Stanton Mesa, New Mexico, Site Number 75-16"", ""Fort Stanton Mesa, New Mexico, Site Number 75-17"", ""Fort Stanton Mesa, New Mexico, Site Number 75-18"", ""Fort Stanton Mesa, New Mexico, Site Number 75-19"", ""Fort Stanton Mesa, New Mexico, Site Number 75-20"", ""Fort Stanton Mesa, New Mexico, Site Number 75-21"", ""Fort Stanton Mesa, New Mexico, Site Number R-9"", ""Fort Stanton Mesa, New Mexico, Site Number R-1"", ""Fort Stanton Mesa, New Mexico, Site Number R-2"", 
""Fort Stanton Mesa, New Mexico, Site Number R-3"", ""Fort Stanton Mesa, New Mexico, Site Number R-4"", ""Fort Stanton Mesa, New Mexico, Site Number R-5"", ""Fort Stanton Mesa, New Mexico, Site Number R-6"", ""Fort Stanton Mesa, New Mexico, Site Number R-7"", ""Fort Stanton Mesa, New Mexico, Site Number R-8"", ""Funerary and Burial Structures or Features"", ""Ceramic"", ""Chipped Stone"", ""Fauna"", ""Ground Stone"", ""Human Remains"", ""Walker Lake"", ""Misheguk Mountain"", ""Howard Pass"", ""Killik River"", ""Chandler Lake"", ""Ikpikpuk River"", 
""Umiat"", ""Forty Mile River"", ""Healy River"")",NULL,NA,TRUE,https://cn.dataone.org/cn/v2/resolve/doi%3A10.6067%3AXCV81R6SNZ_meta%24v%3D1502743567021,"In July 1994, the United States Department of the Interior, Bureau of Land Management (BLM) and the U.S. Army Corps of Engineers, St. Louis District, entered into Interagency Agreement No. 1422P852-A4-0015 for the purpose of identifying and locating collections from BLM-administered lands made under the provisions of the Antiquities Act of 1906 (P.L. 59-206) and the Archaeological Resources Protection Act (P.L. 96-95). This task was undertaken to assist BLM in compliance with provisions of the Native American Graves Protection and Repatriation Act (NAGPRA; P.L. 101-601, 36 CFR Part 79 (Curation of Federally-Owned and Administered Archeological Collections), and Department Manual 411 (Policies and Standards for Managing Museum Collections). 
During Stage One, St. Louis District personnel contacted curation facilities in the eastern United States to identify and locate collections affected by NAGPRA. During Stage Two, NAGPRA inventories were conducted at the American Museum of Natural History (AMNH; New York, New York) and the Haffenreffer Museum of Anthropology (Bristol, Rhode Island). Stage One findings include the locations of the collections, researchers producing the collection, a summary of the collection history, and the individuals contacted at each facility. Stage Two findings include the NAGPRA inventories of skeletal remains and the associated and unassociated funerary objects at the AMNH and the Haffenreffer Museum.",NULL,NULL,NULL,NULL,NULL,NULL,NULL,NULL,NA
doi:10.18739/A2461V,"CALM III update June 5, 2012","c(""EARTH SCIENCE > CRYOSPHERE > FROZEN GROUND > ACTIVE LAYER"", ""IN SITU/LABORATORY INSTRUMENTS > PROBES > SNOW MEASURING ROD"", ""IN SITU/LABORATORY INSTRUMENTS > PROBES > SOIL TEMPERATURE PROBE"", ""IN SITU/LABORATORY INSTRUMENTS > RECORDERS/LOGGERS > TEMPERATURE LOGGERS"", ""IN SITU/LABORATORY INSTRUMENTS > PROBES > SOIL MOISTURE PROBE"", ""IN SITU/LABORATORY INSTRUMENTS > PRESSURE/HEIGHT METERS > SURVEYING TOOLS"", ""IN SITU/LABORATORY INSTRUMENTS > PROBES > PROBES"", ""FIELD SURVEY"", ""TRANSECT"", ""POINT"", 
""GRID"", ""LESS THAN 1 METER"", ""1 METER TO 30 METERS"", ""30 METERS TO 100 METERS"", ""1 KILOMETER"", ""MONTHLY TO ANNUAL"", ""environment"")",NULL,NA,TRUE,https://cn.dataone.org/cn/v2/resolve/doi%3A10.18739%2FA2461V,"This archive contains all Circumpolar Active Layer Monitoring (CALM) data submitted prior to June 5, 2012. The active-layer network of about 200 sites represents the only coordinated and standardized program of observations using standard measurement protocols designed to observe and detect decadal changes in the dynamics of seasonal thawing and freezing in high-latitude soils. The Intellectual Merit of this study lies in the need for long-term time series of active layer depth, ground temperature, and thaw settlement measurements at the same locations and across diverse terrain types and regions in order to identify scales of spatial variation, establish trends, and validate models.",NULL,NULL,NULL,NULL,NULL,NULL,NULL,NULL,FALSE
doi:10.18739/A2MC8RJ1B,CAMS global biomass burning emissions based on fire radiative power (GFAS),Arctic Report Card 2024,CAMS global biomass burning emissions based on fire radiative power (GFAS),NA,TRUE,https://cn.dataone.org/cn/v2/resolve/doi%3A10.18739%2FA2MC8RJ1B,"Emissions of atmospheric pollutants from biomass burning and vegetation fires are key drivers of the evolution of atmospheric composition, with a high degree of spatial and temporal variability, and an accurate representation of them in models is essential.  The CAMS Global Fire Assimilation System (GFAS) utilises satellite observations of fire radiative power (FRP) to provide near-real-time information on the location, relative intensity and estimated emissions from biomass burning and vegetation fires. Emissions are estimated by (i) conversion of FRP observations to the dry matter (DM) consumed by the fire, and (ii) application of emission factors to DM for different biomes, based on field and laboratory studies in the scientific literature, to estimate the emissions. Emissions estimates for 40 pyrogenic species are available from GFAS, including aerosols, reactive gases and greenhouse gases, on a regular grid with a spatial resolution of 0.1 degrees longitude by 0.1 degrees latitude.",NULL,NULL,NULL,NULL,NULL,NULL,NULL,NULL,FALSE
doi:10.18739/A2416SZ8Z,"CESM (Community Earth System Model) (WACCM4 (Whole Atmosphere Community Climate Mode)) RCP4.5 (Representative Concentration Pathway) and world-avoided processed climate variables, 2018-2019","c(""global climate model"", ""climate feedbacks"", ""world avoided"", ""stratospheric ozone depletion"", ""radiative forcing"")",The Impact of the Stratosphere on Arctic Climate,NA,TRUE,https://cn.dataone.org/cn/v2/resolve/doi%3A10.18739%2FA2416SZ8Z,"The files included in this dataset are processed global climate model (GCM) output used to create the figures in the study by John Virgin and Karen Smith, entitled ""Is Arctic Amplification dominated by regional radiative forcing and feedbacks: Perspectives from the World-Avoided scenario"", submitted to Geophysical Research Letters.  The processed GCM files are contained in ""Perspectives_From_WAVD_Pickled.zip"" and the python scripts used to generate the figures are contained in ""Plotting Scripts.zip"".  The details of how these data were created are outlined in the Methods section.",NULL,NULL,NULL,NULL,NULL,NULL,NULL,NULL,FALSE
doi:10.18739/A2M90252W,"CRUTEM4 (Climatic Research Unit Temperature) Global Land Air Temperature, 1850-2020",Surface Air Temperature,"CRUTEM4 (Climatic Research Unit Temperature) Global Land Air Temperature, 1850-2020",NA,TRUE,https://cn.dataone.org/cn/v2/resolve/doi%3A10.18739%2FA2M90252W,"These datasets have been developed by the Climatic Research Unit (University of East Anglia) in conjunction with the Hadley Centre (UK Met Office), apart from the sea surface temperature (SST) dataset which was developed solely by the Hadley Centre. These datasets will be updated at roughly monthly intervals into the future. Hemispheric and global averages as monthly and annual values are available as separate files.  The gridded data are based on an archive of monthly mean temperatures provided by more than 5500 weather stations distributed around the world. Each station temperature is converted to an anomaly from the 1961-90 average temperature for that station, and each grid-box value is the mean of all the station anomalies within that grid box. As well as the mean anomaly, estimates are made of the uncertainties arising from thermometer accuracy, homogenisation, sampling grid boxes with a finite number of measurements available, large-scale biases such as urbanisation and estimation of regional averages with non-complete global measurement coverage.",NULL,NULL,NULL,NULL,NULL,NULL,NULL,NULL,FALSE
doi:10.18739/A2PV6B89B,CRUTEM5 SAT Data,Arctic Report Card 2021,CRUTEM5 SAT Data,NA,TRUE,https://cn.dataone.org/cn/v2/resolve/doi%3A10.18739%2FA2PV6B89B,"CRUTEM is a gridded dataset of observed near-surface air temperature anomalies over land. It is a collaborative product of the Climatic Research Unit at the University of East Anglia, the Met Office Hadley Centre and the National Centre for Atmospheric Science. CRUTEM5 is the fifth major version of the dataset, covering the time period from 1850, with a spatial resolution of 5° latitude by 5° longitude and a monthly-mean time resolution. Hemispheric and global mean time series of land air temperature anomalies are also provided.  The CRUTEM5 grids and derived time series currently include data for the years 1850 to present. The current version of CRUTEM5 is CRUTEM.5.1.0.0, available from the download page.",NULL,NULL,NULL,NULL,NULL,NULL,NULL,NULL,FALSE
doi:10.18739/A24F1MM0S,Canadian National Fire Database,Arctic Report Card 2024,Canadian National Fire Database,NA,TRUE,https://cn.dataone.org/cn/v2/resolve/doi%3A10.18739%2FA24F1MM0S,"The Canadian National Fire Database (CNFDB) is a collection of forest fire data from various sources; these data include fire locations (point data) and fire perimeters (polygon data) as provided by Canadian fire management agencies (provinces, territories, and Parks Canada). Fires of all sizes are included in the database, but only those greater than 200 hectares in final size are shown in the map above — these represent a small percentage of all fires but account for most of the area burned (usually more than 97%).",NULL,NULL,NULL,NULL,NULL,NULL,NULL,NULL,FALSE
doi:10.5065/D6QV3JNB,Canadian Rivers Data Set,"c(""Hydrology"", ""Arctic"")",NULL,NA,TRUE,https://cn.dataone.org/cn/v2/resolve/doi%3A10.5065%2FD6QV3JNB,"This data set contains daily river discharge rates for 20 rivers, and depth for one river, in Arctic Canada between 1943 and 1989. The data were obtained from Environment Canada, Water Resources Branch.",NULL,NULL,NULL,NULL,NULL,NULL,NULL,NULL,FALSE
doi:10.6067:XCV8J38QSS_meta$v=1291095527384,Ceramic Dating and Type Associations,"Methodology, Theory, or Synthesis",NULL,NA,TRUE,https://cn.dataone.org/cn/v2/resolve/doi%3A10.6067%3AXCV8J38QSS_meta%24v%3D1291095527384,This chapter examines a number of issues associated with dating archaeological sites based on the joint occurrence of artifact types. The approach presented permits a quantitative evaluation of the degree of association (or disassociation) of types based on their frequency of co-occurrence in empirical assemblages. Use of this method can aid in the evaluation of ceramic complex or ceramic group models that are so often used in the ceramic dating of sites. Judicious use of the proposed analyses can also help uncover defects in type dating schemes and can help in identifying regional variation in type associations.,NULL,NULL,NULL,NULL,NULL,NULL,NULL,NULL,NA
doi:10.18739/A23605,Circumpolar Active Layer Monitoring Network Data up to December 2010,"c(""EARTH SCIENCE > CRYOSPHERE > FROZEN GROUND > ACTIVE LAYER"", ""IN SITU/LABORATORY INSTRUMENTS > PROBES > TEMPERATURE PROBES"", ""IN SITU/LABORATORY INSTRUMENTS > PROBES > SNOW MEASURING ROD"", ""IN SITU/LABORATORY INSTRUMENTS > PROBES > SOIL TEMPERATURE PROBE"", ""IN SITU/LABORATORY INSTRUMENTS > PROBES > SOIL DEPTH PROBE"", ""IN SITU/LABORATORY INSTRUMENTS > RECORDERS/LOGGERS > TEMPERATURE LOGGERS"", ""IN SITU/LABORATORY INSTRUMENTS > TEMPERATURE/HUMIDITY SENSORS > THERMISTORS > THERMISTORS"", ""IN SITU/LABORATORY INSTRUMENTS > PROBES > SOIL MOISTURE PROBE"", 
""IN SITU/LABORATORY INSTRUMENTS > PROBES > PROBES"", ""IN SITU/LABORATORY INSTRUMENTS > TEMPERATURE/HUMIDITY SENSORS > TEMPERATURE SENSORS"", ""FIELD SURVEY"", ""TRANSECT"", ""POINT"", ""GRID"", ""MULTIPLE"", ""GRIDS AND VECTORS"", ""1 METER TO 30 METERS"", ""30 METERS TO 100 METERS"", ""100 METERS TO 250 METERS"", ""250 METERS TO 500 METERS"", ""500 METERS TO 1 KILOMETER"", ""1 KILOMETER"", ""MONTHLY TO ANNUAL"", ""environment"")",NULL,NA,TRUE,https://cn.dataone.org/cn/v2/resolve/doi%3A10.18739%2FA23605,"This archive contains all Circumpolar Active Layer Monitoring (CALM) data. The active-layer network of 168 sites represents the only coordinated and standardized program of observations using standard measurement protocols designed to observe and detect decadal changes in the dynamics of seasonal thawing and freezing in high-latitude soils. The Intellectual Merit of this study lies in the need for long-term time series of active layer depth, ground temperature, and thaw settlement measurements at the same locations and across diverse terrain types and regions in order to identify scales of spatial variation, establish trends, and validate models.",NULL,NULL,NULL,NULL,NULL,NULL,NULL,NULL,FALSE
doi:10.18739/A2DR2P88Z,"Climate Data Record of Advanced Very High Resolution Radiometer (AVHRR) Polar Pathfinder (APP), 1982-Present",NULL,AVHRR Polar Pathfinder (APP),NA,TRUE,https://cn.dataone.org/cn/v2/resolve/doi%3A10.18739%2FA2DR2P88Z,"The AVHRR Polar Pathfinder (APP) product is a fundamental Climate Data Record (CDR) comprised of calibrated and navigated AVHRR channel data (reflectances and brightness temperatures), viewing and illumination geometry (sensor scan angle, solar zenith angle, and sun-sensor relative azimuth angle), Universal Coordinated Time (UTC) of the data acquisition, and a surface type mask. The data are twice daily composites of up to 23 orbits on a 5 km Equal-Area Scalable Earth (EASE)-Grid twice daily over both poles, the Arctic and Antarctic, from 1982 to the present. The daily APP composites are centered on local solar times of 14:00 (high sun, but could be nighttime for some polar areas in winter) and 04:00 for the Arctic or 02:00 for the Antarctic. The APP covers the north polar region (Arctic) from 48.4 degrees northward, and the south polar region (Antarctic) from -53.2 degrees southward.","c(""float longitude"", ""float latitude"", ""double time"", ""short fcdr_reflectance_ch1"", ""short fcdr_reflectance_ch2"", ""short fcdr_brightness_temperature_ch3"", ""short fcdr_brightness_temperature_ch4"", ""short fcdr_brightness_temperature_ch5"", ""short ssa"", ""short sza"", ""short raa"", ""short gmt"", ""short sfctype"")",NULL,NULL,NULL,NULL,NULL,NULL,NULL,FALSE
doi:10.18739/A29K45T24,"Clumped theoretical calculations from Hill et al., 2014","c(""EARTH SCIENCE > SOLID EARTH > GEOCHEMISTRY > GEOCHEMICAL PROPERTIES > ISOTOPE MEASUREMENTS"", ""OTHER"", ""environment"")",NULL,NA,TRUE,https://cn.dataone.org/cn/v2/resolve/doi%3A10.18739%2FA29K45T24,"Electronic appendices containing theoretical predictions of equilibrium clumped isotope fractionations from Hill et al., 2014, Theoretical constraints on the effects of pH, salinity, and temperature on clumped isotope signatures of dissolved inorganic carbon species and precipitating carbonate minerals, Geochimica et Cosmochimica Acta, 125, 610.",NULL,NULL,NULL,NULL,NULL,NULL,NULL,NULL,FALSE
doi:10.5063/F1MP51R3,"Code and data for ""A Systematic Map of Methods for Assessing Societal Benefits of Earth Science Information""","c(""Earth observation"", ""Satellite"", ""Remote sensing"", ""Value of information"", ""Societal benefit"")","Code and data for ""A Systematic Map of Methods for Assessing Societal Benefits of Earth Science Information""",NA,TRUE,https://cn.dataone.org/cn/v2/resolve/doi%3A10.5063%2FF1MP51R3,"Dataset includes code for cleaning and analyzing citations from Web of Science, Scopus, and the USGS Societal Benefits Library.  Results of screening at various stages are included. Files include a .zip file of the Github repository at the time of submission, as well as individual files of screening results (title/abstract screening results from Colandr, and full text screening results including coding notes). Manuscript abstract: Remotely sensed Earth science information (ESI) has become increasingly central to addressing global challenges, yet its societal value, i.e., the difference ESI makes in real-world decisions and outcomes, is rarely quantified. In this study, we systematically map peer-reviewed literature that explicitly assesses the societal value of ESI across instrumental, intrinsic, and relational value types, and the diversity of approaches used to assess those values. Drawing from 13,823 publications across Scopus, Web of Science, and a curated library of ESI valuation studies, we identify 171 studies that applied ESI in a decision context and used a valuation method to compare outcomes with and without ESI. The majority of these studies employed decision analysis methods (e.g., Value of Information, Cost-Benefit Analysis), focusing primarily on quantitative instrumental values (e.g., profit, crop yield, lives saved), particularly in agricultural contexts. A smaller set of studies applied preference elicitation methods (e.g., stated preference, surveys, interviews, focus groups) to capture qualitative benefits and relational values including quality of life improvements, empowerment, and procedural justice. Many excluded studies demonstrated scientific value of ESI but did not explicitly translate that into societal value, revealing the need for a more systematic approach to ESI valuation. By promoting a more inclusive, interdisciplinary, and flexible portfolio of valuation methods, we aim to expand our understanding of the societal benefits of ESI to help guide investment in future missions, enhance public support, and ensure that science and policy goals are well aligned.","c(""title"", ""year"", ""doi"", ""tags"", ""phase"", ""screening_status"", ""title"", ""author"", ""year"", ""key"", ""phase"", ""coding_notes"", ""method 1/method 2"", ""GEOSS soc ben 1/2"", ""NASA app sci 1/2"", ""reference point notes"", ""study objective"", ""study location"", ""location description"", ""study decision context"", ""EO data"", ""value type arias arevalo"", ""value type himes"", ""societal benefit description"", ""sample description"", ""_data"", ""0_setup_and_prescreen"", ""1_build_training_set"", ""2_adaptive_classifier"", ""3_analysis"", 
""int"", ""prisma_roses_reporting"", ""references"", ""x_sentence_transformer_similarity_ranking"")",NULL,NULL,NULL,NULL,NULL,NULL,NULL,FALSE
doi:10.5063/F1FX77VJ,"Code and data for: A trait-based framework for assessing the vulnerability of marine species to human impacts (Butt et al., 2021)","c(""marine"", ""vulnerability"", ""cumulative impact"", ""biodiversity"")",NULL,NA,TRUE,https://cn.dataone.org/cn/v2/resolve/doi%3A10.5063%2FF1FX77VJ,"This dataset contains a zipped GitHub repository containing all code and data used to generate the results for: ""A trait-based framework for assessing the vulnerability of marine species to human impacts"" by Butt, Nathalie; Halpern, Benjamin; O'Hara, Casey; Allcock, Louise; Polidoro, Beth; Sherman, Samantha; Byrne, Maria; Birkeland, Charles; Dwyer, Ross; Frazier, Melanie; Woodworth, Brad; Arango, Claudia; Kingsford, Michael; Udwayer, Vinay; Hutchings, Pat; Scanes, Elliot; McLaren, Emily Jane; Maxwell, Sara; Diaz-Pulido, Guillermo; Dugan, Emma; Simmons, Blake; Wenger, Amelia; Klein, Carissa Ecosphere, 2021. Abstract from manuscript: Marine species and ecosystems are widely affected by anthropogenic stressors, ranging from pollution and fishing to climate change. Comprehensive assessments of how species and ecosystems are impacted by anthropogenic stressors are critical for guiding conservation and management investments. Previous global risk or vulnerability assessments have focused on marine habitats, or on limited taxa or specific regions. However, information about the susceptibility of marine species across a range of taxa to different stressors everywhere is required to predict how marine biodiversity will respond to human pressures. We present a novel framework that uses life-history traits to assess species’ vulnerability to a stressor, which we compare across more than 44,000 species from 12 taxonomic groups (classes). Using expert elicitation and literature review, we assessed every combination of each of 42 traits and 22 anthropogenic stressors to calculate each species’ or representative species group’s sensitivity and adaptive capacity to stressors, and then used these assessments to derive their overall relative vulnerability. The stressors with the greatest potential impact were related to biomass removal (e.g., fisheries), pollution, and climate change. The taxa with the highest vulnerabilities across the range of stressors were molluscs, corals, and echinoderms, while elasmobranchs had the highest vulnerability to fishing-related stressors. Traits likely to confer vulnerability to climate change stressors were related to the presence of calcium carbonate structures, and whether a species exists across the interface of marine, terrestrial, and atmospheric realms. Traits likely to confer vulnerability to pollution stressors were related to planktonic state, organism size and respiration. Such a replicable, broadly applicable method is useful for informing ocean conservation and management decisions at a range of scales, and the framework is amenable to further testing and improvement. Our framework for assessing the vulnerability of marine species is the first critical step towards generating cumulative human impact maps based on comprehensive assessments of species, rather than habitats. Organization of repository Main scripts The .Rmd scripts in the root directory should be run in numeric order. Briefly: 0_clean_species_trait_sheets.Rmd standardizes idiosyncracies among the various sheets within the species trait workbook, such as typos, differences in spelling or punctuation, or non-standardized entries. 1_process_spp_trait_data.Rmd compares traits in species-trait workbook to acceptable values on stressor-trait spreadsheet. Saves a file of species matched with valid trait values: _data/spp_traits_valid.csv 2_calculate_spp_gp_vuln.Rmd combines species traits with stressor trait scores to calculate sensitivity, general adaptive capacity, specific adaptive capacity, and exposure potential modifier for each species group for which we have been given traits data. Note that for species groups for which multiple possible trait values were given, a Monte Carlo approach was used to calculate a distribution of possible vulnerability scores for each stressor, and the mean and standard deviation were recorded. 3_expand_taxa.Rmd queries the WoRMS database using the taxize package to complete taxonomic tree information for each species or taxon for which traits were provided. This information is used to assign higher-level taxonomic ranks to the species level in script 4, and to perform the ""upstream-downstream"" gapfill in script 5. 4_downstream_taxa_vuln.Rmd applies vulnerabilities calculated at the genus/family/higher rank downward to all species included in that group. The assumption here is that if a taxonomic expert provided information at the family level (e.g.), then vulnerability calculated based on those values should apply to all species within that family, and not counted as ""gapfilling"" but rather as direct matches. Note that for each species, the lowest rank of data was used to fill the downstream values; if given at species level, then that was retained; if given at both genus and family, then genus values would be used; etc. 5_upstream_downstream_gapfill_vuln.Rmd gapfills missing species values by assigning an aggregated mean/sd value based on related species. For unmatched species in a genus, scores for all direct-matched species in that genus are aggregated (""upstream"") to calculate a genus mean/sd, and that is used to fill the unmatched species (""downstream""). If after the genus-level fill, there remain unmatched species in a family, then all direct-matched species in that family are aggregated upstream as for genus, and those are used to fill unmatched species downstream. 6_plot_spp_vuln.Rmd summarizes the resulting data in a variety of data visualizations to be used in the manuscript and supplement. Additional scripts perform various checks, cross validation, etc. Folder structure • _raw_data includes all the data novel to this project, including expert-provided traits for a range of taxa, and sensitivity/adaptive capacity scores for traits across a range of stressors. • _data includes data processed from the _raw_data for use in analysis. • _output includes final products at various stages: • spp_gp_vuln_w_distribution.csv includes, for each species group and stressor, the intermediate values for sensitivity, adaptive capacity, etc used to reach the final vulnerability score. This is provided only for species groups at the level provided by taxonomic experts, i.e., scores at genus/family/etc level are not yet downfilled to the species level. • vuln_gapfilled_score.csv provides a mean vulnerability score for each stressor for each species included in the assessment (after downward matching and upstream/downstream gapfilling). Use the vuln_gf_id to join this table to the sd and tx tables. • vuln_gapfilled_sd.csv provides a standard deviation of vulnerability score for each stressor for each species included in the assessment. • vuln_gapfilled_tx.csv provides taxonomic information for each species included in the assessment, including the level at which it was originally matched (for direct matches including downward matching) or gapfilled (for species scored via upstream-downstream gapfilling). • ms_figs includes figures generated by script 6 for consideration in the manuscript and SI. • figs includes auto-generated figures for other scripts; these are for data exploration purposes, not for inclusion in manuscript. • int includes intermediate files saved during computationally intensive scripts to avoid re-processing and to save time. These files may be used in multiple scripts. • tmp is similar to int but includes very raw temporary files that are only used in a single script.",NA,Animalia,NULL,NULL,NULL,NULL,NULL,NULL,FALSE
doi:10.5063/F1ZP44BP,"Coho salmon brood tables, northeast Pacific, 1967-2015",NULL,State of Alaska’s Salmon and People,NA,TRUE,https://cn.dataone.org/cn/v2/resolve/doi%3A10.5063%2FF1ZP44BP,"Brood tables, also called run reconstructions, utilize annual estimates of the total run (commercial catch plus escapement), and samples of ages, to estimate the number of recruits per age class. These data are useful for salmon biologists to understand salmon productivity and salmon life histories. These data can come in a number of different formats, but generally follow the pattern of: rows for each brood year, and columns for the estimated number of fish in each age class. This dataset consists of reformatted coho salmon brood tables that have been compiled together. These datasets were gathered as part of the State of Alaska Salmon and People project (https://alaskasalmonandpeople.org/). The file ""CohoBroodTables_FW_SW_Age.csv"" includes stocks where age classes are in freshwater/saltwater notation (number of winters in freshwater, followed by number of winters in saltwater). The file ""CohoBroodTables_TotalAge.csv"" includes stocks where age classes are presented as total age (number of winters in freshwater + number of winters at sea + 1). Stocks that have data in freshwater/saltwater age had their total age calculated and were then added to the total age table. The file cohoBroodTableProcessing.Rmd details the data reformatting steps in R Markdown, and cohoBroodTableProcessing.html is the html output of the Rmd file. The file StockInfo_Coho.csv lists the chinook stocks that are included in this package, and SourceInfo_Coho.csv lists the data sources for each Source.ID in the data files.","c(""Stock.ID"", ""Species"", ""Stock"", ""Region"", ""UseFlag"", ""BroodYear"", ""TotalEscapement"", ""R2"", ""R3"", ""R4"", ""R5"", ""R6"", ""R7"", ""TotalRecruits"", ""R1.0"", ""R1.1"", ""R1.2"", ""R2.0"", ""R2.1"", ""R2.2"", ""R3.0"", ""R3.1"", ""R3.2"", ""R4.1"", ""Ocean.Region"", ""Sub.Region"", ""Jurisdiction"", ""Lat"", ""Lon"", ""Source.ID"", ""Source"", ""Title"", ""URL"")",NULL,NULL,NULL,NULL,NULL,Oncorhynchus,Oncorhynchus kisutch,FALSE
doi:10.6067:XCV8GM88MC_meta$v=1494949281339,Commemorating Antiquities Act of 1906,"c(""Heritage Management"", ""George Washington Birthplace National Monument"", ""Colonial National Monument"", ""Morristown National Historic Park"", ""Yellowstone National Park"", ""Devils Tower, Wyoming"", ""El Morro, New Mexico"", ""Montezuma Castle, Arizona"", ""Chaco Canyon, New Mexico"", ""Lassen Peak, California"", ""Cinder Cone, California"", ""Gila Cliff Dwellings, New Mexico"", ""Tonto, Arizona"", ""Muir Woods, California"", ""Grand Canyon, Arizona"", ""Pinnacles, California"", ""Jewel Cave, South Dakota"", ""Natural Bridges, Utah"", 
""Lewis and Clark, Montana"", ""Tumacacori, Arizona"", ""Wheeler, Colorado"", ""Mount Olympus, Washington"", ""Navajo, Arizona"", ""Oregon Caves, Oregon"", ""Mukuntuweap, Utah"", ""Shoshone, Wyoming"", ""Gran Quivira, New Mexico"", ""Sitka, Alaska"", ""Rainbow Bridge, Utah"", ""Big Hole, Montana"", ""Colorado, Colorado"", ""Devils Postpile, California"", ""Papago Saguaro, Arizona"", ""Cabrillo, California"", ""Dinosaur, Utah-Colorado"", ""Walnut Canyon, Arizona"", ""Bandelier, New Mexico"", ""Sieur de Monts, Maine"", ""Capulin Mountain, New Mexico"", 
""Old Kasaan, Alaska"", ""Verendrye, North Dakota"", ""Casa Grande, Arizona"", ""Katmai, Alaska"", ""Scotts Bluff, Nebraska"", ""Yucca House, Colorado"", ""Fossil Cycad, South Dakota"", ""Aztec Ruins, New Mexico"", ""Hovenweep, Utah-Colorado"", ""Mound City, Ohio"", ""Pipe Spring, Arizona"", ""Bryce, Utah"", ""Lehman Caves, Nevada"", ""Timpanogos Cave, Nevada"", ""Carlsbad, New Mexico"", ""Chiricahua, Arizona"", ""Craters of the Moon, Idaho"", ""Castillo de San Marcos, Florida"", ""Fort Matanzas, Florida"", ""Fort Pulaski, Georgia"", ""Statue of Liberty, New York"", 
""Castle Pickney, South Carolina"", ""Wupatki, Arizona"", ""Meriwether Lewis, Tennessee"", ""Glacier Bay, Alaska"", ""Father Millet Cross, New York"", ""Lava Beds, California"", ""Arches, Utah"", ""Holy Cross, Colorado"", ""Sunset Crater, Arizona"", ""Great Sand Dunes, Colorado"", ""White Sands, New Mexico"", ""Death Valley, California-Nevada"", ""Saguaro, Arizona"", ""Black Canyon, Colorado"", ""Marble Canyon, Arizona"", ""Big Cypress, Florida"", ""Big Thicket, Texas"", ""Aniakchak, Alaska"", ""Bering Land Bridge, Alaska"", ""Cape Krusenstern, Alaska"", 
""Denali, Alaska"", ""Gates of the Arctic, Alaska"", ""Kenai Fjords, Alaska"", ""Kobuk Valley, Alaska"", ""Lake Clark, Alaska"", ""Noatak, Alaska"", ""Wrangell-St. Elias, Alaska"", ""Yukon-Charley, Alaska"", ""National Park Service"", ""National Register of Historic Places"", ""HABS"", ""CCC Camps"", ""National Trust for Historic Preservation"", ""Antiquities Act of 1906"", ""Civilian Conservation Corps"", ""National Parks"", ""Historic Sites Act of 1935"", ""National Historic Preservation Act of 1966"", ""Forest Reserve Act of 1891"", 
""National Monuments"", ""Departments of Agriculture and War"", ""Stephen T. Mather"", ""Horace M. Albright"", ""Origins of National Park Service Administration of Historic Sites"", ""Eastern National Park and Monument Association"", ""Camp Hoover"", ""Shennandoah National Park"", ""President Theodore Roosevelt"", ""Harold L. Ickes"", ""National Capital Parks"", ""L'Enfant Plan of 1791"", ""Charles Peterson"", ""Historic American Building Survey"", ""American institute of Architects"", ""Library of Congress"", ""President William H. Taft"", 
""President Woodrow Wilson"", ""President Warren G. Harding"", ""President Calvin Coolidge"", ""President Herbert C. Hoover"", ""President Lyndon B. Johnson"", ""President Richard M. Nixon"", ""President Gerald R. Ford"", ""President James Earl Carter"")",NULL,NA,TRUE,https://cn.dataone.org/cn/v2/resolve/doi%3A10.6067%3AXCV8GM88MC_meta%24v%3D1494949281339,"This booklet, printed at no expense to the Federal Government, has been prepared on the occasion of the Founders Day Dinner, August 25, 1982, marking 66 years of the work and achievements of the National Park Service – a unique conservation agency of the Federal Government. The Founders Day program is sponsored by the 1916 Society of the Employees and Alumni Association of the National Park Service, melding the retired and active members of the National Park Service Family, and rededicating us all to the high purpose of preserving the Nation’s natural, scientific, historical, and cultural heritage.

Included in this booklet is “The Role of the National Park Service in the Historic Preservation Movement,” written by T. Sutton Jett who served as a National Park Service historian, afterwards becoming Regional Director of National Capital Region in Washington, D.C. and President of the White House Historical Association. Following Jett’s remarks is a list of the 101 national monuments created by Presidential Proclamation under the jurisdiction of the National Park Service, as of the date of this publication (1982).",NULL,NULL,NULL,NULL,NULL,NULL,NULL,NULL,FALSE
doi:10.5063/F12J694C,"Commercial Fisheries Entry Commission Basic Information Table, 1975-2016","c(""commercial fishing"", ""economic"", ""featured"", ""sociocultural"")",State of Alaska’s Salmon and People,NA,TRUE,https://cn.dataone.org/cn/v2/resolve/doi%3A10.5063%2FF12J694C,"The Commercial Fisheries Entry Commission (CFEC) is an independent, autonomous agency of the State of Alaska which regulates entry into Alaska's commercial fisheries. The CFEC is committed to promoting conservation and sustained-yield management of Alaska's unique fishery resources and boosting economic stability among fishermen and their dependents. The CFEC is responsible for leasing all commercial fishing permits including permits for limited-entry fisheries. Limited-entry fisheries include all state salmon fisheries, most herring fisheries, and various other fisheries. The number of permits, total pounds landed, total estimated gross earnings, and average estimated gross earnings per permit are provided for each permit fishery by year, from 1975-2016. Information is subtotaled by resident type. Estimated permit values at year-end are shown for limited fisheries with a sufficient number of permit sales. The data included in this package has been modified slightly from what was provided by CFEC: currency columns were reformatted as numeric, and an empty column was removed.","c(""Fishery"", ""Fishery.Description"", ""Year"", ""Resident.Permanent.Permits.Renewed"", ""Nonresident.Permanent.Permits.Renewed"", ""Total.Permanent.Permits.Renewed"", ""Resident.Interim.Permits.Issued"", ""Nonresident.Interim.Permits.Issued"", ""Total.Interim.Permits.Issued"", ""Resident.Permits.Issued.Renewed"", ""Nonresident.Permits.Issued.Renewed"", ""Total.Permits.Issued.Renewed"", ""Resident.Total.Permits.Fished"", ""Nonresident.Total.Permits.Fished"", ""Total.Permits.Fished"", ""Resident.Total.Pounds"", ""Nonresident.Total.Pounds"", 
""Total.Pounds"", ""Resident.Average.Pounds"", ""Nonresident.Average.Pounds"", ""Average.Pounds"", ""Resident.Total.Earnings"", ""Nonresident.Total.Earnings"", ""Total.Earnings"", ""Resident.Average.Earnings"", ""Nonresident.Average.Earnings"", ""Average.Earnings"", ""Average.Permit.Price"")",NULL,NULL,NULL,NULL,NULL,NULL,NULL,FALSE
doi:10.5063/F1HX19Z2,"Commercial Fisheries Entry Commission Basic Information Table, 1975-2016","c(""commercial fishing"", ""economic"", ""featured"", ""sociocultural"")",State of Alaska's Salmon and People,NA,TRUE,https://cn.dataone.org/cn/v2/resolve/doi%3A10.5063%2FF1HX19Z2,"The Commercial Fisheries Entry Commission (CFEC) is an independent, autonomous agency of the State of Alaska which regulates entry into Alaska's commercial fisheries. The CFEC is committed to promoting conservation and sustained-yield management of Alaska's unique fishery resources and boosting economic stability among fishermen and their dependents. The CFEC is responsible for leasing all commercial fishing permits including permits for limited-entry fisheries. Limited-entry fisheries include all state salmon fisheries, most herring fisheries, and various other fisheries. The number of permits, total pounds landed, total estimated gross earnings, and average estimated gross earnings per permit are provided for each permit fishery by year, from 1975-2016. Information is subtotaled by resident type. Estimated permit values at year-end are shown for limited fisheries with a sufficient number of permit sales. The data included in this package has been modified slightly from what was provided by CFEC: currency columns were reformatted as numeric, and an empty column was removed.","c(""Fishery"", ""Fishery.Description"", ""Year"", ""Resident.Permanent.Permits.Renewed"", ""Nonresident.Permanent.Permits.Renewed"", ""Total.Permanent.Permits.Renewed"", ""Resident.Interim.Permits.Issued"", ""Nonresident.Interim.Permits.Issued"", ""Total.Interim.Permits.Issued"", ""Resident.Permits.Issued.Renewed"", ""Nonresident.Permits.Issued.Renewed"", ""Total.Permits.Issued.Renewed"", ""Resident.Total.Permits.Fished"", ""Nonresident.Total.Permits.Fished"", ""Total.Permits.Fished"", ""Resident.Total.Pounds"", ""Nonresident.Total.Pounds"", 
""Total.Pounds"", ""Resident.Average.Pounds"", ""Nonresident.Average.Pounds"", ""Average.Pounds"", ""Resident.Total.Earnings"", ""Nonresident.Total.Earnings"", ""Total.Earnings"", ""Resident.Average.Earnings"", ""Nonresident.Average.Earnings"", ""Average.Earnings"", ""Average.Permit.Price"")",NULL,NULL,NULL,NULL,NULL,NULL,NULL,FALSE
doi:10.18739/A2T43J38Z,"Community Level Interaction Program (CLIP) 1-Control 2 Community data, Latnjajaure site, Sweden, 1995-2000","c(""Arctic"", ""Surface"")",NULL,NA,TRUE,https://cn.dataone.org/cn/v2/resolve/doi%3A10.18739%2FA2T43J38Z,"This dataset contains CLIP 1-Control 2 Community data from the Latnjajaure site, Sweden in 1995, 1996, 1997, 1999 &amp;amp; 2000. The Community Level Interaction Program (CLIP) data comprises a mesic meadow. For more information, please see the readme file.",NULL,NULL,NULL,NULL,NULL,NULL,NULL,NULL,FALSE
doi:10.18739/A2B56D55W,"Community Level Interaction Program (CLIP) 2 Excel Data, Latnjajaure site, Sweden, 1995-2000","c(""Arctic"", ""Surface"")",NULL,NA,TRUE,https://cn.dataone.org/cn/v2/resolve/doi%3A10.18739%2FA2B56D55W,"This dataset contains CLIP 2 Excel Community data from the Latnjajaure site, Sweden in 1995, 1996, 1997, 1999 &amp;amp; 2000. The Community Level Interaction Program (CLIP) data comprises a block in a mesic meadow. This dataset is in excel format and contains all the data for CLIP 2. For more information, please see the readme file.",NULL,NULL,NULL,NULL,NULL,NULL,NULL,NULL,FALSE
doi:10.18739/A2PC2T959,"Community Level Interaction Program (CLIP) 2-Control 2 Community data, Latnjajaure site, Sweden, 1995-2000","c(""Arctic"", ""Surface"")",NULL,NA,TRUE,https://cn.dataone.org/cn/v2/resolve/doi%3A10.18739%2FA2PC2T959,"This dataset contains CLIP 2-Control 2 Community data from the Latnjajaure site, Sweden in 1995, 1996, 1997, 1999 &amp;amp; 2000. The Community Level Interaction Program (CLIP) data comprises a mesic meadow. For more information, please see the readme file.",NULL,NULL,NULL,NULL,NULL,NULL,NULL,NULL,FALSE
doi:10.18739/A22B8VC8D,"Community Level Interaction Program (CLIP) 2-Temperature 1 Community data, Latnjajaure site, Sweden, 1995-2000","c(""Arctic"", ""Surface"")",NULL,NA,TRUE,https://cn.dataone.org/cn/v2/resolve/doi%3A10.18739%2FA22B8VC8D,"This dataset contains CLIP 2-Temperature 1 Community data from the Latnjajaure site, Sweden in 1995, 1996, 1997, 1999, and 2000. The Community Level Interaction Program (CLIP) data comprises a block in a mesic meadow. For more information, please see the readme file.",NULL,NULL,NULL,NULL,NULL,NULL,NULL,NULL,FALSE
doi:10.18739/A2XK84R3D,"Community Level Interaction Program (CLIP) 3-Temperature 2 Community data, Latnjajaure site, Sweden, 1995-2000","c(""Arctic"", ""Surface"")",NULL,NA,TRUE,https://cn.dataone.org/cn/v2/resolve/doi%3A10.18739%2FA2XK84R3D,"This dataset contains CLIP 3-Temperature 2 Community data from the Latnjajaure site, Sweden in 1995, 1996, 1997, 1999, and 2000. The Community Level Interaction Program (CLIP) data comprises a block of poor, dry heath. For more information, please see the readme file.",NULL,NULL,NULL,NULL,NULL,NULL,NULL,NULL,FALSE
doi:10.18739/A2ZK55N3N,"Community Level Interaction Program (CLIP) 4-Control 3 Community data, Latnjajaure site, Sweden, 1995-2000","c(""Arctic"", ""Surface"")",NULL,NA,TRUE,https://cn.dataone.org/cn/v2/resolve/doi%3A10.18739%2FA2ZK55N3N,"This dataset contains CLIP 4-Control 3 Community data from the Latnjajaure site, Sweden in 1995, 1996, 1997, 1999 &amp;amp; 2000. The Community Level Interaction Program (CLIP) data comprises a block of poor, dry heath. For more information, please see the readme file.",NULL,NULL,NULL,NULL,NULL,NULL,NULL,NULL,FALSE
doi:10.18739/A2K649V7B,Complete ERA5 global atmospheric reanalysis 1940 to present,"c(""Arctic Report Card 2021"", ""Arctic Report Card 2022"", ""Arctic Report Card 2023"")",Complete ERA5 global atmospheric reanalysis 1940 to present,NA,TRUE,https://cn.dataone.org/cn/v2/resolve/doi%3A10.18739%2FA2K649V7B,"ERA5 (European Centre for Medium-Range Weather Forecasts (ECMWF) Re-Analysis) is the fifth generation ECMWF atmospheric reanalysis of the global climate covering the period from January 1940 to present. It is produced by the Copernicus Climate Change Service (C3S) at ECMWF and provides hourly estimates of a large number of atmospheric, land and oceanic climate variables. The data cover the Earth on a 31 kilometer (km) grid and resolve the atmosphere using 137 levels from the surface up to a height of 80 km. ERA5 includes an ensemble component at half the resolution to provide information on synoptic uncertainty of its products. ERA5.1 is a dedicated product with the same horizontal and vertical resolution that was produced for the years 2000 to 2006 inclusive to significantly improve a discontinuity in global-mean temperature in the stratosphere and uppermost troposphere that ERA5 suffers from during that period. Users that are interested in this part of the atmosphere in this era are advised to access ERA5.1 rather than ERA5. ERA5 and ERA5.1 use a state-of-the-art numerical weather prediction model to assimilate a variety of observations, including satellite and ground-based measurements, and produces a comprehensive and consistent view of the Earth's atmosphere. These products are widely used by researchers and practitioners in various fields, including climate science, weather forecasting, energy production and machine learning among others, to understand and analyse past and current weather and climate conditions.",NULL,NULL,NULL,NULL,NULL,NULL,NULL,NULL,FALSE
doi:10.5065/D6G44NCZ,"Copepod Abundance and Measurements in Historical Zooplankton Samples [Smith, S.]","c(""Ship"", ""Oceanography"", ""Arctic"")",NULL,NA,TRUE,https://cn.dataone.org/cn/v2/resolve/doi%3A10.5065%2FD6G44NCZ,"This data set contains an analysis of samples collected aboard the U.S.S. Burton Island in the Beaufort and Chukchi Seas during 1950-1951. The data expand on the work previously done by M. Johnson (1956) as they contain estimates of abundance of various life history stages of large-bodied copepods and measurements of specimens from selected samples. For more information, see the readme file.",NULL,NULL,NULL,NULL,NULL,NULL,NULL,NULL,FALSE
doi:10.5063/AA/farshid25.14.2,Cronin et al. 2010 Ecology Letters,"c(""LeafLifespan"", ""LeafMassPerArea"", ""PlantLifeHistory"", ""LeafNitrogenConcentrationPerMass"", ""PlantPhotosyntheticRatePerArea"", ""LeafSpecificArea"", ""TRAITNET REGISTRY"")",NULL,NA,TRUE,https://cn.dataone.org/cn/v2/resolve/doi%3A10.5063%2FAA%2Ffarshid25.14.2,Leaf traits of six phylogenetically paired native and exotic grass species grown in greenhouse under a low vs. high soil nitrogen treatment.,NULL,NULL,NULL,NULL,NULL,NULL,"c(""Avena"", ""Bromus"", ""Elymus"", ""Koeleria"")","c(""fatua"", ""carinatus"", ""hordeaceus"", ""glaucus"", ""macrantha"")",FALSE
doi:10.6067:XCV89G5KDQ_meta$v=1320352151198,Cultural Resources of the Aleutian Region,"c(""Site Evaluation / Testing"", ""Ethnographic Research"", ""Historic Background Research"", ""Domestic Structure or Architectural Complex"", ""Settlements"", ""Chipped Stone"", ""Fauna"", ""Cultural Resource"", ""Historic Preservation"")",NULL,NA,TRUE,https://cn.dataone.org/cn/v2/resolve/doi%3A10.6067%3AXCV89G5KDQ_meta%24v%3D1320352151198,"There are many problems inherent in attempting to fully assess the cultural resources of an area such as that encompassed in the boundaries of the Aleut Corporation. While there are many things which bind the area together into a unified whole, there are also many differences which must be taken into consideration. Yet both the differences and the unifying aspects are, in large part, caused by the geographic location and environmental effects of the region upon its inhabitants.",NULL,NULL,NULL,NULL,NULL,NULL,NULL,NULL,FALSE
doi:10.5063/F1W66J82,Current environments and evolutionary history shape forest temporal assembly,"c(""Phenology"", ""Climate change"", ""Forest communities"")",NULL,NA,TRUE,https://cn.dataone.org/cn/v2/resolve/doi%3A10.5063%2FF1W66J82,"Understanding the drivers of species temporal assembly is increasingly important, as climate change shifts the timing of species phenologies (life cycle events) globally. We performed a controlled environment study on the temperature and daylength cues driving woody plant budburst across North America. This dataset includes 47 species from four populations, two in eastern North America and two in western North America. Applying a phylogenetic Bayesian model we tested for species-level and community-level differences in cues responses and the effects of evolutionary history.","c(""R code"", ""Stan model code"", ""Phylogenetic tree"", ""Species"", ""Species_abrev"", ""Type"", ""Site"", ""Transect"", ""Budburst"", ""Forcing"", ""Photoperiod"", ""Chill_portions"", ""Site_2"", ""Site_3"", ""Site_4"")",Plantae,NULL,NULL,NULL,NULL,NULL,NULL,FALSE
doi:10.18739/A2B84J,"Data Driven Documents (D3) polar data visualizations for the Text REtrieval Conference Dynamic Domain (TREC DD) polar dataset, 2016","c(""dataviz"", ""polar"")",Data Driven Documents (D3) Polar Data Visualizations for the TREC DD Polar Dataset,NA,TRUE,https://cn.dataone.org/cn/v2/resolve/doi%3A10.18739%2FA2B84J,"The National Institutes of Standards and Technology (NIST) Text Retrieval Conference (TREC) Polar Dynamic Domain dataset (TREC-Polar-DD dataset) was collected over the past few years across various computer science courses (CSCI 572) at the University of Southern California (USC) and in collaboration with the NSF Polar CyberInfrastructure program, and the DARPA Memex program and its TREC Dynamic Domain track. TREC-Polar-DD is a diverse dataset that was collected with the Apache Tika, Nutch and Solr software systems, and includes over 158GB in total of data comprising 1.7 million web pages obtained during 17 distinct web crawls from the National Science Foundation Advanced Cooperative Arctic Data and Information System (ACADIS), the National Snow and Ice Data Center (NSIDC) Arctic Data Explorer (ADE), and the National Aeronautics and Space Administration Antarctic Master Directory (AMD) data archives. This web crawl data (http://doi.org/doi:10.18739/A2280J), along with HTML and javascript/D3 source code was used to produce the data visualizations found in polar.usc.edu-gh-pages.zip.",NULL,NULL,NULL,NULL,NULL,NULL,NULL,NULL,FALSE
doi:10.18739/A2445HC95,"Data Driven Documents (D3) polar data visualizations for the Text REtrieval Conference Dynamic Domain (TREC DD) polar dataset, 2016","c(""dataviz"", ""polar"")",Data Driven Documents (D3) Polar Data Visualizations for the TREC DD Polar Dataset,NA,TRUE,https://cn.dataone.org/cn/v2/resolve/doi%3A10.18739%2FA2445HC95,"The National Institutes of Standards and Technology (NIST) Text Retrieval Conference (TREC) Polar Dynamic Domain dataset (TREC-Polar-DD dataset) was collected over the past few years across various computer science courses (CSCI 572) at the University of Southern California (USC) and in collaboration with the NSF Polar CyberInfrastructure program, and the DARPA Memex program and its TREC Dynamic Domain track. TREC-Polar-DD is a diverse dataset that was collected with the Apache Tika, Nutch and Solr software systems, and includes over 158GB in total of data comprising 1.7 million web pages obtained during 17 distinct web crawls from the National Science Foundation Advanced Cooperative Arctic Data and Information System (ACADIS), the National Snow and Ice Data Center (NSIDC) Arctic Data Explorer (ADE), and the National Aeronautics and Space Administration Antarctic Master Directory (AMD) data archives. This web crawl data (http://doi.org/doi:10.18739/A2280J), along with HTML and javascript/D3 source code was used to produce the data visualizations found in polar.usc.edu-gh-pages.zip.",NULL,NULL,NULL,NULL,NULL,NULL,NULL,NULL,FALSE
doi:10.5063/F17S7M7S,Data and Code: Continued transitions from fish meal and oil in aquafeeds require close attention to biodiversity trade-offs,"c(""Aquaculture"", ""Feed composition"", ""Environmental impacts"")",NULL,NA,TRUE,https://cn.dataone.org/cn/v2/resolve/doi%3A10.5063%2FF17S7M7S,"This dataset contains all code and selected data to reproduce the results and figures published in Clawson et al. 2025, Continued transitions from fish meal and oil in aquafeeds require close attention to biodiversity trade-offs. All code and results can also be found here: https://github.com/Sustainable-Aquafeeds-Project/feed_biodiv_impact_mapping Science for society Aquaculture is a growing industry crucial to global food security, but its biodiversity impact, particularly from feed production, remains poorly understood. We present a new spatial approach to quantify the biodiversity impacts of animal feeds, using Atlantic salmon aquaculture as a case study. We examine habitat impacts for over 50,000 marine and terrestrial species from producing feeds for global Atlantic salmon production under two feed scenarios. To reduce historical wild fish use in feeds, salmon aquaculture has increased its reliance on agricultural inputs. We show how this shift can disproportionately increase impacts for terrestrial species and highlight how careful decisions about feed sourcing are imperative to curb biodiversity impacts. As global demand for seafood continues to rise, these methods and findings can guide policymakers and industry stakeholders toward more informed decisions to improve aquaculture sustainability. Abstract Feed constitutes a considerable portion of the environmental impact embedded in aquaculture production, making it crucial for enhancing aquaculture sustainability. While previous research has evaluated the environmental pressures of feed production, no spatially explicit global biodiversity assessment of animal feeds exists. Here, we assess biodiversity impacts on 54,628 marine and terrestrial species for two simplified but plausible Atlantic salmon feeds. We find widespread impact on both marine (~89%) and terrestrial (~71%) species, though the average magnitude of impact is small. Despite minimising wild-sourced fishmeal and oil by necessity, increased agricultural dependence for feed provisioning appears to have disproportionately increased impacts on terrestrial taxa. Our results provide key information for sourcing aquafeed to minimise impacts and optimise sustainability. As the aquaculture industry expands to feed billions more, a standardised and integrative approach to assess and potentially forecast the effects of feed on global biodiversity is essential for informed decision-making.","c(""sciname"", ""diet"", ""allocation"", ""sensitivity"", ""sensitivity_scenario"", ""impact_total_km2"", ""total_habitat_area"", ""common_name"", ""taxa"")","Terrestrial mammals, birds, amphibians, reptiles, finfish, molluscs, arthropods, cnidaria, echinoderms, elasmobranchs, sponges, cephalopods, marine plants, corals, and marine mammals.",NULL,NULL,NULL,NULL,NULL,NULL,FALSE
doi:10.5063/AA/nceas.984.7,"Data and analyses for Hooper et al. (2012) Nature, ""A global synthesis reveals biodiversity loss as a major driver of ecosystem change"", DOI: 10.1038/nature11118",NULL,NULL,NA,TRUE,https://cn.dataone.org/cn/v2/resolve/doi%3A10.5063%2FAA%2Fnceas.984.7,"Many experiments have shown that species loss can alter key processes important to the productivity and sustainability of Earth's ecosystems. However, it is unclear how these effects compare to the direct effects of other forms of environmental change that are both driving diversity loss and altering ecosystem function. We used a suite of meta-analyses of published data to show that the impacts of species loss on productivity and decomposition - two processes important in all ecosystems are of comparable magnitude to impacts of many other global environmental changes. These analyses were published by Hooper et al. in Nature in 2012 (online release date: May 2, 2012, DOI: 10.1038/nature11118). This archive contains the data and statistical details for the two sets of analyses found in that paper.  In the first, we performed a broad meta-analysis to compare effects of changing species richness on primary production and decomposition, as derived from a database on biodiversity-ecosystem functioning (BEF) experiments, with effects of major environmental changes as derived from already published meta-analyses.  For both biodiversity and environmental effects, we use log response ratios for effect sizes. This analysis allows a broad comparison across many experiments, but in so doing, compares effects of species richness with those of other environmental changes in different experiments performed by different researchers in different ecosystems.  Therefore, we undertook a second analysis focusing on the relative magnitude of effects of species richness and environmental change in experiments that factorially manipulated both.  For this, we used a much smaller subset of experiments from the BEF database, and only analyzed primary production as the response variable. Here we include the data and any processing steps, including R-code and description, that were used in our analyses.

In experiments, intermediate levels of species loss (21-40%) reduced plant production by 5-10%, comparable to previously documented impacts of ultra-violet radiation and climate warming. Higher levels of extinction (41-60%) had impacts rivaling those of ozone, acidification, elevated CO2, and nutrient pollution. At intermediate levels, species loss generally had equal or greater impacts on decomposition than did elevated CO2 and nitrogen addition. The identity of species lost also had a large impact on changes in productivity and decomposition, generating a wide range of plausible outcomes for extinction. Despite need for more studies on interactive effects of diversity loss and environmental changes, our analyses clearly show that the ecosystem consequences of local species loss are as quantitatively significant as direct effects of several global change stressors that have mobilized major international concern and remediation efforts.",NULL,NULL,NULL,NULL,NULL,NULL,NULL,NULL,FALSE
doi:10.5063/F12J69B2,Data and code: Phenology varies with phylogeny but not by trophic level with climate change,"c(""Phenology"", ""Synchrony"", ""Climate change"", ""Meta-analysis"")",NULL,NA,TRUE,https://cn.dataone.org/cn/v2/resolve/doi%3A10.5063%2FF12J69B2,"Changes in the timing of species life history events, or phenologies, are widely associated with recent increases in temperatures globally. Understanding how these changes alter the synchrony of species interactions is of particular concern, given the potential for increasing asynchrony to alter community structures. Previous meta-analyses have found contrasting trends in how the phenologies of varying groups of species have changed and whether there is increasing phenological asynchrony. These studies differ in their species composition, types of interactions, and their use of single species time-series versus paired species data. We constructed a database of long-term time-series data from diverse phenological events. Using a Bayesian phylogenetic model, we tested for trends in phenological shifts across trophic levels and lineages, and the potential effects on synchrony. While on average we found species to have advanced in the timing of their phenological events, we did not observe any relative differences across groups of species, or consistent changes in synchrony across suites of interactions. The results of this study provide greater insight into the scope of variation of phenological changes and the continued challenges of predicting the direction and consequences of shifting phenologies in ecological communities.","c(""Rcode"", ""Rcode"", ""Rcode"", ""Rcode"", ""Stan code to analyze temperature data"", ""Stan code"", ""species.name, db, genus, family, order, class, phylum, kingdom"", ""species.name, phenophase, trophic.level, consumer.type, food.source, habitat.type, eco.type, spp, type.of.action, continent, site.location, endo.ecto"", ""datasource, studyid, species, phenophase, year, doy"")",NULL,NULL,NULL,NULL,NULL,NULL,NULL,FALSE
doi:10.5063/F1Z899CZ,Data from a dynamically downscaled projection of past and future microclimates covering North America from 1980-1999 and 2080-2099,"soil, air, albedo, canopy, radiation, humidity, snow layers, visible radiation flux, temperature, velocity, pressure, air density, climate change, vegetation, shade, downscaling, soil temperatures, wind speed, microclimate, extreme events, stochasticity",NULL,NA,TRUE,https://cn.dataone.org/cn/v2/resolve/doi%3A10.5063%2FF1Z899CZ,"Ecological forecasting requires information about the climatic conditions experienced by organisms. Despite impressive methodological and computational advances, ecological forecasting still suffers from poor resolutions of environmental data. Published data comprise relatively few layers of surface climate and suffer from coarse temporal resolution. Hence, models using these data might underestimate heterogeneity of microclimates and miss biological consequences of climatic extremes. Moreover, we currently lack predictions about vegetation cover in future environments, a key factor for estimating the spatial heterogeneity of microclimates and hence the capacity for behavioral thermoregulation. Here, we describe microclimates and vegetation for the past and the future at spatial and temporal resolutions of 36 km (approximately 0.3°) and 1 h, respectively. We used the Weather Research and Forecasting model to downscale published, bias-corrected predictions of a global-circulation model from a resolution of 0.9° latitude and 1.25° longitude (approximately 100 km in latitude and 130 km in longitude). Output from this model was used as input for a microclimate model, which generated predictions for 19 variables for 1980-1999 and 2080-2099 at various heights, depths, sun angle and shade intensities. The data was evaluated using several criteria, each of which shed light on a different aspect of value to researchers. The metadata describe the modeling protocol, microclimate calculations, computer programs, and the evaluation process. The 19 predicted variables include albedo, snow layers, microclimate temperatures and pressures, among others. For a list of all variables please see the 'Model variables table' below. 
The dataset is structured as follows: 
(1) Main package: 19 monthly summaries, one for each microclimate variable (listed above) are available in this packagePackage structure schema/infographicR-script to extract and save NetCDF filesLocations table with latitude and longitude points covered in this data (csv)19 sub-packages (externally hosted, linked below) are available for this project, one for each microclimate variable.(2) Sub-packages: Within each sub-package are 44 tar files representing: 2 scenarios (past; future) across 22 geographical regions (see CoverageMap_Levy.png for distribution of regions). The .tar file name template is [region]_[variable code]_[scenario]; i.e. B3_ISNOW_future.(3) .tar file: Each .tar file contains projection data in NetCDF format binary files for one region, one variable and for either past or future climates (1980-1999 and 2080- 2099).(4) NetCDF files
: Each NetCDF file is a time-series of data for a particular variable in one location (indexed by the longitudinal-latitudinal coordinates) for either past or future climates (1980-1999 and 2080-2099). Resolutions are of 36 km and 1 hour.","c(""climateVariable"", ""variableCode"", ""packageId"", ""units"", ""definition"", ""packageTitle"")",NULL,NULL,NULL,NULL,NULL,NULL,NULL,FALSE
doi:10.18739/A29P2W69D,"Data in support of ""Climate response to negative greenhouse gas radiative forcing in polar winter"" [2017-2018]","c(""greenhouse gas"", ""inversion layer"", ""radiative forcing"")",CAREER:   Linking cryospheric processes across scales to model non-linear albedo feedback,NA,TRUE,https://cn.dataone.org/cn/v2/resolve/doi%3A10.18739%2FA29P2W69D,"Greenhouse gas (GHG) additions to Earth’s atmosphere initially reduce global outgoing longwave radiation (OLR), thereby warming the planet. In select environments with temperature inversions, however, increased GHG concentrations can actually increase local OLR. Negative top-of-atmosphere and effective radiative forcing (ERF) from this situation give the impression that local surface temperatures could cool in response to GHG increases. Here we consider an extreme scenario in which GHG concentrations are increased only within the warmest layers of winter near-surface inversions of the Arctic and Antarctic. We find, using a fully coupled Earth system model, that the underlying surface warms despite the GHG addition exerting negative ERF and cooling the troposphere in the vicinity of the GHG increase. This unique radiative forcing and thermal response is facilitated by the high stability of the polar winter atmosphere, which inhibits thermal mixing and amplifies the impact of surface radiative forcing on surface temperature. These findings also suggest that strategies to exploit negative ERF via injections of short-lived GHGs into inversion layers would likely be unsuccessful in cooling the planetary surface.  Data provided here include spectrally-resolved simulations of the anti-greenhouse effect and climate model output.","c(""wavenumber (cm-1)"", ""TOA_flux_control"", ""TOA_flux_perturb"", ""Surface_flux_control"", ""Surface_flux_perturb (Wm-2/cm-1)"", ""RFLWT"", ""RFLWS"", ""time_bnds"", ""FLNT"", ""FSNT"", ""TS"", ""time"", ""lat"", ""lon"", ""FLN200"", ""FLNS"")",NULL,NULL,NULL,NULL,NULL,NULL,NULL,FALSE
doi:10.6067:XCV85Q4Z8W_meta$v=1502814813786,"Department of Defense and US Army Corps of Engineers Curation Options Project, Western and Mid-Atlantic States","c(""Collections Research"", ""Heritage Management"")",NULL,NA,TRUE,https://cn.dataone.org/cn/v2/resolve/doi%3A10.6067%3AXCV85Q4Z8W_meta%24v%3D1502814813786,"At the request of the Deputy Under Secretary of Defense (Environmental Quality) and the Headquarters, U.S. Army Corps of Engineers, the Corps’ St. Louis District performed a study of curation institutions in 20 western and two mid-Atlantic states. The goal of the project, called the Curation Options project, was to identify one institution in each state that has the capability and the interest to potentially partner with the federal government for the purpose of curating archaeological materials and associated documentation recovered from lands managed by the Army, Navy and Marines, Air Force, and Corps. For the project, between July 1996 and October 1997, the St. Louis District contacted 311 institutions and visited 50 to perform on-site evaluations. A standardized evaluation process was used to determine which institutions to visit, and to collect information during the on-site visit. Twenty-five of the 50 institutions are considered to be potential partners. Twenty-four institutions constitute the Individual State Option, which is comprised of one partner in each state and two each in California and Texas. Two additional curation options are presented for consideration: the Mixed State Option and the Regional Option, consisting of 18 and 10 partner institutions, respectively.",NULL,NULL,NULL,NULL,NULL,NULL,NULL,NULL,NA
doi:10.5063/F1RN367K,Detecting the phylogenetic signal of glacial refugia in a bryodiversity hotspot outside the tropics,"Evolutionary distinctiveness, phylogenetic diversity, species latitudinal diversity gradient, glacial refugia",Detecting the phylogenetic signal of glacial refugia in a bryodiversity hotspot outside the tropics,NA,TRUE,https://cn.dataone.org/cn/v2/resolve/doi%3A10.5063%2FF1RN367K,"Glacial refugia have likely been important in shaping diversity gradients outside the tropics. However, the biogeographical histories of most species within glacial refugia remain unclear. We examined the geographic range structure and phylogenetic attributes of the mosses of Haida Gwaii, a putative glacial refugium and ‘hotspot’ of moss diversity off the northwest coast of British Columbia. We found that many species have widespread, but disjunct distributions, typically with few close relatives on the islands. We suggest that these features reflect the imprint of glacial history, whereby species within refugia represent isolated populations of previously more widespread species that may have diversified elsewhere. The phylogenetic dispersion of species within high elevation habitats, which best match the climatic regime of the historical glacial refugium, is consistent with the filtering of evolutionarily distinct glacial relicts, and contrasts markedly with the patterns of phylogenetic clustering observed across other habitat types. Our study illustrates how the present-day phylogenetic structure of species composition and diversity can reveal the signal of glacial refugia, and help explain why some taxa are more diverse outside of the tropics.",NULL,NULL,Bryophyta,NULL,NULL,NULL,NULL,NULL,FALSE
doi:10.6067:XCV8B859W0_meta$v=1465332206887,Developing Minimally Destructive Protocols for DNA Analysis of Museum Collection Bone Artifacts,"c(""Collections Research"", ""Bioarchaeological Research"", ""Fauna"", ""Bone Artifacts"", ""Museum Collections"", ""ancient DNA"")",NULL,NA,TRUE,https://cn.dataone.org/cn/v2/resolve/doi%3A10.6067%3AXCV8B859W0_meta%24v%3D1465332206887,"Ancient DNA (aDNA) analysis has revolutionized the field of archaeology with its ability to provide unique and otherwise unattainable information about the past. However, due to the destructive nature of current aDNA techniques many museum curators are hesitant to subject their collections to this kind of analysis. This poster presents a new sampling strategy for obtaining adequate amounts of bone powder from bone artifacts for aDNA extraction, while minimizing the damage done to the valuable artifacts. A low speed drill should be used as it offers greater control and maneuverability during the drilling process. This is a major advantage as drilling angle, depth, speed, and pressure are major considerations. X-ray imaging should be used to examine the internal structure of the artifact in order to asses its stability and to identify the optimal drilling location and depth. We believe that the low drilling speed, small drill bit size, and the use of X-ray imaging will reduce the likelihood of any unintentional damage being done to the internal or external structure of the artifact. This strategy has been tested and optimized on many archaeological bone artifacts curated in the SFU Museum of Archaeology and Ethnology and the Royal Ontario Museum.",NULL,NULL,NULL,NULL,NULL,NULL,NULL,NULL,NA
doi:10.18739/A2M32NB78,"Dissertation research. Indigenous Land Defence: Emerging Networks of Survival. Wet'suwet'en territory, Northern British Columbia, Canada. 2018-2022.",NULL,Doctoral Dissertation: Indigenous Land Defense: Emerging Networks of Survival,NA,TRUE,https://cn.dataone.org/cn/v2/resolve/doi%3A10.18739%2FA2M32NB78,"Auto-ethnographic research at land defence encampments on Wet'suwet'en land in Northern British Columbia, Canada. Research included media analysis, historical research, and participant observation from 2018-2022.  Indigenous peoples are developing novel social mechanisms to deal with rapid change and emerging conflicts, including land resettlement, language revitalization and traditional skill-building. However, we know little about the processes and contexts from which these strategies arise.  This project will use a case study from the Northwest Coast of North America to evaluate how Indigenous communities socially and culturally adapt to conflicts over sovereignty, land use and access. This research aims to document the new social networks that emerge in these contexts and how they contribute to Indigenous resiliency. To understand the opportunities and consequences of emerging networks, this project will (1) document the socio-cultural norms that emerge amidst Indigenous resettlement of traditional territories; (2) identify types of social networks that develop; (3) evaluate connections between these new networks and gender, race, and economic factors. The ultimate objective is to trace community networks and evaluate their impacts on Indigenous resilience, an issue with broad implications for Arctic Indigenous communities.",NULL,NULL,NULL,NULL,NULL,NULL,NULL,NULL,FALSE
doi:10.5063/F1W37TSF,Distance to nearest hydrologic feature for all wetlands in the National Wetland Inventory,"c(""wetlands"", ""WOTUS"", ""SCOTUS"", ""NWI"", ""NHD"")",NULL,NA,TRUE,https://cn.dataone.org/cn/v2/resolve/doi%3A10.5063%2FF1W37TSF,"Under the 2023 Supreme Court decision for Sackett vs USEPA, wetlands are jurisdictional to Waters of the United States (WOTUS) if 1) a continuous surface connection is present with an existing WOTUS, and 2) the wetland is practically indistinguishable from an ocean, river, stream, or lake where the continuous surface water connection is identified. A national-scale assessment for the United States was conducted to identify potential geographically isolated wetlands. The National Wetland Inventory (NWI, https://www.fws.gov/program/national-wetlands-inventory) maintained by the US Fish and Wildlife Service and the National Hydrograpy Dataset (NHD, https://www.usgs.gov/national-hydrography/national-hydrography-dataset) maintained by the US Geological Survey were used for the assessment. A custom workflow (https://github.com/tbep-tech/wetlands-eval) was developed to iteratively download the NWI and NHD spatial layers for each state to identify isolated wetlands based on the Euclidean distance of each wetland centroid to NHD features.  These data files represent all NWI wetlands in the United States and the distance (meters) to the closest NHD feature. The total number of wetlands is less than that in the original NWI data given that polygons within 0.5 meters were combined into a single wetland complex. The rows in each file represent these polygons, with columns for acreage of the wetland, latitude and longitude (WGS 1984) of the wetland centroid, distance of the wetland in meters to the nearest NHD feature, whether distance was calculated (assumed zero distance), the state abbreviation, wetland type, and GAP status (Gap Analysis Project).","c(""acres"", ""lon"", ""lat"", ""nearest_m"", ""calculated"", ""state"", ""wetland_type"", ""GAP_Sts"", ""acres"", ""lon"", ""lat"", ""nearest_m"", ""calculated"", ""state"", ""wetland_type"", ""GAP_Sts"", ""acres"", ""lon"", ""lat"", ""nearest_m"", ""calculated"", ""state"", ""wetland_type"", ""GAP_Sts"", ""acres"", ""lon"", ""lat"", ""nearest_m"", ""calculated"", ""state"", ""wetland_type"", ""GAP_Sts"", ""acres"", ""lon"", ""lat"", ""nearest_m"", ""calculated"", ""state"", ""wetland_type"", ""GAP_Sts"", ""acres"", ""lon"", ""lat"", ""nearest_m"", ""calculated"", ""state"", ""wetland_type"", 
""GAP_Sts"", ""acres"", ""lon"", ""lat"", ""nearest_m"", ""calculated"", ""state"", ""wetland_type"", ""GAP_Sts"", ""acres"", ""lon"", ""lat"", ""nearest_m"", ""calculated"", ""state"", ""wetland_type"", ""GAP_Sts"", ""acres"", ""lon"", ""lat"", ""nearest_m"", ""calculated"", ""state"", ""wetland_type"", ""GAP_Sts"", ""acres"", ""lon"", ""lat"", ""nearest_m"", ""calculated"", ""state"", ""wetland_type"", ""GAP_Sts"", ""acres"", ""lon"", ""lat"", ""nearest_m"", ""calculated"", ""state"", ""wetland_type"", ""GAP_Sts"", ""acres"", ""lon"", ""lat"", ""nearest_m"", ""calculated"", ""state"", ""wetland_type"", 
""GAP_Sts"", ""acres"", ""lon"", ""lat"", ""nearest_m"", ""calculated"", ""state"", ""wetland_type"", ""GAP_Sts"", ""acres"", ""lon"", ""lat"", ""nearest_m"", ""calculated"", ""state"", ""wetland_type"", ""GAP_Sts"", ""acres"", ""lon"", ""lat"", ""nearest_m"", ""calculated"", ""state"", ""wetland_type"", ""GAP_Sts"", ""acres"", ""lon"", ""lat"", ""nearest_m"", ""calculated"", ""state"", ""wetland_type"", ""GAP_Sts"", ""acres"", ""lon"", ""lat"", ""nearest_m"", ""calculated"", ""state"", ""wetland_type"", ""GAP_Sts"", ""acres"", ""lon"", ""lat"", ""nearest_m"", ""calculated"", ""state"", ""wetland_type"", 
""GAP_Sts"", ""acres"", ""lon"", ""lat"", ""nearest_m"", ""calculated"", ""state"", ""wetland_type"", ""GAP_Sts"", ""acres"", ""lon"", ""lat"", ""nearest_m"", ""calculated"", ""state"", ""wetland_type"", ""GAP_Sts"", ""acres"", ""lon"", ""lat"", ""nearest_m"", ""calculated"", ""state"", ""wetland_type"", ""GAP_Sts"", ""acres"", ""lon"", ""lat"", ""nearest_m"", ""calculated"", ""state"", ""wetland_type"", ""GAP_Sts"", ""acres"", ""lon"", ""lat"", ""nearest_m"", ""calculated"", ""state"", ""wetland_type"", ""GAP_Sts"", ""acres"", ""lon"", ""lat"", ""nearest_m"", ""calculated"", ""state"", ""wetland_type"", 
""GAP_Sts"", ""acres"", ""lon"", ""lat"", ""nearest_m"", ""calculated"", ""state"", ""wetland_type"", ""GAP_Sts"", ""acres"", ""lon"", ""lat"", ""nearest_m"", ""calculated"", ""state"", ""wetland_type"", ""GAP_Sts"", ""acres"", ""lon"", ""lat"", ""nearest_m"", ""calculated"", ""state"", ""wetland_type"", ""GAP_Sts"", ""acres"", ""lon"", ""lat"", ""nearest_m"", ""calculated"", ""state"", ""wetland_type"", ""GAP_Sts"", ""acres"", ""lon"", ""lat"", ""nearest_m"", ""calculated"", ""state"", ""wetland_type"", ""GAP_Sts"", ""acres"", ""lon"", ""lat"", ""nearest_m"", ""calculated"", ""state"", ""wetland_type"", 
""GAP_Sts"", ""acres"", ""lon"", ""lat"", ""nearest_m"", ""calculated"", ""state"", ""wetland_type"", ""GAP_Sts"", ""acres"", ""lon"", ""lat"", ""nearest_m"", ""calculated"", ""state"", ""wetland_type"", ""GAP_Sts"", ""acres"", ""lon"", ""lat"", ""nearest_m"", ""calculated"", ""state"", ""wetland_type"", ""GAP_Sts"", ""acres"", ""lon"", ""lat"", ""nearest_m"", ""calculated"", ""state"", ""wetland_type"", ""GAP_Sts"", ""acres"", ""lon"", ""lat"", ""nearest_m"", ""calculated"", ""state"", ""wetland_type"", ""GAP_Sts"", ""acres"", ""lon"", ""lat"", ""nearest_m"", ""calculated"", ""state"", ""wetland_type"", 
""GAP_Sts"", ""acres"", ""lon"", ""lat"", ""nearest_m"", ""calculated"", ""state"", ""wetland_type"", ""GAP_Sts"", ""acres"", ""lon"", ""lat"", ""nearest_m"", ""calculated"", ""state"", ""wetland_type"", ""GAP_Sts"", ""acres"", ""lon"", ""lat"", ""nearest_m"", ""calculated"", ""state"", ""wetland_type"", ""GAP_Sts"", ""acres"", ""lon"", ""lat"", ""nearest_m"", ""calculated"", ""state"", ""wetland_type"", ""GAP_Sts"", ""acres"", ""lon"", ""lat"", ""nearest_m"", ""calculated"", ""state"", ""wetland_type"", ""GAP_Sts"", ""acres"", ""lon"", ""lat"", ""nearest_m"", ""calculated"", ""state"", ""wetland_type"", 
""GAP_Sts"", ""acres"", ""lon"", ""lat"", ""nearest_m"", ""calculated"", ""state"", ""wetland_type"", ""GAP_Sts"", ""acres"", ""lon"", ""lat"", ""nearest_m"", ""calculated"", ""state"", ""wetland_type"", ""GAP_Sts"", ""acres"", ""lon"", ""lat"", ""nearest_m"", ""calculated"", ""state"", ""wetland_type"", ""GAP_Sts"", ""acres"", ""lon"", ""lat"", ""nearest_m"", ""calculated"", ""state"", ""wetland_type"", ""GAP_Sts"", ""acres"", ""lon"", ""lat"", ""nearest_m"", ""calculated"", ""state"", ""wetland_type"", ""GAP_Sts"", ""acres"", ""lon"", ""lat"", ""nearest_m"", ""calculated"", ""state"", ""wetland_type"", 
""GAP_Sts"", ""acres"", ""lon"", ""lat"", ""nearest_m"", ""calculated"", ""state"", ""wetland_type"", ""GAP_Sts"", ""acres"", ""lon"", ""lat"", ""nearest_m"", ""calculated"", ""state"", ""wetland_type"", ""GAP_Sts"")",NULL,NULL,NULL,NULL,NULL,NULL,NULL,FALSE
doi:10.5065/D6FJ2DWV,ETOP05 Elevation Data for Areas Greater than 50 degrees North,"c(""Land Character."", ""Arctic"")",NULL,NA,TRUE,https://cn.dataone.org/cn/v2/resolve/doi%3A10.5065%2FD6FJ2DWV,"ETOPO5 is a collection of several gridded elevation data sets, combined into a single, global coverage. The data sets are of low resolution and accuracy, and therefore are useful for only the most general descriptions of polar topography. 5-Minute Gridded Global Relief Data Collection (ETOPO5) gridded elevation data for the Earth north of 50 degrees North were provided to National Center for Atmospheric Research (NCAR) by the National Geophysical Data Center.",NULL,NULL,NULL,NULL,NULL,NULL,NULL,NULL,FALSE
doi:10.5063/F1T151VR,"EVOS data archiving project results: data, code and output (2016)","c(""EVOSTC"", ""Alaska"", ""oil spill"", ""data"", ""archiving"", ""recovery"", ""open science"")",Gulf Watch Alaska,NA,TRUE,https://cn.dataone.org/cn/v2/resolve/doi%3A10.5063%2FF1T151VR,"These data quantify  the results of a two year data archiving effort by a small group of researchers and students at the National Center for Ecological Analysis and Synthesis at UC Santa Barbara in collaboration with the Gulf Watch Alaska synthesis group and funded by the Exxon Valdez Oil Spill Trustee Council (EVOSTC). The EVOSTC was formed following the Exxon Valdez oil spill in Alaska in 1989. Since then, the EVOSTC has funded hundreds of projects and in 2012 we began a project to recover and archive the data collected during these EVOSTC funded projects. These data and analyses summarize the archiving project results and inform a manuscript (Funder imposed data publication requirements seldom inspire data sharing) in which we ask 5 main questions about the data collected from the Exxon Valdez Oil Spill Trustee Council funded projects:
1. Twenty-five years after the EVOS, for how many projects funded by EVOSTC can we collect data? 
2. Are there certain research fields that are more likely to make data available than others?
3. Are there certain sectors that are more likely to make data available than others?
4. Is the availability of data correlated to how old the data are? 
5. Why did people refuse to share their data?

The data here are a quantification of the responses to data outreach efforts, a data analysis script and results PDF as well as a figures script and output figures PDF.","c(""Status"", ""category"", ""start"", ""end"", ""secondaryCat"", ""reason"", ""agency"", ""ecosystem"", ""dataType"", ""project"")",NULL,NULL,NULL,NULL,NULL,NULL,NULL,FALSE
doi:10.5063/AA/nceas.940.1,Ecological Forcasting Trade Data,"c(""Exotic species"", ""Nonindigenous species"")",NULL,NA,TRUE,https://cn.dataone.org/cn/v2/resolve/doi%3A10.5063%2FAA%2Fnceas.940.1,"This data was collected for the work described in the Publication: Levine, Jonathan M.; D'Antonio, Carla 2003. Forecasting biological invasions with increasing international trade. Conservation Biology. Vol: 17(1). Pages 322-326. Historical data was used to parameterize species-accumulation models relating international trade to the establishment rates of nonindigenous species in the United States over the past century. Then they coupled the relationships with published trade forecasts to predict future invasion rates for insects, plant pathogens, and mollusks.",NULL,NULL,NULL,NULL,NULL,NULL,NULL,NULL,FALSE
doi:10.5063/F1PN93WH,"Ecosystem Data: A Global Map of Human Impact on Marine Ecosystems, 2008",NULL,NULL,NA,TRUE,https://cn.dataone.org/cn/v2/resolve/doi%3A10.5063%2FF1PN93WH,"What happens in the vast stretches of the world's oceans - both wondrous and worrisome - has too often been out of sight, out of mind. The sea represents the last major scientific frontier on planet earth - a place where expeditions continue to discover not only new species, but even new phyla. The role of these species in the ecosystem, where they sit in the tree of life, and how they respond to environmental changes really do constitute mysteries of the deep. Despite technological advances that now allow people to access, exploit or affect nearly all parts of the ocean, we still understand very little of the ocean's biodiversity and how it is changing under our influence. The goal of the research presented here is to estimate and visualize, for the first time, the global impact humans are having on the ocean's ecosystems. Our analysis, published in Science, February 15, 2008 (http://doi.org/10.1126/science.1149345), shows that over 40% of the world's oceans are heavily affected by human activities and few if any areas remain untouched. Global data for marine ecosystems are largely non-existent; here we used available data for several ecosystems, modeled the distribution of many other ecosystems, and assumed a uniform distribution for several intertidal ecosystems for which no data exist. We recognize that differences exist in how people classify ecosystems; for example, estuaries are often considered an ecosystem, but here we focus on the ecosystems (also often labeled ‘habitats’) that occur within estuaries (salt marsh, intertidal mud, beach, soft sediment, mangroves, etc.). All ecosystem data were represented at 1 km2 resolution.  This dataset contains maps for 20 distinct marine ecosystems used in the impacts model. More information on data sources can be found in the methods section.",NULL,NULL,NULL,NULL,NULL,NULL,NULL,NULL,FALSE
doi:10.5063/F1PZ578P,Effect sizes of dominance rank on female reproductive success in social mammals,"c(""mammals"", ""meta-analysis"", ""reproductive skew"", ""sociality"", ""female competition"")",NULL,NA,TRUE,https://cn.dataone.org/cn/v2/resolve/doi%3A10.5063%2FF1PZ578P,"The data presented in these sheets is the basis for the analyses presented in: Shivani, Elise Huchard, and Dieter Lukas. 2021. “The Effect of Dominance Rank on Female Reproductive Success in Social Mammals.” EcoEvoRxiv. October 13. doi:10.32942/osf.io/rc8na.","c(""Unique ID"", ""Effect reference"", ""Study ref"", ""Species name"", ""Species ref"", ""Measure Type"", ""Sample size"", ""Correlation coefficient"", ""transformed correlation coefficient"", ""Variance in effect size"", ""Number of years"", ""Population type"", ""Group size"", ""Study population"", ""Rank continuous or categorical"", ""Rank determined"", ""Litter size"", ""Litters per year"", ""Cooperative breeding"", ""plural breeding"", ""associated breeder"", ""Dominance system"", ""Philopatry"", ""Diet"", ""environmental harshness"", ""population density"", 
""average relatedness"", ""coalition formation"", ""male infanticide"", ""sex ratio"", ""sexual dimorphism"", ""breeding system"", ""species name matched to phylogeny"", ""EffectSize_StatisticalMethod"", ""EffectSize_ReportedStatistic"", ""reported statistical value"", ""maximum lifespan"", ""Reference for effect size"", ""DOI for reference for effect size"", ""reference for dominance system classification"", ""doi of reference for dominance system"", ""reference average relatedness"", ""doi reference average relatedness"")",NULL,NULL,Mammalia,NULL,NULL,NULL,NULL,FALSE
doi:10.5063/F12V2DMG,"Elevation, vegetation, and soil salinity in restored and reference tidal marshes in California, Oregon, and Washington, 2023-2024.","c(""species richness"", ""elevation capital"", ""estuary"", ""plant cover"", ""macroalgae"", ""tidal marsh"", ""pore-water salinity"")","Elevation, vegetation, and soil salinity in restored and reference tidal marshes in California, Oregon, and Washington, 2023-2024.",NA,TRUE,https://cn.dataone.org/cn/v2/resolve/doi%3A10.5063%2FF12V2DMG,"We sampled marsh surface elevation, soil salinity, plant and macroalgal cover, plant composition, and plant species richness at 16 restored and 12 least-disturbed reference tidal marsh sites along the US Pacific coast during summer 2023 and summer 2024. Sites were located in the Tijuana River, Carpinteria, Elkhorn Slough, San Francisco Bay, Coos, Salmon River, Columbia River, Nisqually, and Skagit estuaries. Restored sites were 22 to 62 years old at the time of sampling; least-disturbed reference sites were usually located adjacent to restored marshes. We typically sampled three to four transects per site, measuring marsh surface elevation with RTK-GNSS, soil salinity from pore water extracted from near-surface sediments, and vegetation metrics in 0.25 m2 plots. In vegetation plots we recorded the cover of plants (usually to species level) and macroalgae (to major taxonomic group). This dataset accompanies a publication by Janousek et al. (2025) in Marine Ecology Progress Series which examines vegetation differences between older restored and reference marshes.","c(""PtName"", ""Site"", ""Estuary"", ""State"", ""WetlType"", ""TotMacAlgCov"", ""TotPlCov"", ""NNCov"", ""PlRich"", ""PWSal"", ""Zone"", ""PtNo"", ""PtName"", ""Site"", ""Estuary"", ""State"", ""WetlType"", ""RestType"", ""RestAge"", ""PlotType"", ""Levee"", ""UTMzone"", ""Northing"", ""Easting"", ""Hz Prec"", ""NAVD88G18"", ""Vt Prec"", ""Tide ref"", ""LocalMTL"", ""LocalMHHW"", ""Elev MHHW (m)"", ""zstar"", ""Site"", ""Estuary"", ""WetlType"", ""SpaFolDen"", ""PtName"", ""PtName"", ""Site"", ""Date"", ""Levee"", ""CoverClass"", ""Cover"", ""SpeciesCoverClass"", ""Code"", ""Status"")",NULL,NULL,NULL,NULL,NULL,NULL,"c(""Spartina foliosa"", ""Salicornia pacifica"")",FALSE
doi:10.18739/A2R49GB5G,"Ensemble Mean Reanalysis Soil Temperature Dataset at 0.75 degree latitude/longitude resolution (60 South to 90 North), 1982 - 2018.","c(""Ensemble Mean Soil Temperature"", ""Reanalysis Soil Temperature"", ""LDAS Soil Temperature"", ""Arctic Soil Temperature"", ""JRA-55"", ""FLDAS"", ""ERA5"", ""ERA5-Land"", ""MERRA2"", ""ERA-Interim"", ""CFSR"")",Ensemble Mean Reanalysis Soil Temperature Dataset (1981 - 2018). 1 degree lat/lon resolution (60S to 90N),NA,TRUE,https://cn.dataone.org/cn/v2/resolve/doi%3A10.18739%2FA2R49GB5G,"This dataset accompanies Herrington, T., Fletcher, C. and Kropp, H. (in Review). The Cryosphere. It is a 0.75 degree ensemble mean soil temperature of 6 reanalysis and LDAS products (based on CFSR, ERA5, ERA5-Land, ERA-Interim, FLDAS, and MERRA2), averaged over the near surface (0 - 30 centimeter, cm) and at depth (30 cm - 300 cm), between 1982-2018. All reanalysis products were remapped using a conservative remapping technique to a resolution of 0.75 degree latitude and longitude, based on the CFSR land-mask. The ensemble mean is calculated as a simple arithmetic mean of all available products at each timestep and grid cell that include valid soil temperature measurements.","c(""Soil_Temp_TOP30"", ""Soil_Temp_30cm_300cm"", ""time"", ""lon"", ""lat"")",NULL,NULL,NULL,NULL,NULL,NULL,NULL,FALSE
doi:10.1575/1912/bco-dmo.649882,Environmental data collected from biomimetic and other data loggers located in rocky intertidal zones of global oceans between July 1999 and October 2013,"c(""ecosystem"", ""climate change"", ""rocky intertidal"", ""time series"", ""water temperature"", ""water depth"", ""wind speed"", ""wind direction"", ""air temperature"", ""air pressure"", ""precipitation"", ""relative humidity"", ""solar radiation"", ""body temperature"", ""thermal stress"", ""Monitoring Rocky Intertidal Ecosystems"", ""rocky_intertidal_devices"", ""biomimic"", ""no standard parameter"", ""country"", ""site"", ""state_province"", ""site_id"", ""Site_ID"", ""site_name"", ""latitude"", ""longitude"", ""zone"", ""site description"", ""sub_zone"", 
""wave_exp"", ""microsite_id"", ""organism"", ""taxon"", ""filedate"", ""data_description"", ""brief description"", ""date"", ""time"", ""time of day"", ""value"", ""ISO_DateTime_UTC"")",NULL,NA,TRUE,https://cn.dataone.org/cn/v2/resolve/doi%3A10.1575%2F1912%2Fbco-dmo.649882,"At a proximal level, the physiological impacts of global climate change on ectothermic organisms are manifest as changes in body temperatures. Especially for plants and animals exposed to direct solar radiation, body temperatures can be substantially different from air temperatures. We deployed biomimetic sensors that mimic the thermal characteristics of intertidal mussels at 66 sites worldwide, from 1998-present. Loggers recorded temperatures at 10-15 minute intervals nearly continuously at multiple intertidal elevations. Comparisons against direct measurements of mussel tissue temperature suggest errors of ~2.0-2.5°C, during daily fluctuations that often exceed 15°-20°C. Geographic patterns in thermal stress based on biomimetic logger measurements were generally far more complex than anticipated based only on “habitat” level measurements, and show that animals are reaching temperatures far above air temperature on sunny days. This unique data set provides a means of assessing spatial and temporal variability in intertidal thermal stress, and links physiological measurements to field patterns. Awaiting finalized data from the PI. Just reserved the DOI for his publication. For a complete list of measurements, refer to the supplemental document 'Field_names.pdf', and a full dataset description is included in the supplemental file 'Dataset_description.pdf'. The most current version of this dataset is available at: http://www.bco-dmo.org/dataset/555780",NULL,NULL,NULL,NULL,NULL,NULL,NULL,NULL,FALSE
doi:10.5065/D6G15Z1J,"Estimates of Large-Scale Fluxes in High Latitudes [Dargaville, R.]","c(""Arctic"", ""Models/Analyses"")",NULL,NA,TRUE,https://cn.dataone.org/cn/v2/resolve/doi%3A10.5065%2FD6G15Z1J,"This dataset includes the paper ""Estimates of Large-Scale Fluxes in High Latitudes from Terrestrial Biosphere Models and an Inversion of Atmospheric CO2 Measurements"" and the accompanying data. This study combines the two methods of estimating large-scale carbon fluxes in high latitudes. The two methods are process-based modeling by terrestrial biosphere models (TBMs), and atmospheric inversion in which fluxes are derived from a set of observations on atmospheric CO2 concentrations via an atmospheric transport model.",NULL,NULL,NULL,NULL,NULL,NULL,NULL,NULL,FALSE
doi:10.18739/A2X921K3W,"Extended Advanced Very High Resolution Radiometer (AVHRR) Polar Pathfinder (APP-x), 1982-Present","c(""CRYOSPHERE"", ""ARCTIC"", ""ANTARCTICA"", ""LAND SURFACE"", ""SEA SURFACE"")",Collaborative Research: Impact of Storm Activity on Recent Changes in Arctic Sea Ice Mass Balance,NA,TRUE,https://cn.dataone.org/cn/v2/resolve/doi%3A10.18739%2FA2X921K3W,"The ongoing NOAA Climate Data Record of the extended AVHRR Polar Pathfinder (APP-x) cryosphere is a near real time monitoring of Arctic and Antarctic surface and atmospheric characteristics. They contain 19 geophysical variables over the Arctic and Antarctic for the period 1982 - present. All of them have undergone various degrees of validation, though not all are considered Climate Data Record (CDR) quality. The variables are (those considered by the developers to be CDR-quality are identified with an asterisk): Surface temperature, all-sky, snow, ice, and land* Surface albedo, all-sky* Sea ice thickness* Surface type Cloud mask* Cloud particle thermodynamic phase Cloud optical depth Cloud particle effective radius Cloud temperature Cloud pressure Cloud type Downwelling shortwave radiation at the surface* Downwelling longwave radiation at the surface* Upwelling shortwave radiation at the surface* Upwelling longwave radiation at the surface* Upwelling shortwave radiation at the top of the atmosphere (TOA)* Upwelling longwave radiation at the TOA* Shortwave cloud radiative forcing at the surface.","c(""float longitude"", ""float latitude"", ""double time"", ""float cdr_surface_temperature"", ""float cdr_surface_albedo"", ""float cdr_surface_downwelling_shortwave_flux"", ""float cdr_surface_downwelling_longwave_flux"", ""float cdr_surface_upwelling_shortwave_flux"", ""float cdr_surface_upwelling_longwave_flux"", ""short cdr_cloud_binary_mask"", ""short sza"", ""float cdr_sea_ice_thickness"", ""float cdr_toa_net_downward_shortwave_flux"", ""float cdr_toa_outgoing_shortwave_flux"", ""float cdr_toa_outgoing_longwave_flux"", 
""short surface_type"", ""short cloud_particle_phase"", ""float cloud_particle_radius"", ""float cloud_optical_depth"", ""float cloud_top_pressure"", ""float cloud_top_temperature"", ""short cloud_type"", ""float surface_shortwave_cloud_radiative_forcing"", ""float surface_longwave_cloud_radiative_forcing"")",NULL,NULL,NULL,NULL,NULL,NULL,NULL,FALSE
doi:10.6067:XCV8765CXH_meta$v=1343247609836,Filter Fabric: a Technique for Short-term Site Stabilization,"c(""Methodology, Theory, or Synthesis"", ""Method and theory"", ""site preservation"")",NULL,NA,TRUE,https://cn.dataone.org/cn/v2/resolve/doi%3A10.6067%3AXCV8765CXH_meta%24v%3D1343247609836,"Filter fabrics have been available for several years and are used most frequently as an underliner for roadbeds and in
other construction related activities. These materials are produced both as woven and nonwoven fabrics and are
available in varying weights and porosities. Fabric selection is based on the proposed application and the specifications that the desired material must meet. If filter fabric is selected a~ the stabilization technology that is to be used, it has the advantage of being available from several manufacturers whose products are competitively priced. These materials, regardless of manufacturer, are relatively inert geosynthetics that are resistant to ultraviolet degeneration.",NULL,NULL,NULL,NULL,NULL,NULL,NULL,NULL,FALSE
doi:10.6067:XCV8G73FT3_meta$v=1420568086454,"Final Report of the 1983 Season at Head-Smashed-In Buffalo Jump, Alberta","c(""Archaeological Overview"", ""Data Recovery / Excavation"", ""Methodology, Theory, or Synthesis"", ""Research Design / Data Recovery Plan"", ""Site Evaluation / Testing"", ""Environment Research"", ""Historic Background Research"", ""Heritage Management"", ""Head-Smashed-In Buffalo Jump"", ""Resource Extraction/Production/Transportation Structure or Features"", ""Hunting / Trapping"", ""Chipped Stone"", ""Fauna"", ""Fire Cracked Rock"", ""Buffalo Jump"")",NULL,NA,TRUE,https://cn.dataone.org/cn/v2/resolve/doi%3A10.6067%3AXCV8G73FT3_meta%24v%3D1420568086454,"This is the final report of archaeological activities during the 1983 field season by staff of Alberta Culture at Head-Smashed-In Buffalo Jump. The site has been identified by the Provincial Government for the development of an on-site public interpretive program which will include a 2400 square meter interpretive building. One of the primary purposes in fielding a crew at the site was to conduct archaeological studies of the site areas where development would cause surface disturbance. Such areas included parking lots, access roads, the building site and smaller related facilities. A second purpose in initiating a multi -year archaeological project at the site was to begin acquiring information about the site which is not available from previous studies and which is necessary for the interpretive program planned for the site.

A three month field season with a crew of ten addressed both of these objectives . Excavations determined that no conflict existed with the placement of the proposed building site. However, the originally proposed access road was found to traverse areas rich in archaeological materials. Revised road alignments were proposed and subsequently examined. This resulted in an acceptable alignment eventually being identified. Several alternate parking areas were also examined and conservation excavations designed to recover a sample of the cultural materials were undertaken.  The cultural assemblage recovered from the parking areas below the cliff consisted primarily of a thin scatter of debitage and stone tools, fire-broken-rock, and bison bone.  Several sub-surface pit features were encountered. These are believed to be cooking, boiling or roasting pits. The nature of the assemblage was such that continued excavation was not recommended, but the recovery of additional features was considered worthwhile and we recommend control led surface stripping to expose other features in the parking and access road areas. This would be conducted in 1984. Additional mitigation-related studies will be required in 1984 due to changes in some of the development plans.

Other excavations conducted in 1983, not associated with the site development program included testing the camp/processing portion of the Head-Smashed-In site complex located on the rolling prairie below the kill site. Tests here were widespread, consisting of single excavation units placed over a wide area in order to determine the nature and extent of the processing deposits. Recognizing the paucity of archaeological information on bison processing - as opposed to killing and initial butchering - it is anticipated that additional studies of the processing site will be conducted for years to come. The 1983 excavations were designed as fact-finding in nature. Results of these excavations indicated a dense, pavement-like deposit of cultural materials relating to secondary butchering and processing spread over an area of, at least, 0.5 square kilometer.  Butchered bison bone, fire-broken-rock and lithic debitage and tools dominated the assemblage. Nearly all of our results indicate heavy use of the site in the Late Prehistoric Period, with only minimal evidence of earlier use. The pavement of cultural material lacked any stratigraphy and was contained entirely within the upper 25 cm of soil.

This report presents descriptions of all excavations conducted and analysis and interpretations of the results. Analysis is necessarily hampered by the nature of the 1983 field season. It combined mitigation-related excavations over a very large area, often in places lacking cultural remains, and research excavations also widely spaced and placed in areas of enormous richness but lacking stratigraphy. This report also attempts some preliminary statements about the nature of the data base pertaining to bison processing at the site. It also reports on the status of the archaeological deposits situated in areas slated for site development.  

This tDAR resource originally was a citation record migrated into tDAR from the National Archaeological Database Reports Module (NADB-R) and updated.  In 2015 it was updated and further enhanced as part of the Center for Digital Antiquity's efforts to improve the content of tDAR.",NULL,NULL,NULL,NULL,NULL,NULL,NULL,NULL,NA
doi:10.6067:XCV8BK1DFN_meta$v=1420570706785,Final Report of the 1985 and 1986 Field Season at Head-Smashed-In Buffalo Jump Alberta,"c(""Historic Native American"", ""Late Prehistoric"", ""Data Recovery / Excavation"", ""Methodology, Theory, or Synthesis"", ""Heritage Management"", ""Head-Smashed-In Buffalo Jump"", ""Resource Extraction/Production/Transportation Structure or Features"", ""Hunting / Trapping"", ""Archaeological Feature"", ""Pit"", ""Ceramic"", ""Chipped Stone"", ""Fauna"", ""Fire Cracked Rock"", ""Ground Stone"", ""Ground Stone Tools"", ""Buffalo Jump"", ""Pit Feature"", ""Correlation Matrix"", ""Radiocarbon Dating"")",NULL,NA,TRUE,https://cn.dataone.org/cn/v2/resolve/doi%3A10.6067%3AXCV8BK1DFN_meta%24v%3D1420570706785,"Archaeological field work at Head-Smashed-In Buffalo Jump (HSI) continued in the summers of 1985 and 1986. Field studies were conducted by staff of the Archaeological Survey of Alberta as part of the ongoing research associated with the development of a public interpretation facility at this site. During the two previous field seasons, 1983 and 1984, archaeological attention was focused on the regions of the site complex which were to be disturbed by construction of the various facilities associated with the interpretive centre (Brink et ale 1985, 1986). By the time the 1985 field season began, the investigation of these areas was essentially complete. As a result, the focus for continued field studies shifted to the pursuit of a number of research problems. All research studies revolved around the central goal of exploring aspects of the site which were poorly or incompletely understood. Advances in these areas were considered essential for the production of the interpretive program. This report will present the results of all studies conducted in 1985 and 1986. Preliminary reports on these results have already appeared (Brink et al 1987; Wright and Brink 1986).

The report contains a first chapter that describes background and organizational information about this study and how it fits into the long-term investigations at the site.  Chapter 2 is a review of the excavations: the number and placement of the units, the total area of excavation, and the methods of recovery and analysis. For the most part, our methodology differs little from that employed in the 1983 and 1984 seasons; however, some changes inevitably occur as more is learned about the site and its archaeological contents.

The third chapter describes the soils, stratigraphy and chronology of the 1985/86 excavations. Although soils have been mentioned briefly in previous reports, only in the 1985/86 seasons, with the detection of a stratified area of the processing site, has the topic acquired greater importance. Likewise, the dating of the cultural deposits achieves new relevance, due to the apparent temporal separation of materials spaced throughout the 50 cm cultural horizon. Hence, greater effort was made to date the approximate time periods, and events, contained within this horizon. 

Chapter 4 presents the results of the excavation and analysis of the features encountered during excavation of the processing area. As in previous years, features continue to be a major component of our examination of bison processing, and it is clear from our widespread testing of the prairie below the jump that features occur in great number and with considerable variety.

Chapter 5 of the report is the analysis of the fire-broken rock recovered from the processing area excavations. This material occurs across the site in massive amounts and consists primarily of imported and, hence, probably curated materials. Thus, it is of considerable importance to our understanding of the events which transpired at the site. While fire-broken rock is often accorded a low status in other archaeological analyses, we are of the opinion that this material holds valuable clues to the organization and operation of bison processing, at least at Head-Smashed-In.

Chapter 6 is devoted to analysis and interpretation of the faunal remains recovered from both the processing area and the spring channel excavations. Using NISP, MNE and MAU measures of quantification, the structure of a bison processing assemblage is presented. Clearly, the HSI assemblage from the prairie level is in a poor state of preservation. Accordingly, considerable attention is given to examining the taphonomy and differential preservation of the faunal material. The major focus of faunal interpretation rests on an examination of our materials in relation to the models of carcass utility first proposed by Binford (1978). Our data are juxtaposed to Binford's indices of economic utility. Furthermore, our own recent work with a small sample of contemporary bison carcasses has provided new data on the anatomy of bison. These data likewise are employed to help shed light on the utilization of bison faunal elements at a communal butcher/processing site. Finally, the faunal material from the HSI processing area, spring channel and kill site are compared and contrasted, both with each other and with a selection of other bison kill/butchery sites from the northern Plains.

Chapter 7 details the lithic artifacts recovered from the 1985/86 excavations. Artifact descriptions by major functional/technological classes are presented, as are detailed descriptions of the various raw material types recognized at HSI. Since the results of these two seasons' work have provided us with an opportunity to examine some degree of temporal separation of the artifacts, a major focus of the lithic analysis is an attempt to discern any changes in the lithic assemblage throughout the Late Prehistoric Period. Again following the example of our previous reports, we have provided considerable metric and non-metric detail of the lithic assemblage. This is done in the belief that major site reports can perform a service to the archaeological community by providing the kinds of data often needed for intersite comparisons - data often frustratingly absent from other site reports.

Chapter 8 reports on the ceramic and historical artifacts recovered from our excavations. Since these materials occur in small numbers at HSI, this section of the report is necessarily brief and essentially descriptive.

Chapter 9 presents a brief discussion of what we feel are some of the more important ideas and implications arising from the results of the 1985/86 field seasons.

This tDAR resource originally was a citation record migrated into tDAR from the National Archaeological Database Reports Module (NADB-R) and updated. In 2015 it was updated and further enhanced as part of the Center for Digital Antiquity's efforts to improve the content of tDAR.",NULL,NULL,NULL,NULL,NULL,NULL,NULL,NULL,NA
doi:10.5063/F15M645C,Flower-leaf sequences and their ecological predictors for American plum and North American cherry species,"c(""Phenology"", ""Aridity"", ""Phylogeny"", ""Insect-visibility"", ""Plant Hydraulics"")",NULL,NA,TRUE,https://cn.dataone.org/cn/v2/resolve/doi%3A10.5063%2FF15M645C,This dataset contains observations of flowering and vegetative phenology derived from herbarium specimens for members of the American Plums cade (Prunus species in the section Prunocerasus) and estimates of the order of flower-leaf sequences for all Prunus species of North American derived from verbal descriptions in guidebooks. The purpose of this study was to characterize differences in flower leaf sequences among species and to evaluate whether those differences correspond to biological/ecological traits representing two major hypotheses regarding the evolution of flower-leaf sequence patterns in these clades.,"c(""species"", ""mean.petal"", ""mean.pdsi"", ""meanspringT"", ""species"", ""inflor_high"", ""FLS"", ""meanpdsi"", ""FLSnum"", ""specificEpithet"", ""specificEpithet"", ""id"", ""institutionCode"", ""year"", ""month"", ""day"", ""stateProvince"", ""county"", ""references"", ""lon"", ""lat"", ""geoclass"", ""flowers"", ""leaves"", ""bbch.f"", ""bbch.v"", ""doy"", ""bbch.v.scale"", ""species"", ""YEAR.hin"")",NULL,NULL,NULL,NULL,NULL,Prunus,NULL,FALSE
doi:10.6067:XCV8057JR5_meta$v=1558739203041,Forensic Photography and the VCP - Teaching Veterans and Capturing History,"c(""Other"", ""Education/Pedagogy"", ""Conservation and Curation"", ""Artifact Photography"")",NULL,NA,TRUE,https://cn.dataone.org/cn/v2/resolve/doi%3A10.6067%3AXCV8057JR5_meta%24v%3D1558739203041,"One of the unique opportunities given veterans within the Veterans Curation Program (VCP) is professional training in high quality digital artifact photography that far exceeds the quality of photography practiced by most Cultural Resource Management firms. A representative sample consisting of 10% of every collection processed by VCP is photographed by the veteran technicians and subsequently combined with the finalized collection. These digital images are reviewed and a selection is eventually uploaded to the Digital Archaeological Record (tDAR), an international digital repository for the records of archaeological investigations. The process of training veterans with little or no background in photography relies primarily on well-established step-by-step methods, ongoing personalized training and mentoring, and an accessible reference guide designed specifically for the VCP. With the skills and experience acquired through the VCP, many veterans have discovered the value of photography not only as a therapeutic and satisfying hobby, but also as a possible career choice.",NULL,NULL,NULL,NULL,NULL,NULL,NULL,NULL,FALSE
doi:10.5063/AA/farshid25.15.3,GLOPNET - Global Plant Trait Network Database,"c(""LeafAngle"", ""LeafCompoundness"", ""LeafLifespan"", ""LeafArea"", ""LeafDryMatterContent"", ""LeafNitrogenConcentrationPerArea"", ""LeafNitrogenConcentrationPerMass"", ""LeafPhosphorusConcentrationPerMass"", ""LeafPhosphorusConcentrationperArea"", ""LeafPhenology"", ""LeafRespirationAt25CPerMass"", ""LeafRespirationRatePerArea"", ""LeafRespirationRatePerMass"", ""LeafSpecificArea"", ""PlantNitrogenFixationCapacity"", ""PlantPhotosyntheticPathway"", ""PlantPhotosyntheticRatePerDryMass"", ""PlantPhotosyntheticRatePerArea"", ""PlantGrowthForm"", 
""PlantLifeForm"", ""PlantTypicalHeight"", ""PlantVegetativeHeight"", ""TRAITNET REGISTRY"")",NULL,NA,TRUE,https://cn.dataone.org/cn/v2/resolve/doi%3A10.5063%2FAA%2Ffarshid25.15.3,NA,NULL,NULL,NULL,NULL,NULL,NULL,NULL,NULL,FALSE
doi:10.5063/F1FF3QS3,Gaps in Network Infrastructure limit our understanding of biogenic methane emissions in the United States,"c(""representativeness"", ""DAYMET"", ""Climate Space"")",Gaps in Network Infrastructure limit our understanding of biogenic methane emissions in the United States,NA,TRUE,https://cn.dataone.org/cn/v2/resolve/doi%3A10.5063%2FF1FF3QS3,"Using multidimensional scaling and a cluster analysis, the US was divided into 10 clusters that were distributed across temperature and wetness gradients (2010-2020). We evaluated the distance to the medoid condition within each cluster. This dataset includes the representative analysis for the US, excluding the locations of EC tower sites, which cannot be provided due to privacy concerns for a small subset of towers. Evaluating the strengths and limitations of existing measurement infrastructure is critical for strategic augmentation to provide the most valuable information toward reducing uncertainties in future large-scale budget estimations. To accurately understand the impact of climate and land cover change on biogenic CH4 emissions, we need a long-term, calibrated, and strategic continental-scale CH4 observatory network. Current gaps in existing measurement infrastructure limit our ability to capture the spatial and temporal variations of biogenic CH4 fluxes and therefore limit our ability to predict future CH4 emissions. Maps of potential CH4 emissions require land cover classification targeted at land cover types like wetlands that are important sources of CH4 to the atmosphere. Aquatic ecosystems like streams and lakes as well as coastal ecosystems are significant and variable sources of CH4 not well studied on a long-term basis. Through our analysis using climate, land cover, and location variables, we have identified priority areas to enhance research infrastructure to provide a more complete understanding of the CH4 flux potential of ecosystem types in the US. For EC tower locations, distance to the medoid coverage was lacking for clusters Na, W, and Nb, and currently clusters Na, W, Eb, and Nb are substantially under sampled. All aquatic sites are under sampled within each cluster. An enhanced network would allow for us to monitor both the response of CH4 fluxes to climate and land use change as well as the impact of future policy interventions and mitigation strategies.","c(""cluster"", ""distance"", ""lcc"", ""DAYMET_prcp"", ""DAYMET_tmin"", ""DAYMET_tmax"", ""DAYMET_tmean"", ""DAYMET_vpd"")",NULL,NULL,NULL,NULL,NULL,NULL,NULL,FALSE
doi:10.5065/D67942RD,GenBank accession numbers for genetic data on D1D2 gene of copepods,"c(""Arctic"", ""Ancillary Info"")",NULL,NA,TRUE,https://cn.dataone.org/cn/v2/resolve/doi%3A10.5065%2FD67942RD,This data set contains the GenBank accession numbers for genetic data gathered on the D1D2 gene of copepods during the Shelf Basin Interactions (SBI) field project. These sequences are now available to everyone who accesses GenBank. The accession number is on the right; our internal number is on the left and the name of the species of copepod is in the middle.,NULL,NULL,NULL,NULL,NULL,NULL,NULL,NULL,FALSE
doi:10.5063/F1DN43JN,Global Natural and Anthropogenic Soil Nitrogen Pool Dataset,"c(""Soil"", ""Nitrogen cycling"", ""Agricultural system"", ""Urban system"", ""Global change"")",Global Natural and Anthropogenic Soil Nitrogen Pool Dataset,NA,TRUE,https://cn.dataone.org/cn/v2/resolve/doi%3A10.5063%2FF1DN43JN,"This dataset is used to present the global meta-analysis results in Chien and Krumins’s paper (2023) titled “Anthropogenic Effects on Global Soil Nitrogen pools” in the journal of Science of The Total Environment. The paper mainly compares the size and mechanisms of soil nitrogen pools soil among natural, agricultural, and urban ecosystems. This dataset is published here in open-access for reference.",NULL,NULL,NULL,NULL,NULL,NULL,NULL,NULL,FALSE
doi:10.5063/F12Z13R6,Global Ocean Health Index 2018 assessment,"c(""OHI"", ""index"", ""ocean"")",NULL,NA,TRUE,https://cn.dataone.org/cn/v2/resolve/doi%3A10.5063%2FF12Z13R6,"Scores from the 2018 global Ocean Health Index (OHI) assessment and accompanying data and models. The global Ocean Health Index assesses ocean health for 220 coastal countries and territories and has been conducted yearly since 2012.  The Index describes how well we are sustainably managing 10 goals which represent the full suite of benefits that people want and need from the ocean.  These goals include: artisanal fishing opportunity, biodiversity, carbon storage, clean waters, coastal livelihoods and economies, coastal protection, food provision, natural products, sense of place, and tourism and recreation.  Each goal is given a score ranging from 0 to 100, and the full suite of goal scores are then averaged to obtain an overall index score for each region.  Please see our website for additional resources and information (http://ohi-science.org/).",NULL,NULL,NULL,NULL,NULL,NULL,NULL,NULL,FALSE
doi:10.5063/F15T3HZ5,Global Ocean Health Index 2019 assessment,"c(""OHI"", ""index"", ""ocean"", ""indicator"")",NULL,NA,TRUE,https://cn.dataone.org/cn/v2/resolve/doi%3A10.5063%2FF15T3HZ5,"Scores from the 2019 global Ocean Health Index (OHI) assessment and accompanying data and models. The global Ocean Health Index assesses ocean health for 220 coastal countries and territories and has been conducted yearly since 2012. The Index describes how well we are sustainably managing 10 goals which represent the full suite of benefits that people want and need from the ocean. These goals include: artisanal fishing opportunity, biodiversity, carbon storage, clean waters, coastal livelihoods and economies, coastal protection, food provision, natural products, sense of place, and tourism and recreation. Each goal is given a score ranging from 0 to 100, and the full suite of goal scores are then averaged to obtain an overall index score for each region. Please see https://oceanhealthindex.org/ for additional resources and information. OHI prep github: https://github.com/OHI-Science/ohiprep_v2019 OHI Global github: https://github.com/OHI-Science/ohi-global/releases/tag/v2019.1","c(""goal"", ""dimension"", ""region_id"", ""score"", ""year"")",NULL,NULL,NULL,NULL,NULL,NULL,NULL,FALSE
doi:10.5063/F19K48PW,Global Ocean Health Index 2020 assessment,"c(""OHI"", ""index"", ""ocean"", ""indicator"")",NULL,NA,TRUE,https://cn.dataone.org/cn/v2/resolve/doi%3A10.5063%2FF19K48PW,"Scores from the 2020 global Ocean Health Index (OHI) assessment and accompanying data and models. The global Ocean Health Index assesses ocean health for 220 coastal countries and territories and has been conducted yearly since 2012. The Index describes how well we are sustainably managing 10 goals which represent the full suite of benefits that people want and need from the ocean. These goals include: artisanal fishing opportunity, biodiversity, carbon storage, clean waters, coastal livelihoods and economies, coastal protection, food provision, natural products, sense of place, and tourism and recreation. Each goal is given a score ranging from 0 to 100, and the full suite of goal scores are then averaged to obtain an overall index score for each region. Please see https://oceanhealthindex.org/ for additional resources and information.","c(""goal"", ""dimension"", ""region_id"", ""score"", ""year"")",NULL,NULL,NULL,NULL,NULL,NULL,NULL,FALSE
doi:10.5063/F1GT5KNH,Global Ocean Health Index 2022 assessment,"c(""OHI"", ""index"", ""ocean"")",NULL,NA,TRUE,https://cn.dataone.org/cn/v2/resolve/doi%3A10.5063%2FF1GT5KNH,"Scores from the 2022 global Ocean Health Index (OHI) assessment and accompanying data and models. The global Ocean Health Index assesses ocean health for 220 coastal countries and territories and has been conducted yearly since 2012. The Index describes how well we are sustainably managing 10 goals which represent the full suite of benefits that people want and need from the ocean. These goals include: artisanal fishing opportunity, biodiversity, carbon storage, clean waters, coastal livelihoods and economies, coastal protection, food provision, natural products, sense of place, and tourism and recreation. Each goal is given a score ranging from 0 to 100, and the full suite of goal scores are then averaged to obtain an overall index score for each region. Please see http://oceanhealthindex.org/ for additional resources and information.","c(""scenario"", ""goal"", ""long_goal"", ""dimension"", ""region_id"", ""region_name"", ""value"")",NULL,NULL,NULL,NULL,NULL,NULL,NULL,FALSE
doi:10.5063/F1PR7TFN,Global Ocean Health Index 2023 assessment,"c(""OHI"", ""index"", ""ocean"", ""conservation"")",NULL,NA,TRUE,https://cn.dataone.org/cn/v2/resolve/doi%3A10.5063%2FF1PR7TFN,"Scores from the 2023 global Ocean Health Index (OHI) assessment and accompanying data and models. The global Ocean Health Index assesses ocean health for 220 coastal countries and territories and has been conducted yearly since 2012. The Index describes how well we are sustainably managing 10 goals which represent the full suite of benefits that people want and need from the ocean. These goals include: artisanal fishing opportunity, biodiversity, carbon storage, clean waters, coastal livelihoods and economies, coastal protection, food provision, natural products, sense of place, and tourism and recreation. Each goal is given a score ranging from 0 to 100, and the full suite of goal scores are then averaged to obtain an overall index score for each region. Please see http://oceanhealthindex.org/ for additional resources and information.","c(""scenario"", ""goal"", ""long_goal"", ""dimension"", ""region_id"", ""region_name"", ""value"")",NULL,NULL,NULL,NULL,NULL,NULL,NULL,FALSE
doi:10.18739/A2XK0D,Global Tundra Vegetation Change - 30 years of plant abundance data from unmanipulated and experimentally-warmed plots,"c(""EARTH SCIENCE > BIOSPHERE > VEGETATION > VEGETATION SPECIES"", ""OTHER"", ""POINT"", ""UNKNOWN"", ""biota"")",NULL,NA,TRUE,https://cn.dataone.org/cn/v2/resolve/doi%3A10.18739%2FA2XK0D,"These data were collected in conjunction with two International Polar Year (IPY) synthesis projects, looking at 1. Vegetation responses to warming in sites worldwide and 2. Long-term changes in unmanipulated control plots. As there is substantial overlap in the datasets used for the two projects (i.e. control plots from warming experiments often also provided a record of long-term change under ambient conditions), we have opted to archive the data from both projects together. We amassed plot-based data on vegetation abundance (cover, point-frame hits, biomass, subplot frequency, stem-counts) from permanently marked plots, transects, and study areas throughout the tundra biome, and in and out of warming experiments. Criteria for inclusion in the warming treatment analysis were measures of plant abundance in warmed and control plots in at least one year. For the long-term change project, criteria for inclusion were repeat-measurements of plant abundance in unmanipulated vegetation using the same techniques in 2+ study years at least 5 years apart in time. We also collected air and soil temperature data (where available) from the study site locations. This data set is available in the Polar Data Catalog with Canadian Cryospheric Information Network (CCIN) reference number 10786.",NULL,NULL,NULL,NULL,NULL,NULL,NULL,NULL,FALSE
doi:10.18739/A2154DP71,Global Tundra Vegetation Change - 30 years of plant abundance data from unmanipulated and experimentally-warmed plots,"c(""EARTH SCIENCE > BIOSPHERE > VEGETATION > VEGETATION SPECIES"", ""OTHER"", ""POINT"", ""UNKNOWN"", ""biota"")",NULL,NA,TRUE,https://cn.dataone.org/cn/v2/resolve/doi%3A10.18739%2FA2154DP71,"These data were collected in conjunction with two International Polar Year (IPY) synthesis projects, looking at 1. Vegetation responses to warming in sites worldwide and 2. Long-term changes in unmanipulated control plots. As there is substantial overlap in the datasets used for the two projects (i.e. control plots from warming experiments often also provided a record of long-term change under ambient conditions), we have opted to archive the data from both projects together. We amassed plot-based data on vegetation abundance (cover, point-frame hits, biomass, subplot frequency, stem-counts) from permanently marked plots, transects, and study areas throughout the tundra biome, and in and out of warming experiments. Criteria for inclusion in the warming treatment analysis were measures of plant abundance in warmed and control plots in at least one year. For the long-term change project, criteria for inclusion were repeat-measurements of plant abundance in unmanipulated vegetation using the same techniques in 2+ study years at least 5 years apart in time. We also collected air and soil temperature data (where available) from the study site locations. This data set is available in the Polar Data Catalog with Canadian Cryospheric Information Network (CCIN) reference number 10786.",NULL,NULL,NULL,NULL,NULL,NULL,NULL,NULL,FALSE
doi:10.18739/A27D2Q92X,"Global Vegetation Greenness Normalized Difference Vegetation Index (NDVI) from Advanced Very High Resolution Radiometer (AVHRR) Global Inventory Modeling and Mapping Studies-3rd Generation (GIMMS-3G+), 1981-2022","c(""Arctic Report Card 2021"", ""Arctic Report Card 2022"", ""Arctic Report Card 2023"", ""Arctic Report Card 2024"", ""Arctic Report Card 2025"")","Global Vegetation Greenness (NDVI) from AVHRR GIMMS-3G+, 1981-2022",NA,TRUE,https://cn.dataone.org/cn/v2/resolve/doi%3A10.18739%2FA27D2Q92X,"This dataset holds the Global Inventory Modeling and Mapping Studies-3rd Generation V1.2 (GIMMS-3G+) data for the Normalized Difference Vegetation Index (NDVI). NDVI was based on corrected and calibrated measurements from Advanced Very High Resolution Radiometer (AVHRR) data with a spatial resolution of 0.0833 degree and global coverage for 1982 to 2022. Maximum NDVI values are reported within twice monthly compositing periods (two values per month). The dataset was assembled from different AVHRR sensors and accounts for various deleterious effects, such as calibration loss, orbital drift, and volcanic eruptions. The data are provided in NetCDF format. This dataset provides one of the longest continuous records of global vegetation productivity. It has been widely used by the remote sensing community and has supported many scientific publications.","c(""crs"", ""time_bnds"", ""satellites"", ""ndvi"", ""percentile"", ""time"", ""lon"", ""lat"")",NULL,NULL,NULL,NULL,NULL,NULL,NULL,FALSE
doi:10.5063/AA/nceas.347.3,Global analysis of nitrogen and phosphorus limitation,"c(""nutrient resources"", ""nitrogen"", ""phophorus"", ""fertilization"", ""plant community"", ""bottom-up"", ""primary producer biomass"", ""experimental manipulation"", ""marine, terrestrial, freshwater ecosystems"")",NULL,NA,TRUE,https://cn.dataone.org/cn/v2/resolve/doi%3A10.5063%2FAA%2Fnceas.347.3,"The cycles of the key nutrient elements nitrogen (N) and phosphorus (P) have been massively altered by anthropogenic activities. Thus, it is essential to understand how photosynthetic production across diverse ecosystems is, or is not, limited by N and P. Via a large-scale meta-analysis of experimental enrichments, we show that P limitation is equally strong across these major habitats and that N and P limitation are equivalent within both terrestrial and freshwater systems. Furthermore, simultaneous N and P enrichment produces strongly positive synergistic responses in all three environments. Thus, contrary to some prevailing paradigms, freshwater, marine and terrestrial ecosystems are surprisingly similar in terms of N and P limitation.","c(""id_study"", ""system"", ""strata"", ""habitat"", ""cat"", ""tax_resp_class"", ""l.n.c"", ""l.p.c"", ""l.int.c"", ""Date_entry"", ""author"", ""pubyear"", ""citation"", ""publication"", ""pubvol"", ""pages"", ""hab_descrip"", ""location"", ""latitud"", ""longitud"", ""elev"", ""n_avail"", ""n_total"", ""p_avail"", ""p_total"", ""c_total"", ""pH"", ""light"", ""temp"", ""precip"", ""npp"", ""npp_typ"", ""ab"", ""ab_unit"", ""study_typ"", ""cons_man"", ""HA"", ""fert"", ""fdchlg_man"", ""num_nut_tmnt"", ""num_nut"", ""duration"", ""fert_area"", ""cons_area"", ""vol"", ""fert_unit"", ""p_rate"", 
""n_rate"", ""meta_source"", ""note_study"")",NULL,NULL,NULL,NULL,NULL,NULL,NULL,NA
doi:10.5063/F1SX6BDP,Global change in marine aquaculture production potential under climate change,NULL,NULL,NA,TRUE,https://cn.dataone.org/cn/v2/resolve/doi%3A10.5063%2FF1SX6BDP,"Climate change is an immediate and future threat to food security globally. The consequences for fisheries and agriculture production potential are well studied, yet the possible outcomes for aquaculture (i.e., aquatic farming) – the fastest growing food sector on the planet – remains a major gap in scientific understanding. With over a third, and growing, of aquaculture produced in marine waters it is critical to anticipate new opportunities and challenges to marine production under climate change. Here we model and map the effect of warming oceans conditions (RCP 8.5) on marine aquaculture production potential over the next century, based on thermal tolerance and growth data of 180 cultured finfish and bivalve species. We find heterogeneous patterns of gains and losses, but an overall greater probability of declines worldwide. Accounting for multiple drivers of species growth, including shifts in temperature, chlorophyll, and ocean acidification (OA), reveals potentially greater declines in bivalve aquaculture compared to finfish production. This study addresses a missing component in food security research and sustainable development planning by identifying regions that will face potentially greater climate change challenges and resilience for marine aquaculture in the coming decades. Understanding the scale and magnitude of future increases and reductions in aquaculture potential is critical for designing effective and efficient use and protection of the oceans, and ultimately for feeding the planet sustainably.","c(""row number"", ""ID"", ""LABEL"", ""sumareafish"", ""fishphiavg"", ""row number"", ""ID"", ""LABEL"", ""sumareafish"", ""fishphiavg"", ""row number"", ""ID"", ""LABEL"", ""sumareafish"", ""fishphiavg"", ""row number"", ""ID"", ""LABEL"", ""sumareafish"", ""fishphiavg"", ""row number"", ""ID"", ""LABEL"", ""sumareafish"", ""fishphiavg"", ""row number"", ""ID"", ""LABEL"", ""sumareafish"", ""fishphiavg"", ""row number"", ""ID"", ""LABEL"", ""sumareafish"", ""fishphiavg"", ""row number"", ""ID"", ""LABEL"", ""sumareafish"", ""fishphiavg"", ""row number"", ""ID"", ""LABEL"", ""sumareafish"", 
""fishphiavg"", ""row number"", ""ID"", ""LABEL"", ""sumareafish"", ""fishphiavg"", ""ID"", ""LABEL"")",NULL,NULL,NULL,NULL,NULL,NULL,NULL,NA
doi:10.5063/F1Q52N26,Global food system pressure data,"c(""food system"", ""ghg"", ""nutrient pollution"", ""water use"", ""aquaculture"", ""agriculture"", ""marine Glob"")",Environmental footprint of global food production,NA,TRUE,https://cn.dataone.org/cn/v2/resolve/doi%3A10.5063%2FF1Q52N26,"These global raster data describe the environmental footprint of the majority of food production for 2017. Please refer to the accompanying publication (and supporting methods; Halpern et al. 2022. The environmental footprint of global food production. Nature Sustainability) for more information. We map four dominant global pressures of food production: disturbance (km2eq); blue freshwater consumption (m3 water); excess nutrients (tonnes NP); and greenhouse gas emissions (tonnes CO2eq). Categories of food include 26 crop categories (plus fodder, which is only consumed as feed); 6 livestock animals (cattle, buffalo, goats, sheep, pigs, chickens); 7 categories of marine fisheries, including forage fish species used for fishmeal and oil, other small pelagics, medium pelagics, large pelagics, benthic, demersal, and reef-associated; freshwater fisheries, with one group for all sizes and taxa; and 6 categories of marine aquaculture, including salmonids, unfed or algae fed shellfish, shrimp and prawns, tuna, other marine finfish, other crustaceans. We primarily assess pressures from sources occurring within the farm-gate. In most cases, we exclude activities occurring beyond the farm-gate, such as processing and transportation of product, manufacture of equipment, and extraction of fuel because we were generally unable to map the location of these activities. For feed components, we map the pressures to the location where the crops are likely grown, after accounting for trade, or fish are captured (vs. where they are fed to animals). In addition to the raw data files, we also provide rescaled pressure data and a cumulative pressure index that combines the 4 pressures. To calculate the cumulative pressure, we adopted similar methods as other cumulative measures, rescaling each individual pressure (GHG, FW, NP, D) by dividing the values in each pixel (i) by the total global pressure summed across all food systems and pixels (T), such that each pixel describes its proportional contribution to the global total for that pressure. We then summed these rescaled pressure layers to obtain a total cumulative pressure score (CP) for each pixel i, such that CPi = GHGi/GHGT + FWi/FWT + NPi/NPT + Di/DT (raster cell values are multiplied by 1000000 to avoid small numbers and rounding errors). The result is that each rescaled pixel is a unitless value describing its proportional contribution to the total global pressure. The cumulative pressure index allows direct comparisons among foods, regions, and pressures to identify where: individual pressures are high relative to other pressures, multiple pressures overlap, and hotspots of cumulative pressure are located. This information provides a more complete picture of the environmental pressures occurring at any global area and from each food type. We us the Gall-Peters equal area coordinate reference system with a resolution of 36km2.","c(""rescaled pressures and cumulative pressure"", ""m3 blue water use, tonnes excess N+P, km2eq disturbance, CO2eq green house gas emissions"", ""rescaled pressures"", ""green water use, m3 per cell"", ""tonnes excess N or P"", ""tonnes production"", ""count"")",NULL,NULL,NULL,NULL,NULL,NULL,NULL,FALSE
doi:10.5063/F1V69H1B,Global food system pressure data,"c(""food system"", ""ghg"", ""nutrient pollution"", ""water use"", ""aquaculture"", ""agriculture"", ""marine Glob"")",Environmental footprint of global food production,NA,TRUE,https://cn.dataone.org/cn/v2/resolve/doi%3A10.5063%2FF1V69H1B,"These global raster data describe the environmental footprint of the majority of food production for 2017. Please refer to the accompanying publication (and supporting methods; Halpern et al. 2022. The environmental footprint of global food production. Nature Sustainability) for more information. We map four dominant global pressures of food production: disturbance (km2eq); blue freshwater consumption (m3 water); excess nutrients (tonnes NP); and greenhouse gas emissions (tonnes CO2eq). Categories of food include 26 crop categories (plus fodder, which is only consumed as feed); 6 livestock animals (cattle, buffalo, goats, sheep, pigs, chickens); 7 categories of marine fisheries, including forage fish species used for fishmeal and oil, other small pelagics, medium pelagics, large pelagics, benthic, demersal, and reef-associated; freshwater fisheries, with one group for all sizes and taxa; and 6 categories of marine aquaculture, including salmonids, unfed or algae fed shellfish, shrimp and prawns, tuna, other marine finfish, other crustaceans. We primarily assess pressures from sources occurring within the farm-gate. In most cases, we exclude activities occurring beyond the farm-gate, such as processing and transportation of product, manufacture of equipment, and extraction of fuel because we were generally unable to map the location of these activities. For feed components, we map the pressures to the location where the crops are likely grown, after accounting for trade, or fish are captured (vs. where they are fed to animals). In addition to the raw data files, we also provide rescaled pressure data and a cumulative pressure index that combines the 4 pressures. To calculate the cumulative pressure, we adopted similar methods as other cumulative measures, rescaling each individual pressure (GHG, FW, NP, D) by dividing the values in each pixel (i) by the total global pressure summed across all food systems and pixels (T), such that each pixel describes its proportional contribution to the global total for that pressure. We then summed these rescaled pressure layers to obtain a total cumulative pressure score (CP) for each pixel i, such that CPi = GHGi/GHGT + FWi/FWT + NPi/NPT + Di/DT (raster cell values are multiplied by 1000000 to avoid small numbers and rounding errors). The result is that each rescaled pixel is a unitless value describing its proportional contribution to the total global pressure. The cumulative pressure index allows direct comparisons among foods, regions, and pressures to identify where: individual pressures are high relative to other pressures, multiple pressures overlap, and hotspots of cumulative pressure are located. This information provides a more complete picture of the environmental pressures occurring at any global area and from each food type. We us the Gall-Peters equal area coordinate reference system with a resolution of 36km2.","c(""count"", ""tonnes production"", ""tonnes excess N or P"", ""green water use, m3 per cell"", ""rescaled pressures"", ""m3 blue water use, tonnes excess N+P, km2eq disturbance, CO2eq green house gas emissions"", ""rescaled pressures and cumulative pressure"")",NULL,NULL,NULL,NULL,NULL,NULL,NULL,FALSE
doi:10.5063/F1FN14NK,Global food system pressure data,"c(""food system"", ""ghg"", ""nutrient pollution"", ""water use"", ""aquaculture"", ""agriculture"", ""marine Glob"")",Environmental footprint of global food production,NA,TRUE,https://cn.dataone.org/cn/v2/resolve/doi%3A10.5063%2FF1FN14NK,"These global raster data describe the environmental footprint of the majority of food production for 2017. Please refer to the accompanying publication (and supporting methods; Halpern et al. 2022. The environmental footprint of global food production. Nature Sustainability) for more information. We map four dominant global pressures of food production: disturbance (km2eq); blue freshwater consumption (m3 water); excess nutrients (tonnes NP); and greenhouse gas emissions (tonnes CO2eq). Categories of food include 26 crop categories (plus fodder, which is only consumed as feed); 6 livestock animals (cattle, buffalo, goats, sheep, pigs, chickens); 7 categories of marine fisheries, including forage fish species used for fishmeal and oil, other small pelagics, medium pelagics, large pelagics, benthic, demersal, and reef-associated; freshwater fisheries, with one group for all sizes and taxa; and 6 categories of marine aquaculture, including salmonids, unfed or algae fed shellfish, shrimp and prawns, tuna, other marine finfish, other crustaceans. We primarily assess pressures from sources occurring within the farm-gate. In most cases, we exclude activities occurring beyond the farm-gate, such as processing and transportation of product, manufacture of equipment, and extraction of fuel because we were generally unable to map the location of these activities. For feed components, we map the pressures to the location where the crops are likely grown, after accounting for trade, or fish are captured (vs. where they are fed to animals). In addition to the raw data files, we also provide rescaled pressure data and a cumulative pressure index that combines the 4 pressures. To calculate the cumulative pressure, we adopted similar methods as other cumulative measures, rescaling each individual pressure (GHG, FW, NP, D) by dividing the values in each pixel (i) by the total global pressure summed across all food systems and pixels (T), such that each pixel describes its proportional contribution to the global total for that pressure. We then summed these rescaled pressure layers to obtain a total cumulative pressure score (CP) for each pixel i, such that CPi = GHGi/GHGT + FWi/FWT + NPi/NPT + Di/DT (raster cell values are multiplied by 1000000 to avoid small numbers and rounding errors). The result is that each rescaled pixel is a unitless value describing its proportional contribution to the total global pressure. The cumulative pressure index allows direct comparisons among foods, regions, and pressures to identify where: individual pressures are high relative to other pressures, multiple pressures overlap, and hotspots of cumulative pressure are located. This information provides a more complete picture of the environmental pressures occurring at any global area and from each food type. We us the Gall-Peters equal area coordinate reference system with a resolution of 36km2. This dataset is identical to an earlier version, https://knb.ecoinformatics.org/view/doi:10.5063/F1V69H1B, with the exception that two new files have been added for completeness. These two files are food_rgns.tif and food_rgns_xy.csv.","c(""count"", ""tonnes production"", ""tonnes excess N or P"", ""green water use, m3 per cell"", ""rescaled pressures"", ""m3 blue water use, tonnes excess N+P, km2eq disturbance, CO2eq green house gas emissions"", ""rescaled pressures and cumulative pressure"")",NULL,NULL,NULL,NULL,NULL,NULL,NULL,FALSE
doi:10.18739/A26Z5K,"Global frozen ground distribution for LGM, mid-Holocene and pre-Industrial periods","c(""EARTH SCIENCE > CLIMATE INDICATORS > CRYOSPHERIC INDICATORS"", ""OTHER"", ""geoscientificInformation"")",NULL,NA,TRUE,https://cn.dataone.org/cn/v2/resolve/doi%3A10.18739%2FA26Z5K,"Model ensemble Global frozen ground distribution diagnosed from the CMIP5/PMIP3 simulation outputs for LGM, mid-Holocene and pre-Industrial periods.",NULL,NULL,NULL,NULL,NULL,NULL,NULL,NULL,FALSE
doi:10.18739/A21G0HV54,"Global frozen ground distribution for LGM, mid-Holocene and pre-Industrial periods","c(""EARTH SCIENCE > CLIMATE INDICATORS > CRYOSPHERIC INDICATORS"", ""OTHER"", ""geoscientificInformation"")",NULL,NA,TRUE,https://cn.dataone.org/cn/v2/resolve/doi%3A10.18739%2FA21G0HV54,"Model ensemble Global frozen ground distribution diagnosed from the CMIP5/PMIP3 simulation outputs for LGM, mid-Holocene and pre-Industrial periods.",NULL,NULL,NULL,NULL,NULL,NULL,NULL,NULL,FALSE
doi:10.18739/A2BZ61B03,Global lake area time series 1999-2021,"c(""lakes"", ""lake area"", ""surface water"", ""time series"")",Postdoctoral Fellowship: OPP-PRF: Tracking Long-Term Changes in Lake Area across the Arctic,NA,TRUE,https://cn.dataone.org/cn/v2/resolve/doi%3A10.18739%2FA2BZ61B03,"### Access
Files can be accessed and downloaded from the directory via: [http://arcticdata.io/data/10.18739/A2BZ61B03](http://arcticdata.io/data/10.18739/A2BZ61B03).

### Overview
This dataset contains: (1) a time series of lake area extracted from two Landsat-derived datasets (GSWO and GLAD) for ~6 million lakes globally, (2) the annual median lake area of these lakes, calculated separately for each dataset and (3) the monthly median lake area of these lakes, calculated separately for each dataset. For lakes within the northern permafrost zone (i.e., above 50 degrees North and underlain by permafrost), the time series dataset extends 1984-2023. For all other lakes, the time series dataset covers the period 1999-2021. For all lakes, annual median and monthly medians are calculated for the period 1999-2021.","c(""lake_id"", ""dataset"", ""year"", ""median_water"", ""n_obs"", ""climate_zone"", ""grid_id"", ""month"", ""water"", ""lake_group"")",NULL,NULL,NULL,NULL,NULL,NULL,NULL,FALSE
doi:10.18739/A2DV1CQ1B,Goose Bay (GBR) Super Dual Auroral Radar Network (SuperDARN) High Frequency (HF) Radar Ground Scatter Data (1994-2002),"c(""Arctic"", ""Polar"", ""Northern Hemisphere"", ""Dopper Radar"", ""SuperDARN"")",NNA: Remote Sensing of Arctic Sea Ice Using the Super Dual Auroral Radar Network,NA,TRUE,https://cn.dataone.org/cn/v2/resolve/doi%3A10.18739%2FA2DV1CQ1B,"The Super Dual Auroral Radar Network (SuperDARN) is an international network of ground-based, space weather radars which have operated continuously in the Arctic and Antarctic regions for more than 30 years. These high-frequency (HF) radars use over-the-horizon (OTH) radio wave propagation to detect ionospheric plasma structures across ranges of several thousand kilometers (km). As a byproduct of this technique, the transmitted radar signals frequently reflect from the Earth's surface and can be observed as ground backscatter echoes.  The monthly files in this dataset contain maps of daily ground backscatter observations from the Goose Bay (GBR) SuperDARN HF radar binned onto an equal-area 24 km grid.  The GBR radar is located in Labrador, Canada (53.32°N, 60.46°W) and is operated by Virginia Tech (Principal Investigator: J. Michael Ruohoniemi, mikeruo@vt.edu) with funding support from the National Science Foundation.","c(""lat"", ""lon"", ""cell_index"", ""time_bnds"", ""lat_bnds"", ""lon_bnds"", ""nscan"", ""count"", ""elv"", ""pow"", ""wid"", ""time"", ""cpid"", ""ims_surface_value"")",NULL,NULL,NULL,NULL,NULL,NULL,NULL,FALSE
doi:10.5065/D6FB5115,"HX235 CTD Data [Woodgate, R.]","c(""Ship"", ""Oceanography"", ""Arctic"")",NULL,NA,TRUE,https://cn.dataone.org/cn/v2/resolve/doi%3A10.5065%2FD6FB5115,"This is calibrated Conductivity, Temperature, Depth (CTD) downcast data from the Alpha Helix Cruise HX235, a mooring recovery and redeployment cruise during August and September 2000. Data were post calibrated and adjusted to bottle samples by Seth Danielson of the University of Alaska Fairbanks (UAF).",NULL,NULL,NULL,NULL,NULL,NULL,NULL,NULL,FALSE
doi:10.5065/D6XK8CMT,"HX250 CTD Data [Woodgate, R.]","c(""Ship"", ""Oceanography"", ""Arctic"")",NULL,NA,TRUE,https://cn.dataone.org/cn/v2/resolve/doi%3A10.5065%2FD6XK8CMT,"This is calibrated Conductivity, Temperature, Depth (CTD) downcast data from the Alpha Helix Cruise HX250, a mooring recovery and redeployment cruise during August and September 2001. Data were post calibrated and adjusted to bottle samples by Seth Danielson of the University of Alaska Fairbanks (UAF). These data were collected with a Seabird 911 Plus CTD sampling at 24 frames/second with 2 conductivity and 2 temperature sensors. Temperature is reported as computed with the ITS90 scaling. Salinity offset was determined by applying comparing salinometer results to CTD data.",NULL,NULL,NULL,NULL,NULL,NULL,NULL,NULL,FALSE
doi:10.5065/D69P2ZRT,"HX260 CTD Data [Woodgate, R.]","c(""Ship"", ""Oceanography"", ""Arctic"")",NULL,NA,TRUE,https://cn.dataone.org/cn/v2/resolve/doi%3A10.5065%2FD69P2ZRT,"This is calibrated Conductivity, Temperature, Depth (CTD) downcast data from the Alpha Helix Cruise, mooring recovery and redeployment cruise June 2002. Data were post calibrated and adjusted to bottle samples by Seth Danielson of the University of Alaska Fairbanks (UAF). These data were collected with a Seabird 911 Plus CTD sampling at 24 frames/second with 2 conductivity and 2 temperature sensors. Salinity offset was determined by applying pre- and post-season factory calibration values, interpolated linearly over the course of the season on a monthly basis.",NULL,NULL,NULL,NULL,NULL,NULL,NULL,NULL,FALSE
doi:10.5065/D698853X,"HX274 CTD Data [Woodgate, R.]","c(""Ship"", ""Oceanography"", ""Arctic"")",NULL,NA,TRUE,https://cn.dataone.org/cn/v2/resolve/doi%3A10.5065%2FD698853X,"This is calibrated Conductivity, Temperature, Depth (CTD) downcast data from the Alpha Helix Cruise HX274, a mooring recovery and redeployment cruise during June and July 2003. Data were post calibrated and adjusted to bottle samples by Seth Danielson of the University of Alaska Fairbanks (UAF). These data were collected with a Seabird 911 Plus CTD sampling at 24 frames/second with 2 conductivity and 2 temperature sensors. Salinity offset was determined by applying pre- and post-season factory calibration values, interpolated linearly over the course of the season by month, in conjunction with discrete salinity bottle samples.",NULL,NULL,NULL,NULL,NULL,NULL,NULL,NULL,FALSE
doi:10.18739/A2SF2MC0X,"Happy Valley: CO2, H2O and Heat Flux Data (ASCII) [Oechel, W.]","c(""Arctic"", ""Surface"")",NULL,NA,TRUE,https://cn.dataone.org/cn/v2/resolve/doi%3A10.18739%2FA2SF2MC0X,"This data set contains eddy correlation data including CO2, H20, and Heat Flux at the Happy Valley Site in Alaska, 1994. This data set is also available in an Excel format. For more information, please see the readme file. NOTE: This dataset contains the data in ASCII format.","c(""Day"", ""Time"", ""20 cm T"", ""10 cm T"", ""8 cm T"", ""5 cm T"", ""0 cm T"", ""(5) cm T"", ""(10) cm T"", ""(15) cm T"", ""(20) cm T"", ""(25) cm T"", ""(30) cm T"", ""(35) cm T"", ""(40) cm T"", ""(50) cm T"", ""(60) cm T"", ""(70) cm T"", ""20 cm WT"", ""20 cm DT"", ""50 cm WT"", ""50 cm DT"", ""100 cm WT"", ""100 cm DT"", ""200 cm WT"", ""200 cm DT"", ""PAR"", ""Rnet"", ""Rsolar"", ""G1"", ""G2"", ""Ave G"", ""Corr. G"", ""WS 20 cm"", ""ws 50 cm"", ""WS 100 cm"", ""WS 200 cm"", ""W. Direction"", ""SD W. Dir."", ""Ave. u"", ""u*"", ""Corr. H"", ""WPL w'E'"", ""Le"", ""WPL w'C'""
)",NULL,NULL,NULL,NULL,NULL,NULL,NULL,FALSE
doi:10.5065/D647481V,"Happy Valley: CO2, H2O and Heat Flux Data (Excel) [Oechel, W.]","c(""Arctic"", ""Surface"")",NULL,NA,TRUE,https://cn.dataone.org/cn/v2/resolve/doi%3A10.5065%2FD647481V,"This data set contains eddy correlation data including CO2, H20, and Heat Flux at the Happy Valley Site in Alaska, 1994. The data is in excel format. For more information, please see the readme file.",NULL,NULL,NULL,NULL,NULL,NULL,NULL,NULL,FALSE
doi:10.18739/A2FX73Z8T,"Home Page for the Circumpolar Active Layer Monitoring (CALM) program, 1990-2002","c(""Arctic"", ""Surface"")",NULL,NA,TRUE,https://cn.dataone.org/cn/v2/resolve/doi%3A10.18739%2FA2FX73Z8T,"This dataset consists of the Home Page for the Circumpolar Active Layer Monitoring (CALM) program as well as multiple directories and files of jpg and gif images, docs, html files, powerpoint, xls and txt files. The data are from a CD and are contained in a single gzipped tar file. The CALM program is designed to monitor and model changes in the thickness of the active layer above permafrost. CALM consists of 81 research sites operated by researchers from Austria, Canada, China, Denmark/Greenland, Kazakstan, Poland/Svalbard, Russia, Sweden/Svalbard, Switzerland and the United States. Investigators at these sites measure the seasonal thaw depth across plots using a standard protocol. Soil and air temperature, and soil moisture content, are also measured at many sites using a standard format. The soil, landscape, and vegetation at each site is also described.",NULL,NULL,NULL,NULL,NULL,NULL,NULL,NULL,FALSE
doi:10.18739/A2JH3D393,Humans and Hydrology at High Latitudes: Community Information,"c(""Social Science Interview"", ""Hydrology"", ""Arctic"")",NULL,NA,TRUE,https://cn.dataone.org/cn/v2/resolve/doi%3A10.18739%2FA2JH3D393,"This data set contains detailed community information for regions of Canada and Alaska. These data are utilized in the Arctic Rapid Integrated Monitoring System (ArcticRIMS) project to improve the development of the water stress model. This water stress model shows the effects of water resources, humans and climate change in the Arctic. Recent studies suggest that climate change will have a significant impact on Arctic hydrology. However, it is currently unknown which regions of the pan-Arctic are most vulnerable to future changes. In order to begin to address the future change to freshwater availability on a pan-Arctic scale, a system of Arctic typologies were used to enable the integration of biophysical data with socio-cultural data produced regionally, such as demographics and water values. Those mature data sets were used to study the strategic transformations of the high latitude water cycle. The overall objective of this research is to use a wide array of existing data sets in a synthesis effort to describe the vital role of freshwater in the lives of people in the pan-Arctic, how it has changed in the recent past, and how it is likely to change in the future.",NULL,NULL,NULL,NULL,NULL,NULL,NULL,NULL,FALSE
doi:10.6067:XCV8K073T9_meta$v=1470420061937,"IDENTIFICATION OF WOOD FROM THE SALMON RIVER ESTUARY, OREGON","c(""Historic"", ""Data Recovery / Excavation"", ""Three Rox shipwreck"", ""Wood"", ""Wood Identification"", ""11-051"")",NULL,NA,TRUE,https://cn.dataone.org/cn/v2/resolve/doi%3A10.6067%3AXCV8K073T9_meta%24v%3D1470420061937,"A single wood sample from an area believed to be the possible site of the Three Rox shipwreck was submitted for identification. This site is located in the Salmon River Estuary, Oregon. The wood is speculated to be part of an ancient shipwreck. “Amateur British historian Bob Ward has hypothesized the vessel is a Spanish Barque, pirated by Francis Drake on his famous voyage while in Costa Rica, and piloted by Rodrego Tello” (Kutsch 2011).",NULL,NULL,NULL,NULL,NULL,NULL,NULL,NULL,NA
doi:10.5065/D6W0942Z,"IGBP High Latitude Transects [McGuire, A. D. et al.]","c(""High Latitude Transects"", ""Arctic"", ""Surface"")",NULL,NA,TRUE,https://cn.dataone.org/cn/v2/resolve/doi%3A10.5065%2FD6W0942Z,"This dataset is an evaluation of how vegetation distribution, carbon stocks and turnover, and water and energy exchange are related to environmental variation spanned by the network of the International Geosphere–Biosphere Program (IGBP) high latitude transects.",NULL,NULL,NULL,NULL,NULL,NULL,NULL,NULL,FALSE
doi:10.18739/A2DP8T,ITEX Control Phenology synthesis dataset,"c(""EARTH SCIENCE > BIOSPHERE > VEGETATION > PLANT PHENOLOGY"", ""IN SITU/LABORATORY INSTRUMENTS > PHOTON/OPTICAL DETECTORS > VISUAL OBSERVATIONS"", ""MANNED FIELD STATION"", ""MULTIPLE"", ""LESS THAN 1 METER"", ""DAILY TO WEEKLY"", ""environment"")",NULL,NA,TRUE,https://cn.dataone.org/cn/v2/resolve/doi%3A10.18739%2FA2DP8T,These data are the synthesis data of phenology of control plots from across the International Tundra Experiment (ITEX) network for sites operating during the International Polar Year (IPY).,NULL,NULL,NULL,NULL,NULL,NULL,NULL,NULL,FALSE
doi:10.18739/A2XW47X20,Images of Normalized Difference Vegetation Index (NDVI) Data from International Tundra Experiment (ITEX) 1999,Arctic,NULL,NA,TRUE,https://cn.dataone.org/cn/v2/resolve/doi%3A10.18739%2FA2XW47X20,"This dataset contains jpg images of the Normalized Difference Vegetation Index (NDVI) Data from ITEX 1999. For more information, please see the readme file.",NULL,NULL,NULL,NULL,NULL,NULL,NULL,NULL,FALSE
doi:10.5063/F1ZG6QFR,Infanticide by females in mammals,"c(""social competition"", ""sexual selection"", ""phylogenetic comparison"", ""sociality"", ""kinship"", ""behavior"")",NULL,NA,TRUE,https://cn.dataone.org/cn/v2/resolve/doi%3A10.5063%2FF1ZG6QFR,The data presented in these sheets is the basis for the analyses presented in: Lukas D. & Huchard E. (2018)  The evolution of infanticide by females in mammals. bioRxiv 405688; doi: https://doi.org/10.1101/405688,"c(""animal"", ""femaleinfanticide_anyform"", ""captivity"", ""femaleinfanticide_extraterritorial"", ""femaleinfanticide_socialbreeder"", ""femaleinfanticide_breedingassociation"", ""femaleinfanticide_pairbreeder"", ""socialsystem_solitary"", ""socialsystem_socialbreeder"", ""socialsystem_associatedbreeder"", ""socialsystem_pairbreeder"", ""socialsystem_paternalcare"", ""socialsystem_cooperativebreeder"", ""socialsystem_singlebreedingfemale_perrange"", ""female_philopatry"", ""average_relatedness"", ""litter_size"", ""interbirth_interval"", 
""weaning_age"", ""offspring_mass"", ""adult_body_mass"", ""relative_offspringmass"", ""maleinfanticide"", ""carnivore"", ""environmental_harshness"", ""maternal_energetic_investment"", ""burrow_use"", ""milk_energy"", ""relative_growth_rate"", ""number_potential_allocarers"", ""dominance_hierarchy"", ""agedependent_rankacquisition"", ""nepotistic_rankacquisition"", ""forcible_evictions"", ""Species"", ""Killer_high_ranking?"", ""Killer_subordinate?"", ""Killer_old?"", ""Killer_young?"", ""Killer_pregnant?"", ""Killer_with_dependant_young?"", 
""Killer_pregnant_or_with_dependent_offspring"", ""Victims_dependent?"", ""Victims_altricial?"", ""Killer_&_victims_related?"", ""Killer_&_victims_in_same_social_group?"", ""Offspring_sex?"", ""Killer_&_victim_share_burrow?"", ""Captvity?"", ""Victim_litter_size?"", ""Attempt_to_suckle_by_victim?"", ""Communal_nursing_observed?"")",NULL,NULL,Mammalia,NULL,NULL,NULL,NULL,FALSE
doi:10.5065/D69C6VFZ,"Integrated Chlorophyll (0-100 m, mg m-2), All Data [Ashjian]","c(""Ship"", ""Arctic"", ""Biology"", ""Oceanography"", ""oceans"")",NULL,NA,TRUE,https://cn.dataone.org/cn/v2/resolve/doi%3A10.5065%2FD69C6VFZ,"This data set contains the integrated chlorophyll concentration (milligrams per square meter (mg/m2)) in the upper 100 meters or total water column for depths shallower than 100 meters and maximum chlorophyll concentration at each station. The data set from where the data originated is identified in the first column. Each station has a unique ID (second column). Bottom depth noted where available. Missing values are denoted with -999.99. No information on time zone was available. This dataset is part of the Pacific Marine Arctic Regional Synthesis (PacMARS) Project. Note: sources for the data are listed in the documentation link below, and more completely available in the companion dataset.",NULL,NULL,NULL,NULL,NULL,NULL,NULL,NULL,FALSE
doi:10.5065/D67S7KTG,Integrated Chlorophyll Concentration 1980-1999 [Ashjian] - Preliminary,"c(""Ship"", ""Arctic"", ""Oceanography"", ""oceans"")",NULL,NA,TRUE,https://cn.dataone.org/cn/v2/resolve/doi%3A10.5065%2FD67S7KTG,Extracted chlorophyll. Missing value = -999. Note: this dataset is preliminary and has been superseded. See below for link.,NULL,NULL,NULL,NULL,NULL,NULL,NULL,NULL,FALSE
doi:10.5063/F15X2739,"Invertebrate visitation to Silene acaulis flowers in BC, Canada","c(""pollinators"", ""alpine"", ""flowers"", ""insects"", ""bess"")",NULL,NA,TRUE,https://cn.dataone.org/cn/v2/resolve/doi%3A10.5063%2FF15X2739,"Positive interactions are ubiquitous processes within ecological communities that influence patterns of species diversity and ecosystem functioning. By reducing abiotic stress, such as desiccation, nurse plants positively affect (facilitate) associated plant species. Although plantâplant interactions are well documented, consequences of plants on higher trophic levels are rarely examined. Here, we test for trophic consequences of the plant community by comparing visitation and diversity of pollinator and arthropod communities between cushion plants and nonâcushion plants throughout the season. Cushion plants were found to have significantly higher visitation rate and diversity of both arthropods and pollinators relative to all other nonâcushion plants. The positive effect of cushion plants found here can be explained for arthropods by cooler and more humid conditions and for pollinators by providing more abundant floral resources throughout the season. Although cushion plants have commonly been reported to facilitate other plants, this study shows that the cushion plant Silene acaulis has a positive effect on plants, arthropods, and pollinators with the greatest positive effect on pollinators. Other cushion plant species are likely also foundation species for many alpine trophic levels and have the capacity to stabilize species diversity at a community level by providing refuges for arthropods and resources for pollinators.",NULL,NULL,NULL,NULL,NULL,NULL,NULL,Silene acaulis,FALSE
doi:10.18739/A27D2Q810,Joint Global Ocean Flux study (JGOFS) data set containing sea surface data from the Nathaniel B. Palmer data acquisition system onboard the 2003 NBP03-04a Cruise,"c(""Ship"", ""Arctic"", ""Surface"")",NULL,NA,TRUE,https://cn.dataone.org/cn/v2/resolve/doi%3A10.18739%2FA27D2Q810,"This data set contains the Joint Global Ocean Flux study (JGOFS) data set from the Nathaniel B. Palmer (NBP) data acquisition system onboard the 2003 SBI Survey Cruise. The data set is divided into daily files each containing 22 columnar fields in text format. The fields contain various measurements taken from the ship including wind speed, wind direction, relative humidity, barometric pressure, and others.",NULL,NULL,NULL,NULL,NULL,NULL,NULL,NULL,FALSE
doi:10.5063/F10863S1,Juvenile Chum (Oncorhynchus keta) and Pink Salmon (O. gorbuscha) use of submerged vegetative habitats and the influence of an apex predator,"c(""Juvenile salmon"", ""nearshore structured habitats"", ""sea otters"", ""nursery"", ""submerged aquatic vegetation"", ""apex predators"")",Juvenile Chum (Onchorhynchus keta) and Pink Salmon (O. gorbuscha) use of submerged vegetative habitats in Southeast Alaska,NA,TRUE,https://cn.dataone.org/cn/v2/resolve/doi%3A10.5063%2FF10863S1,"Enclosed data and code are an archive for the manuscript accepted with Marine and Coastal Fisheries ""Juvenile Chum (Oncorhynchus keta) and Pink Salmon (O. gorbuscha) use of submerged vegetative habitats and the influence of an apex predator"". We include two scripts, one for each objective in the manuscript and the corresponding required datasets to run those analyses and generate figures and tables for the manuscript. Manuscript abstract Abstract Objective Apex predator-initiated trophic cascades occur in many nearshore marine habitats that simultaneously serve as critical habitat and food sources for commercially and ecologically important species, including juvenile salmon (Oncorhynchus spp.). Yet the potential relationships among apex predators (e.g. sea otters Enhydra lutris), submerged aquatic vegetation, and juvenile salmon are not well understood. In Southeast Alaska, we investigated (1) juvenile salmon abundance in eelgrass meadows and understory kelp beds and (2) potential drivers of juvenile Chum (Oncorhynchus keta) and Pink Salmon (O. gorbuscha) abundance in eelgrass meadows. Methods We analyzed historic (1998-2007) beach seine surveys to compare juvenile salmon abundance in nearshore habitats. We then employed the same survey (2017, 2019) in eelgrass to quantify juvenile salmon abundance alongside the influence of sea otter density (no./km2), distance from anadromous stream (km), seasonality, sediment categorization, and aboveground eelgrass biomass (g/m2). Results We found greater abundance of Chum Salmon in understory kelp compared to eelgrass, whereas Pink Salmon abundance was similar between habitats. In eelgrass, Chum Salmon abundance peaked in June and was positively associated with sea otter density. Pink Salmon abundance varied seasonally peaking in May. We found increased Pink Salmon abundance with increasing sea otter density, distance from anadromous stream and decreased abundance with increased eelgrass biomass. Conclusion Growth and survival while juvenile salmon are out-migrating from streams and relying on nearshore vegetated habitats can determine if salmon recruit to fisheries as adults. Here, we highlight the use of multiple habitats, eelgrass and understory kelp, indicating both should be explored as critical nursery habitat. We present evidence of indirect effects of sea otters influencing the abundance of juvenile salmonids, with potential further implications as sea otter populations expand. Apex predators, quality of vegetated habitats, and their structuring roles in the nearshore are critical for informing adaptive coastal fisheries management. Impact statement Eelgrass is often highlighted as a nursery habitat for juvenile salmon that provides foraging grounds and refuge from predation, but this research suggests that understory kelp should also be assessed as critical habitat. Additionally, the presence of juvenile salmon in the nearshore is modulated by sea otter density (no./km2), distance from anadromous stream (km), seasonality, and above ground eelgrass biomass (g/m2). We identified indirect effects of an apex predator influencing the abundance of juvenile Pink Salmon and to a lesser extent juvenile Chum Salmon and highlight implications for habitat quality as sea otters continue to expand spatially in Southeast Alaska.","c(""X"", ""site"", ""site_ID"", ""YYYYMMDD_sed"", ""year"", ""n_surv1"", ""n_surv2"", ""dens_surv1"", ""dens_surv2"", ""avg_density"", ""sd_density"", ""dissolved_02_mg.l_surface"", ""dissolved_02_percent_surface"", ""specific_conductivity_surface"", ""salinity_ppt_surface"", ""temperature_C_surface"", ""dissolved_02_mg.l_transect"", ""dissolved_02_percent_transect"", ""specific_conductivity_transect"", ""salinity_ppt_transect"", ""temperature_C_transect"", ""avg_shoot"", ""sd_shoot"", ""avg_flowering"", ""sd_flowering"", ""date"", ""juli_date"", ""SALCHIN"", 
""SALCHUM"", ""SALCOHO"", ""SALPINK"", ""SALSOCK"", ""abundance"", ""dist_anad_km"", ""avg_biom_site_gm2"", ""habitat"", ""latitude"", ""longitude"", ""trans_type"", ""sed1_avg"", ""sed2_avg"", ""sed1_sd"", ""sed2_sd"", ""length_anad_km"", ""X.1"", ""SiteID"", ""EventID"", ""Date"", ""Season"", ""Mon"", ""SeasonNoYear"", ""Year"", ""Gear"", ""Temp"", ""Salinity"", ""Region"", ""Locale"", ""Location"", ""SubLocale"", ""Nickname"", ""Habitat"", ""Lat1"", ""Long1"", ""SpCode"", ""Sp_CommonName"", ""Sp_ScientificName"", ""Length"", ""Unmeasured"", ""taxon"")",NULL,NULL,NULL,NULL,NULL,Oncorhynchus,gorbuscha,NA
doi:10.18739/A2XS5JJ43,Kapuskasing (KAP) Super Dual Auroral Radar Network (SuperDARN) High Frequency (HF) Radar Ground Scatter Data (1996-2002),"c(""Arctic"", ""Polar"", ""Northern Hemisphere"", ""Doppler Radar"", ""SuperDARN"")",NNA: Remote Sensing of Arctic Sea Ice Using the Super Dual Auroral Radar Network,NA,TRUE,https://cn.dataone.org/cn/v2/resolve/doi%3A10.18739%2FA2XS5JJ43,"The Super Dual Auroral Radar Network (SuperDARN) is an international network of ground-based, space weather radars which have operated continuously in the Arctic and Antarctic regions for more than 30 years. These high-frequency (HF) radars use over-the-horizon (OTH) radio wave propagation to detect ionospheric plasma structures across ranges of several thousand kilometers (km). As a byproduct of this technique, the transmitted radar signals frequently reflect from the Earth's surface and can be observed as ground backscatter echoes.  The monthly files in this dataset contain maps of daily ground backscatter observations from the Kapuskasing (KAP) SuperDARN HF radar binned onto an equal-area 24 km grid.  The KAP radar is located in Ontario, Canada (49.39°N, 82.32°W) and is operated by Virginia Tech (Principal Investigator: J. Michael Ruohoniemi, mikeruo@vt.edu) with funding support from the National Science Foundation.","c(""lat"", ""lon"", ""cell_index"", ""time_bnds"", ""lat_bnds"", ""lon_bnds"", ""nscan"", ""count"", ""elv"", ""pow"", ""wid"", ""time"", ""cpid"", ""ims_surface_value"")",NULL,NULL,NULL,NULL,NULL,NULL,NULL,NA
doi:10.5063/F1988577,Known global occurrences of Rhacognathus americanus Uhler (Hemiptera: Pentatomidae) 2018,"c(""stink bug"", ""extirpated"", ""conservation"", ""Hemiptera"")",NULL,NA,TRUE,https://cn.dataone.org/cn/v2/resolve/doi%3A10.5063%2FF1988577,"This dataset provides the specimen and literature based records of Rhacognathus americanus Uhler (Hemiptera: Pentatomoidae) from North America, in an effort to support the argument that this species has disappeared in Ontario and, apparently, across its entire range. A published account of these records titled ""Does it make scents? Making a case for the extirpation, and possibly extinction, of the native stink bug Rhacognathus americanus (Pentatomidae: Asopinae)"" occurs in the Journal of the Entomological Society of Ontario. Specimen records were obtained by contacting major collections that occur within the known range of this species. Published accounts are discussed as they relate to a specific occurrence, and occurrences based solely on literature records are also included. The web-based platforms Bugguide.net and iNaturalist were also examined for additional records and, as of 1 September 2018, had no further records than those provided here.  A total of 39 occurrences were found, with the earliest record from 1900 and the last record from 1966. As of September 2018, no later records after 1966 were found.",NULL,NULL,NULL,NULL,NULL,Pentatomidae,NULL,Rhacognathus americanus,FALSE
doi:10.5063/F13J3B5D,"Lake, wetland, and stream biotic and abiotic properties from the National Aquatic Resource Surveys","c(""lakes"", ""streams"", ""wetlands"", ""macro scale"", ""biota"", ""nutrients"")",NULL,NA,TRUE,https://cn.dataone.org/cn/v2/resolve/doi%3A10.5063%2FF13J3B5D,"Broad-scale studies of freshwaters have improved our understanding about how biotic and abiotic processes will respond to ecosystem change and environmental threats such as climate, depletion of natural resources, and contamination of air and water. Although we know that hydrologic connections between freshwater ecosystems are important for many biotic and abiotic processes, lakes, wetlands, and streams are typically studied in isolation of one another at broad scales. These data were compiled at the US conterminous scale using the Environmental Protection Agency's National Aquatic Resource Surveys that includes sample sites from 3 datasets: the 2012 National Lakes Assessment (NLA), the 2011 National Wetland Condition Assessment (only the freshwater wetlands were selected) (NWCA), and the 2008-2009 National Rivers and Streams Assessment (NRSA). Such datasets can provide a large volume of data across a wide study extent spanning multiple spatial scales and provide new opportunities to quantify and understand ecosystem processes and patterns at broad-scales. The goal of our dataset was to compare drivers and spatial structure of freshwater properties across lakes, wetlands, and streams at macroscales. The finished database contains information on abiotic properties (e.g. TP, TN) and biotic properties (e.g. chlorophyll-a, aquatic vegetation, macroinvertebrate complexity) of over 3,000 waterbodies and their associated landscape context characteristics (e.g. land use/cover, climate). This database could continue to be used for holistic studies that cross ecosystem types and also combined with other data to improve broad-scale understanding, management, and inference.",NULL,NULL,NULL,NULL,NULL,NULL,NULL,NULL,FALSE
doi:10.18739/A2S46H696,LeConte Bay CHIRP Subsurface Data 2017,"c(""fjord"", ""CHIRP"", ""subsurface"", ""seabed"", ""glacier"", ""seismic"")",Collaborative Research: Impact of subglacial discharge on turbulent plume dynamics and ocean-glacier heat and mass transfer,NA,TRUE,https://cn.dataone.org/cn/v2/resolve/doi%3A10.18739%2FA2S46H696,"CHIRP subsurface seismic data  These data are raw .sgy files of CHIRP subsurface data collected from LeConte Bay, Alaska (AK) in September 2017, as part of a study aimed at investigating sedimentation in front of a retreating tidewater glacier. We acquired more than 45 kilometers (km) of sub-bottom sonar profiles across- and along-fjord.  A .nc (netcdf) file of aggregated xy location data and other metadata is also included for ease in viewing data extents.  Reference and more details: Eidam, E.F., D.A. Sutherland, D. Duncan, C. Kienholz, J.M. Amundson, and R.J. Motyka, 2020. Morainal bank evolution and fjord infilling during a tidewater glacier stillstand, on seasonal to decadal timescales, J. Geophys. Res. Earth Surf., 125, e2019JF005359, https://doi.org/10.1029/2019JF005359.","c(""x"", ""y"")",NULL,NULL,NULL,NULL,NULL,NULL,NULL,FALSE
doi:10.18739/A21J97859,LeConte Bay Seafloor Elevation Data 1999 - 2018,"c(""Fjord"", ""Multibeam"", ""Bathymetry"", ""Seafloor morphology"", ""Sediment"")",Collaborative Research: Impact of subglacial discharge on turbulent plume dynamics and ocean-glacier heat and mass transfer,NA,TRUE,https://cn.dataone.org/cn/v2/resolve/doi%3A10.18739%2FA21J97859,"Multibeam data of LeConte Bay seafloor from the inner fjord.  These are processed multibeam sonar data from LeConte Bay, southeast Alaska. The data come from five cruises grouped into five files:  1) Aug 1999 and Sep 2000 (20-meter (m) resolution) - 1 file;  2) August 2016 (20-m and 4-m resolution) - 2 files;  3) May 2017 (2-m resolution) - 1 file;  4) Sep 2018 (2-m resolution) - 1 file.  The datasets collected in 2016-2018 originally included ice-face data, as reported in Sutherland et al., 2019 (DOI 10.1126/science.aax3528) and archived as a dataset - Multibeam sonar data of the face of LeConte Glacier, southeast Alaska, 2016 - 2017 (https://doi.org/10.18739/A2599Z28K). The data presented here include only the seafloor data, exclusive of the ice face. They are referenced to World Geodetic System 1984 (WGS84), Universal Transvers Mercator (UTM) zone 8 (meters easting/northing), and mean sea level.  Reference and more details: Eidam, E.F., D.A. Sutherland, D. Duncan, C. Kienholz, J.M. Amundson, and R.J. Motyka, 2020. Morainal bank evolution and fjord infilling during a tidewater glacier stillstand, on seasonal to decadal timescales, J. Geophys. Res. Earth Surf., 125, e2019JF005359, https://doi.org/10.1029/2019JF005359.","c(""z"", ""x"", ""y"")",NULL,NULL,NULL,NULL,NULL,NULL,NULL,FALSE
doi:10.6067:XCV85D8VDK_meta$v=1502931124983,Leafy Legacies: The Ecofactual Value of Surface Vegetation and a Critique of its Documentation,"c(""Methodology, Theory, or Synthesis"", ""Records Search / Inventory Checking"", ""Environment Research"", ""Flora"", ""Vegetation"", ""Flora"", ""Archaeological Documentation"", ""Ecofacts"", ""anthropogenic"", ""human-modified"", ""surface vegetation"")",NULL,NA,TRUE,https://cn.dataone.org/cn/v2/resolve/doi%3A10.6067%3AXCV85D8VDK_meta%24v%3D1502931124983,"This landscape archaeology-oriented presentation concerns on-going thesis research that seeks to change the way archaeologists perform site surveys, as the prevailing method of recording site surface vegetation is of little research value. This presentation seeks to draw attention to the under-appreciated value of surface vegetation at sites as ecofacts, offering a critique of how it is presently documented on site forms, and suggesting some procedural solutions to increase their usefulness to the researcher.",NULL,NULL,NULL,NULL,NULL,NULL,NULL,NULL,NA
doi:10.5063/F14J0CCP,"List of Useful Plant species according to the State of the World's Plants report (RBG Kew, 2016)","c(""Useful plants"", ""Angiosperms (flowering plants)"")",NULL,NA,TRUE,https://cn.dataone.org/cn/v2/resolve/doi%3A10.5063%2FF14J0CCP,"The Royal Botanic Gardens, Kew (RBG Kew) published in 2016 the first State of the World's Plant report, with key statistics on plants. One of the highlights was the indication of at least 31,128 flowering plant species with a documented use. We provide here this list, including family, genus, full species name (with authors) and the level 1 of use, according to a simplified version of the economic botany data standards. Suggested citation: Diazgranados M., Allkin B., Black N., Canteiro C., Eastwood R., Hargreaves S., Hudson A., Milliken W., Nesbitt M., Willis K. & Ulian T. 2018. List of Useful Plant species according to the State of the World`s Plants report (RBG Kew, 2016). Knowledge Network for Biocomplexity.",NULL,Plantae,NULL,NULL,NULL,NULL,NULL,NULL,FALSE
doi:10.5063/F1N8781H,"List of Useful Plant species according to the State of the World`s Plants report (RBG Kew, 2016)","c(""Useful plants"", ""Angiosperms (flowering plants)"")",NULL,NA,TRUE,https://cn.dataone.org/cn/v2/resolve/doi%3A10.5063%2FF1N8781H,"The Royal Botanic Gardens, Kew (RBG Kew) published in 2016 the first State of the World's Plant report, with key statistics on plants. One of the highlights was the indication of at least 31,128 flowering plant species with a documented use. We provide here this list, including family, genus, full species name (with authors) and the level 1 of use, according to a simplified version of the economic botany data standards. Suggested citation: Diazgranados M., Allkin B., Canteiro C., Crowe C., Eastwood R., Hargreaves S., Hudson A., Iacona J., Milliken W., Nesbitt M., Turner R., Willis K., Ulian T. 2018. List of Useful Plant species according to the State of the World`s Plants report (RBG Kew, 2016). Knowledge Network for Biocomplexity. doi:10.5063/F1S180RT.",NULL,Plantae,NULL,NULL,NULL,NULL,NULL,NULL,NA
doi:10.18739/A2BG2HC5D,Local Environmental Observers (LEO) Network,Arctic Report Card 2021,Local Environmental Observers (LEO) Network,NA,TRUE,https://cn.dataone.org/cn/v2/resolve/doi%3A10.18739%2FA2BG2HC5D,"The Local Environmental Observer (LEO) Network is a group of local observers and topic experts who share knowledge about unusual animal, environment, and weather events. With LEO, you can connect with others in your community, share observations, raise awareness, and find answers about significant environmental events. You can also engage with topic experts in many different organizations and become part of a broader observer community.",NULL,NULL,NULL,NULL,NULL,NULL,NULL,NULL,FALSE
doi:10.5063/F1PK0DF9,Locations of sediment ecotypes of surfgrass (Phyllospadix spp.) along the west coast of North America (1996 to 2019),"c(""seagrass"", ""surfgrass"", ""rhizome"", ""root"", ""ecotype"", ""habitat"", ""anchoring"", ""attachment"")",NULL,NA,TRUE,https://cn.dataone.org/cn/v2/resolve/doi%3A10.5063%2FF1PK0DF9,"This dataset provides the coordinates for observations of different species of surfgrass (genus Phyllospadix) that were growing rooted in sediment rather than attached to rock. There are 51 locations provided. These observations were collected by a network of coastal scientists and the description/results of the work are reported in a peer-reviewed article entitled ""Between a rock and a soft place: surfgrass colonizes sediments without attachment to rock"" (published in the journal Ecology in 2019). These data are novel because previous observations on all members of Phyllospadix indicate that included species obligately attached to only rock; these are the first observations of recruitment in soft-sediment habitats.",NULL,NULL,NULL,NULL,NULL,Zosteraceae,"c(""Phyllospadix"", ""Zostera"")",NULL,FALSE
doi:10.6085/AA/marine_cbs.5.7,MARINe/PISCO: Intertidal: MARINe Coastal Biodiversity Surveys: Point Contact Surveys Summarized,"c(""Ocean"", ""Intertidal Processes"", ""Intertidal Zone"", ""Marine Biology"", ""Marine Invertebrates"", ""Marine Plants"", ""Marine Habitat"", ""Biosphere"", ""Aquatic Habitats"", ""Coastal Habitat"", ""Community Survey Data"", ""Intertidal Data"", ""Intertidal Community Survey Data"", ""Intertidal Coastal Biodiversity Survey"", ""SWAT Survey"", ""Baseline MPA monitoring"", ""Long-term MPA monitoring"", ""Marine Protected Area (MPA)"", ""Biological data"", ""Central Coast"", ""North Central Coast"", ""North Coast"", ""South Coast"", ""Multi-Agency Rocky Intertidal Network (MARINe)"", 
""Partnership for Interdisciplinary Studies of Coastal Oceans (PISCO)"", ""Algae"", ""Invertebrates"", ""PISCO"", ""MARINe"", ""Temperate Rocky Reef"", ""Intertidal"", ""Point Contact Survey"", ""Percent Cover"", ""Diversity"", ""Abundance"", ""Density"", ""Invertebrate"", ""Alaska"", ""British Columbia"", ""Canada"", ""Washington"", ""Oregon"", ""California"", ""Baja California"", ""Mexico"", ""Sonora"")",Multi-Agency Rocky Intertidal Network,NA,TRUE,https://cn.dataone.org/cn/v2/resolve/doi%3A10.6085%2FAA%2Fmarine_cbs.5.7,"Long-Term Monitoring and Biodiversity Surveys done by the Multi-Agency Rocky Intertidal Network (MARINe) occur throughout the year at sites ranging from Southeast Alaska to Mexico. Long Term Monitoring surveys assess within-site community change over time, while Biodiversity surveys were designed to capture among-site patterns of community structure (abundance and spatial distribution of species). In combination, the long-term, targeted species approach and the biodiversity surveys provide a wealth of information about the structure and dynamics of rocky intertidal communities along the Pacific Coast of North America.  This metadata record documents the Point Contact surveys for the MARINe Biodiversity Surveys. Biodiversity surveys are comprised of four components, all sampled along the same transects: (1) point contact estimates of intertidal cover and substrate characteristics, (2) swath transects to estimate the density of seastars and abalone, (3) quadrat sampling to estimate the density of mobile invertebrates, and (4) topography (elevation relative to mean low low water (mllw)). Selected sites are resampled on a 3-5 year cycle. A site is defined as a contiguous rocky bench of at least 30m. Point Contact sampling consists of recording the diversity and abundance of invertebrates and algae along 11 transects of variable length extending from the upper intertidal to the low intertidal.  Please note that species of concern have been removed from all public datasets, as well as data from sites funded by the National Park Service (NPS) and the United States Navy. For a comprehensive dataset, please contact the data set owner(s). For more information about the data described in this metadata record, please visit pacificrockyintertidal.org.  The long-term California MPA boundary and project info tables referenced in this dataset can be found as a separate dataset here: https://opc.dataone.org/view/doi:10.25494/P6V884","c(""marine_site_code"", ""marine_site_name"", ""marine_sort_order"", ""county"", ""island"", ""state_province"", ""country"", ""latitude"", ""longitude"", ""pisco_code"", ""mpa_region"", ""mpa_lt_region"", ""mpa_designation"", ""mpa_name"", ""LTM_project_short_code"", ""georegion"", ""bioregion"", ""final_classification"", ""cbs_species_definition"", ""primary_survey_type"", ""taxonomic_id"", ""taxonomic_source"", ""kingdom"", ""phylum"", ""class"", ""order"", ""family"", ""genus"", ""species"", ""rank"", ""species_lump"", ""species_lump_taxonomic_id"", ""cbs_site_code"", 
""survey_rep"", ""year"", ""Min(sample_date)"", ""Max(sample_date)"", ""number_of_hits"", ""number_of_transect_locations"", ""percent_cover"", ""last_updated"")",NULL,NULL,NULL,NULL,NULL,NULL,NULL,FALSE
doi:10.6085/AA/marine_cbs.9.8,MARINe/PISCO: Intertidal: MARINe Coastal Biodiversity Surveys: Quadrat Surveys Summarized,"c(""Ocean"", ""Intertidal Processes"", ""Intertidal Zone"", ""Marine Biology"", ""Marine Invertebrates"", ""Marine Plants"", ""Marine Habitat"", ""Biosphere"", ""Aquatic Habitats"", ""Coastal Habitat"", ""Community Survey Data"", ""Intertidal Data"", ""Intertidal Community Survey Data"", ""Intertidal Coastal Biodiversity Survey"", ""SWAT Survey"", ""Baseline MPA monitoring"", ""Long-term MPA monitoring"", ""Marine Protected Area (MPA)"", ""Biological data"", ""Central Coast"", ""North Central Coast"", ""North Coast"", ""South Coast"", ""Multi-Agency Rocky Intertidal Network (MARINe)"", 
""Partnership for Interdisciplinary Studies of Coastal Oceans (PISCO)"", ""Algae"", ""Invertebrates"", ""PISCO"", ""Temperate Rocky Reef"", ""Intertidal"", ""Quadrat Survey"", ""Density"", ""Mobile Invertebrate"", ""Alaska"", ""British Columbia"", ""Canada"", ""Washington"", ""Oregon"", ""California"", ""Baja California"", ""Mexico"", ""Sonora"")",Multi-Agency Rocky Intertidal Network,NA,TRUE,https://cn.dataone.org/cn/v2/resolve/doi%3A10.6085%2FAA%2Fmarine_cbs.9.8,"Long-Term Monitoring and Biodiversity Surveys done by the Multi-Agency Rocky Intertidal Network (MARINe) occur throughout the year at sites ranging from Southeast Alaska to Mexico. Long Term Monitoring surveys assess within-site community change over time, while Biodiversity surveys were designed to capture among-site patterns of community structure (abundance and spatial distribution of species). In combination, the long-term, targeted species approach and the biodiversity surveys provide a wealth of information about the structure and dynamics of rocky intertidal communities along the Pacific Coast of North America.  This metadata record documents the Quadrat surveys for the MARINe Biodiversity Surveys. Biodiversity surveys are comprised of four components, all sampled along the same transects: (1) point contact estimates of intertidal cover and substrate characteristics, (2) swath transects to estimate the density of seastars and abalone, (3) quadrat sampling to estimate the density of mobile invertebrates, and (4) topography (elevation relative to mean low low water (mllw)). Selected sites are resampled on a 3-5 year cycle. A site is defined as a contiguous rocky bench of at least 30m. Quadrat sampling consists of recording the number of mobile invertebrate species within thirty-three 0.5m x 0.5m quadrats placed along 11 transects of variable length extending from the upper intertidal to the low intertidal.  Please note that species of concern have been removed from all public datasets, as well as data from sites funded by the National Park Service (NPS) and the United States Navy. For a comprehensive dataset, please contact the data set owner(s). For more information about the data described in this metadata record, please visit pacificrockyintertidal.org.  The long-term California MPA boundary and project info tables referenced in this dataset can be found as a separate dataset here: https://opc.dataone.org/view/doi:10.25494/P6V884","c(""marine_site_code"", ""marine_site_name"", ""marine_sort_order"", ""county"", ""island"", ""state_province"", ""country"", ""latitude"", ""longitude"", ""pisco_code"", ""mpa_region"", ""mpa_lt_region"", ""mpa_designation"", ""mpa_name"", ""LTM_project_short_code"", ""georegion"", ""bioregion"", ""final_classification"", ""cbs_species_definition"", ""primary_survey_type"", ""taxonomic_id"", ""taxonomic_source"", ""kingdom"", ""phylum"", ""class"", ""order"", ""family"", ""genus"", ""species"", ""rank"", ""species_lump"", ""species_lump_taxonomic_id"", ""cbs_site_code"", 
""survey_rep"", ""year"", ""Min(sample_date)"", ""Max(sample_date)"", ""total_count"", ""number_of_quadrats_sampled"", ""total_area_sampled_m2"", ""density_per_m2"", ""last_updated"")",NULL,NULL,NULL,NULL,NULL,NULL,NULL,FALSE
doi:10.6085/AA/marine_cbs.11.13,MARINe/PISCO: Intertidal: MARINe Coastal Biodiversity Surveys: Swath Surveys Summarized,"c(""Ocean"", ""Intertidal Processes"", ""Intertidal Zone"", ""Marine Biology"", ""Marine Invertebrates"", ""Marine Plants"", ""Marine Habitat"", ""Biosphere"", ""Aquatic Habitats"", ""Coastal Habitat"", ""Baseline MPA monitoring"", ""Long-term MPA monitoring"", ""Marine Protected Area (MPA)"", ""Biological data"", ""Central Coast"", ""North Central Coast"", ""North Coast"", ""South Coast"", ""Multi-Agency Rocky Intertidal Network (MARINe)"", ""Partnership for Interdisciplinary Studies of Coastal Oceans (PISCO)"", ""Algae"", ""Invertebrates"", 
""Community Survey Data"", ""Intertidal Data"", ""Intertidal Community Survey Data"", ""Intertidal Coastal Biodiversity Survey"", ""SWAT Survey"", ""PISCO"", ""Temperate Rocky Reef"", ""Intertidal"", ""Swath Survey"", ""Density"", ""Mobile Invertebrate"", ""Seastar"", ""Abalone"", ""Alaska"", ""British Columbia"", ""Canada"", ""Washington"", ""Oregon"", ""California"", ""Baja California"", ""Mexico"", ""Sonora"")",Multi-Agency Rocky Intertidal Network,NA,TRUE,https://cn.dataone.org/cn/v2/resolve/doi%3A10.6085%2FAA%2Fmarine_cbs.11.13,"Long-Term Monitoring and Biodiversity Surveys done by the Multi-Agency Rocky Intertidal Network (MARINe) occur throughout the year at sites ranging from Southeast Alaska to Mexico. Long Term Monitoring surveys assess within-site community change over time, while Biodiversity surveys were designed to capture among-site patterns of community structure (abundance and spatial distribution of species). In combination, the long-term, targeted species approach and the biodiversity surveys provide a wealth of information about the structure and dynamics of rocky intertidal communities along the Pacific Coast of North America.  This metadata record documents the Swath surveys for the MARINe Biodiversity Surveys. Biodiversity surveys are comprised of four components, all sampled along the same transects: (1) point contact estimates of intertidal cover and substrate characteristics, (2) swath transects to estimate the density of seastars and abalone, (3) quadrat sampling to estimate the density of mobile invertebrates, and (4) topography (elevation relative to mean low low water (mllw)). Selected sites are resampled on a 3-5 year cycle. A site is defined as a contiguous rocky bench of at least 30m. Swath sampling consists of recording the number of seastars and abalone on eleven 2m wide transects of variable length extending from the upper intertidal to the low intertidal.  Please note that species of concern have been removed from all public datasets, as well as data from sites funded by the National Park Service (NPS) and the United States Navy. For a comprehensive dataset, please contact the data set owner(s). For more information about the data described in this metadata record, please visit pacificrockyintertidal.org.  The long-term California MPA boundary and project info tables referenced in this dataset can be found as a separate dataset here: https://opc.dataone.org/view/doi:10.25494/P6V884","c(""marine_site_code"", ""marine_site_name"", ""marine_sort_order"", ""county"", ""island"", ""state_province"", ""country"", ""latitude"", ""longitude"", ""pisco_code"", ""mpa_region"", ""mpa_lt_region"", ""mpa_designation"", ""mpa_name"", ""LTM_project_short_code"", ""georegion"", ""bioregion"", ""final_classification"", ""cbs_species_definition"", ""primary_survey_type"", ""taxonomic_id"", ""taxonomic_source"", ""kingdom"", ""phylum"", ""class"", ""order"", ""family"", ""genus"", ""species"", ""rank"", ""species_lump"", ""species_lump_taxonomic_id"", ""cbs_site_code"", 
""survey_rep"", ""year"", ""Min(sample_date)"", ""Max(sample_date)"", ""total_count"", ""number_of_transects_sampled"", ""est_swath_area_searched_m2"", ""density_per_m2"", ""last_updated"")",NULL,NULL,NULL,NULL,NULL,NULL,NULL,FALSE
doi:10.6085/AA/marine_cbs.1.3,MARINe/PISCO: Intertidal: MARINe Coastal Biodiversity Surveys: Swath Surveys: Pisaster density data,"c(""Ocean"", ""Intertidal Processes"", ""Intertidal Zone"", ""Marine Biology"", ""Marine Invertebrates"", ""Marine Plants"", ""Marine Habitat"", ""Biosphere"", ""Aquatic Habitats"", ""Coastal Habitat"", ""Community Survey Data"", ""Intertidal Data"", ""Intertidal Community Survey Data"", ""Intertidal Coastal Biodiversity Survey"", ""SWAT Survey"", ""PISCO"", ""Temperate Rocky Reef"", ""Intertidal"", ""Swath Survey"", ""Density"", ""Mobile Invertebrate"", ""Seastar"", ""Abalone"", ""Alaska"", ""British Columbia"", ""Canada"", ""Washington"", ""Oregon"", 
""California"", ""Baja California"", ""Mexico"", ""Sonora"")",Multi-Agency Rocky Intertidal Network,NA,TRUE,https://cn.dataone.org/cn/v2/resolve/doi%3A10.6085%2FAA%2Fmarine_cbs.1.3,"This metadata record documents the Swath surveys for PISCO intertidal coastal biodiversity surveys. This dataset was used for the following publication: https://dx.plos.org/10.1371/journal.pone.0192870. These data are a subset of our full sea star dataset available at https://doi.org/10.6085/AA/marine_cbs.11.3 Swath sampling consists of recording the number of seastars and abalone on eleven 2m wide transects of variable length extending from the upper intertidal to the low intertidal. Intertidal surveys are comprised of four components, all sampled along the same transects: (1) point contact estimates of intertidal cover and substrate characteristics, (2) swath transects to estimate the density of seastars and abalone, (3) quadrat sampling to estimate the density of mobile invertebrates, and (4) topography (elevation relative to mean low low water (mllw)). Intertidal coastal biodiversity surveys are conducted throughout the year at sites ranging from Southeast Alaska to Baja California, Mexico. Selected sites are resampled on a 3 to 5 year cycle. A site is defined as a contiguous rocky bench of at least 30m.","c(""intertidal_sitename"", ""filename_prefix"", ""intertidal_sort_order"", ""biodiversity_site_code"", ""marine_site_code"", ""intertidal_geographic_region"", ""intertidal_bioregion"", ""survey_rep"", ""year"", ""latitude(dd)"", ""longitude(dd)"", ""graph_classification"", ""density_per_m2"")",NULL,NULL,NULL,NULL,NULL,NULL,NULL,FALSE
doi:10.6085/AA/pisco_intertidal.53.8,MARINe/PISCO: Intertidal: MARINe Coastal Biodiversity Surveys: Topography Surveys,"c(""Ocean"", ""Intertidal Processes"", ""Intertidal Zone"", ""Marine Biology"", ""Marine Invertebrates"", ""Marine Plants"", ""Marine Habitat"", ""Biosphere"", ""Aquatic Habitats"", ""Coastal Habitat"", ""Community Survey Data"", ""Intertidal Data"", ""Intertidal Community Survey Data"", ""Intertidal Coastal Biodiversity Survey"", ""SWAT Survey"", ""Baseline MPA monitoring"", ""Long-term MPA monitoring"", ""Marine Protected Area (MPA)"", ""Biological data"", ""Central Coast"", ""North Central Coast"", ""North Coast"", ""South Coast"", ""Multi-Agency Rocky Intertidal Network (MARINe)"", 
""Partnership for Interdisciplinary Studies of Coastal Oceans (PISCO)"", ""Algae"", ""Invertebrates"", ""PISCO"", ""Temperate Rocky Reef"", ""Intertidal"", ""Elevation Survey"", ""Topography Survey"", ""Mean Low Low Water"", ""Alaska"", ""British Columbia"", ""Canada"", ""Washington"", ""Oregon"", ""California"", ""Baja California"", ""Mexico"", ""Sonora"")",Multi-Agency Rocky Intertidal Network,NA,TRUE,https://cn.dataone.org/cn/v2/resolve/doi%3A10.6085%2FAA%2Fpisco_intertidal.53.8,"This metadata record documents the Topography surveys for PISCO intertidal coastal biodiversity surveys. Topography sampling consists of recording the elevation (relative to either mean low low water or mean sea level; depending on the reference used) along 11 transects of variable length extending from the upper intertidal to the low intertidal. Intertidal surveys are comprised of four components, all sampled along the same transects: (1) point contact estimates of intertidal cover and substrate characteristics, (2) swath transects to estimate the density of seastars and abalone, (3) quadrat sampling to estimate the density of mobile invertebrates, and (4) topography (elevation relative to mean low low water (mllw)). Intertidal coastal biodiversity surveys are conducted throughout the year at sites ranging from Southeast Alaska to Baja California, Mexico. Selected sites are resampled on a 3-5 year cycle. A site is defined as a contiguous rocky bench of at least 30m.For more information about the data described in this metadata record, please visit pacificrockyintertidal.org.","c(""pisco_code"", ""final_sitename"", ""site_code"", ""latitude(dd)"", ""longitude(dd)"", ""survey_rep"", ""year"", ""month"", ""day"", ""survey_method"", ""Island_name"", ""MPA_designation"", ""MPA_region"", ""MPA_name"", ""NMS_name"", ""ASBS_name"", ""National_designation"", ""State_Province_designation"", ""County_designation"", ""other_designation"", ""County"", ""State_Province_Country"", ""sampler"", ""sampler_code"", ""section"", ""transect"", ""location"", ""bolt_number"", ""bolt_latitude DD_dd (WGS84)"", ""bolt_longitude DD_dd (WGS84)"", ""bolt_height (m above MSL)(GEOID03 Conus)"", 
""tripod_position"", ""marker_code"", ""staff_height(m)"")",NULL,NULL,NULL,NULL,NULL,NULL,NULL,NA
doi:10.6085/AA/marine_ltm.1.2,MARINe/PISCO: Intertidal: MARINe Long-Term Monitoring Surveys: Photo Plots and Transects Raw,"c(""Ocean"", ""Intertidal Processes"", ""Intertidal Zone"", ""Marine Biology"", ""Marine Invertebrates"", ""Marine Plants"", ""Marine Habitat"", ""Biosphere"", ""Aquatic Habitats"", ""Coastal Habitat"", ""Community Survey Data"", ""Intertidal Data"", ""Intertidal Community Survey Data"", ""Intertidal Community Structure Data"", ""PISCO intertidal"", ""PISCO"", ""MARINe"", ""Temperate Rocky Reef"", ""Rocky Intertidal"", ""Percent Cover"", ""Diversity"", ""Abundance"", ""Density"", ""Invertebrate"", ""Algae"", ""Alaska"", ""Washington"", ""Oregon"", ""California"", 
""Pacific West Coast"")",Multi-Agency Rocky Intertidal Network,NA,TRUE,https://cn.dataone.org/cn/v2/resolve/doi%3A10.6085%2FAA%2Fmarine_ltm.1.2,"This metadata record documents the Photo Plot and Transect Survey data for the Multi-Agency Rocky Intertidal Network (MARINe) Long-Term Monitoring surveys. These surveys are done throughout the year at sites ranging from Southeast Alaska to Southern California. For more information about the data described in this metadata record, please visit pacificrockyintertidal.org.","c(""group_code"", ""site_code"", ""marine_site_name"", ""marine_sort_order"", ""latitude"", ""longitude"", ""survey_date"", ""marine_common_season"", ""marine_season_code"", ""marine_common_year"", ""season_sequence"", ""season_name"", ""target_assemblage"", ""plot_code"", ""lumping_code"", ""percent_cover"", ""mpa_designation"", ""mpa_region"", ""mpa_lt_region"", ""mpa_name"", ""georegion"", ""bioregion"", ""state_province"", ""island"", ""last_updated"", ""marine_species_name"", ""marine_species_definition"", ""taxonomic_id"", ""taxonomic_source"", ""kingdom"", 
""phylum"", ""class"", ""order"", ""family"", ""genus"", ""species"", ""county"", ""country"", ""pisco_code"", ""LTM_project_short_code"")",NULL,NULL,NULL,NULL,NULL,NULL,NULL,FALSE
doi:10.6085/AA/marine_ltm.4.14,MARINe/PISCO: Intertidal: MARINe Long-Term Monitoring Surveys: Photo Plots and Transects Summarized,"c(""Ocean"", ""Intertidal Processes"", ""Intertidal Zone"", ""Marine Biology"", ""Marine Invertebrates"", ""Marine Plants"", ""Marine Habitat"", ""Biosphere"", ""Aquatic Habitats"", ""Coastal Habitat"", ""Community Survey Data"", ""Intertidal Data"", ""Intertidal Community Survey Data"", ""Intertidal Community Structure Data"", ""PISCO intertidal"", ""Baseline MPA monitoring"", ""Long-term MPA monitoring"", ""Marine Protected Area (MPA)"", ""Biological data"", ""Central Coast"", ""North Central Coast"", ""North Coast"", ""South Coast"", ""Multi-Agency Rocky Intertidal Network (MARINe)"", 
""Partnership for Interdisciplinary Studies of Coastal Oceans (PISCO)"", ""Algae"", ""Invertebrates"", ""PISCO"", ""MARINe"", ""Temperate Rocky Reef"", ""Rocky Intertidal"", ""Percent Cover"", ""Diversity"", ""Abundance"", ""Density"", ""Invertebrate"", ""Alaska"", ""Washington"", ""Oregon"", ""California"", ""Pacific West Coast"")",Multi-Agency Rocky Intertidal Network,NA,TRUE,https://cn.dataone.org/cn/v2/resolve/doi%3A10.6085%2FAA%2Fmarine_ltm.4.14,"Long-Term Monitoring and Biodiversity Surveys done by the Multi-Agency Rocky Intertidal Network (MARINe) occur throughout the year at sites ranging from Southeast Alaska to Mexico. Long Term Monitoring surveys assess within-site community change over time, while Biodiversity surveys were designed to capture among-site patterns of community structure (abundance and spatial distribution of species). In combination, the long-term, targeted species approach and the biodiversity surveys provide a wealth of information about the structure and dynamics of rocky intertidal communities along the Pacific Coast of North America.  This metadata record documents the Photo Plot and Transect Survey data for MARINe Long-Term Monitoring surveys. Photo Plots are used to monitor percent cover of organisms within target species assemblages. Plots are established for a given species assemblage if overall cover at a site is sufficient for monitoring. Transects are used to monitor percent cover of surfgrass, kelps, and other algae.  Please note that species of concern have been removed from all public datasets, as well as data from sites funded by the National Park Service (NPS) and the United States Navy. For a comprehensive dataset, please contact the data set owner(s). For more information about the data described in this metadata record, please visit pacificrockyintertidal.org.  The long-term California MPA boundary and project info tables referenced in this dataset can be found as a separate dataset here: https://opc.dataone.org/view/doi:10.25494/P6V884","c(""group_code"", ""marine_site_name"", ""site_code"", ""site_lat"", ""site_long"", ""ltm_lat"", ""ltm_long"", ""marine_sort_order"", ""marine_common_year"", ""season_name"", ""marine_season_code"", ""marine_common_season"", ""min_survey_date"", ""max_survey_date"", ""target_assemblage"", ""survey_type_code"", ""species_code"", ""average_percent_cover"", ""num_plots_sampled"", ""stddev"", ""stderr"", ""state_province"", ""georegion"", ""bioregion"", ""mpa_designation"", ""mpa_region"", ""mpa_lt_region"", ""mpa_name"", ""island"", ""last_updated"", ""lumping_name"", 
""marine_species_name"", ""marine_species_definition"", ""WoRMS_AphiaID"", ""taxonomic_source"", ""kingdom"", ""phylum"", ""class"", ""order"", ""family"", ""genus"", ""species"", ""load_date"", ""county"", ""country"", ""latitude"", ""longitude"", ""pisco_code"", ""LTM_project_short_code"")",NULL,NULL,NULL,NULL,NULL,NULL,NULL,FALSE
doi:10.6085/AA/marine_ltm.9.3,MARINe/PISCO: Intertidal: MARINe Long-Term Monitoring Surveys: Pisaster ochraceus size summary,"c(""Ocean"", ""Intertidal Processes"", ""Intertidal Zone"", ""Marine Biology"", ""Marine Invertebrates"", ""Marine Plants"", ""Marine Habitat"", ""Biosphere"", ""Aquatic Habitats"", ""Coastal Habitat"", ""Community Survey Data"", ""Intertidal Data"", ""Intertidal Community Survey Data"", ""Intertidal Community Structure Data"", ""PISCO intertidal"", ""PISCO"", ""MARINe"", ""Temperate Rocky Reef"", ""Rocky Intertidal"", ""Percent Cover"", ""Diversity"", ""Abundance"", ""Density"", ""Invertebrate"", ""Algae"", ""Oregon"", ""California"", ""Pacific West Coast""
)",Multi-Agency Rocky Intertidal Network,NA,TRUE,https://cn.dataone.org/cn/v2/resolve/doi%3A10.6085%2FAA%2Fmarine_ltm.9.3,"This metadata record documents the Pisaster ochraceus size summary data for the Multi-Agency Rocky Intertidal Network (MARINe) Long-Term Monitoring surveys. This dataset was used for the following publication: https://dx.plos.org/10.1371/journal.pone.0192870. These data are a subset of our full sea star dataset available at https://doi.org/10.6085/AA/marine_ltm.4.1 These surveys are done throughout the year at sites ranging from Southeast Alaska to Southern California. For more information about the data described in this metadata record, please visit pacificrockyintertidal.org.","c(""group_code"", ""site_code"", ""marine_site_name"", ""site_filename"", ""marine_sort_order"", ""latitude"", ""longitude"", ""island"", ""state_province"", ""georegion"", ""marine_common_season"", ""marine_season_code"", ""target_assemblage"", ""species_code"", ""sea_star_size_bin"", ""total"")",NULL,NULL,NULL,NULL,NULL,NULL,NULL,FALSE
doi:10.6085/AA/marine_ltm.4.13,MARINe/PISCO: Intertidal: MARINe Long-Term Monitoring Surveys: Sea Stars and Katharina,"c(""Ocean"", ""Intertidal Processes"", ""Intertidal Zone"", ""Marine Biology"", ""Marine Invertebrates"", ""Marine Plants"", ""Marine Habitat"", ""Biosphere"", ""Aquatic Habitats"", ""Coastal Habitat"", ""Community Survey Data"", ""Intertidal Data"", ""Intertidal Community Survey Data"", ""Intertidal Community Structure Data"", ""PISCO intertidal"", ""Baseline MPA monitoring"", ""Long-term MPA monitoring"", ""Marine Protected Area (MPA)"", ""Biological data"", ""Central Coast"", ""North Central Coast"", ""North Coast"", ""South Coast"", ""Multi-Agency Rocky Intertidal Network (MARINe)"", 
""Partnership for Interdisciplinary Studies of Coastal Oceans (PISCO)"", ""Algae"", ""Invertebrates"", ""PISCO"", ""MARINe"", ""Temperate Rocky Reef"", ""Rocky Intertidal"", ""Percent Cover"", ""Diversity"", ""Abundance"", ""Density"", ""Invertebrate"", ""Alaska"", ""Washington"", ""Oregon"", ""California"", ""Pacific West Coast"")",Multi-Agency Rocky Intertidal Network,NA,TRUE,https://cn.dataone.org/cn/v2/resolve/doi%3A10.6085%2FAA%2Fmarine_ltm.4.13,"Long-Term Monitoring and Biodiversity Surveys done by the Multi-Agency Rocky Intertidal Network (MARINe) occur throughout the year at sites ranging from Southeast Alaska to Mexico. Long Term Monitoring surveys assess within-site community change over time, while Biodiversity surveys were designed to capture among-site patterns of community structure (abundance and spatial distribution of species). In combination, the long-term, targeted species approach and the biodiversity surveys provide a wealth of information about the structure and dynamics of rocky intertidal communities along the Pacific Coast of North America.  This metadata record documents the Sea Star and Katharina Survey data for MARINe Long-Term Monitoring surveys. Sea Star and Katharina surveys are done by recording the number of a specific organism found in a permanent plot at a given site.  Please note that species of concern have been removed from all public datasets, as well as data from sites funded by the National Park Service (NPS) and the United States Navy. For a comprehensive dataset, please contact the data set owner(s). For more information about the data described in this metadata record, please visit pacificrockyintertidal.org.  The long-term California MPA boundary and project info tables referenced in this dataset can be found as a separate dataset here: https://opc.dataone.org/view/doi:10.25494/P6V884","c(""group_code"", ""marine_site_name"", ""site_code"", ""site_lat"", ""site_long"", ""ltm_lat"", ""ltm_long"", ""marine_sort_order"", ""marine_common_year"", ""season_name"", ""marine_season_code"", ""marine_common_season"", ""min_survey_date"", ""max_survey_date"", ""target_assemblage"", ""species_code"", ""size_bin"", ""total"", ""num_plots_sampled"", ""method_code"", ""state_province"", ""georegion"", ""bioregion"", ""mpa_designation"", ""mpa_region"", ""mpa_lt_region"", ""mpa_name"", ""island"", ""last_updated"", ""lumping_name"", ""marine_species_name"", 
""marine_species_definition"", ""WoRMS_AphiaID"", ""taxonomic_source"", ""kingdom"", ""phylum"", ""class"", ""order"", ""family"", ""genus"", ""species"", ""load_date"", ""county"", ""country"", ""latitude"", ""longitude"", ""pisco_code"", ""LTM_project_short_code"")",NULL,NULL,NULL,NULL,NULL,NULL,NULL,FALSE
doi:10.6085/AA/marine_ltm.20.1,MARINe: Intertidal: MARINe Long-Term Monitoring Surveys: Publication Data: Latitudinal variation in long-term stability of North American rocky intertidal communities,"c(""EARTH SCIENCE : Oceans : Ocean Temperature : Water Temperature"", ""Ocean"", ""Intertidal Processes"", ""Intertidal Zone"", ""Marine Biology"", ""Marine Invertebrates"", ""Marine Plants"", ""Marine Habitat"", ""Biosphere"", ""Aquatic Habitats"", ""Coastal Habitat"", ""Temperature"", ""Integrated Ocean Observing System"", ""IOOS"", ""Community Survey Data"", ""Intertidal Data"", ""Intertidal Community Survey Data"", ""Intertidal Community Structure Data"", ""PISCO intertidal"", ""Oceanographic Sensor Data"", ""Intertidal Temperature Data"", 
""continental shelf"", ""seawater"", ""temperature"", ""MARINe"", ""Temperate Rocky Reef"", ""Rocky Intertidal"", ""Percent Cover"", ""Diversity"", ""Abundance"", ""Density"", ""Invertebrate"", ""Algae"", ""Alaska"", ""Washington"", ""Oregon"", ""California"", ""Pacific West Coast"", ""United States of America"", ""PISCO"")",Multi-Agency Rocky Intertidal Network,NA,TRUE,https://cn.dataone.org/cn/v2/resolve/doi%3A10.6085%2FAA%2Fmarine_ltm.20.1,"This metadata record documents the Photo Plot and Temperature data for the Multi-Agency Rocky Intertidal Network (MARINe) Long-Term Monitoring surveys. These surveys are done throughout the year at sites ranging from Southeast Alaska to Southern California. The photo plot data are a subset of our full dataset available at https://doi.org/10.6085/AA/marine_ltm.12.4. Temperature measurements were collected using one of the following temperature loggers from Onset Computer Corp: TBI32-05+37, UTBI-001, UA-002-64, MX2201, MX2203). For a comprehensive dataset, please contact the data set owner(s). For more information about the data described in this metadata record, please visit pacificrockyintertidal.org.","c(""site_code"", ""marine_site_name"", ""processing_group"", ""latitude"", ""longitude"", ""georegion"", ""island"", ""year"", ""month"", ""N Rows"", ""Mean(mean)"", ""Min(mean)"", ""Max(mean)"", ""marine_sort_order"", ""lumping_code"", ""mean_percent_cover"", ""marine_species_name"", ""marine_species_definition"", ""taxonomic_id"", ""taxonomic_source"", ""kingdom"", ""phylum"", ""class"", ""order"", ""family"", ""genus"", ""species"")",NULL,NULL,NULL,NULL,NULL,NULL,NULL,FALSE
doi:10.5063/F1S46PVQ,Male tenure length and variance in lifetime reproductive success recorded for mammals,"c(""Phylogenetic comparison"", ""Mating system"", ""Mammal"", ""Comparative"", ""Reproductive skew"")",NULL,NA,TRUE,https://cn.dataone.org/cn/v2/resolve/doi%3A10.5063%2FF1S46PVQ,"The data presented in these sheets is the basis for the analyses presented in
Dieter Lukas and Tim Clutton-Brock
Costs of mating competition limit male lifetime breeding success in polygynous mammals
Proc. R. Soc. B July 7, 2014 281 1786 20140418; doi:10.1098/rspb.2014.0418 1471-2954	   http://rspb.royalsocietypublishing.org/content/281/1786/20140418.abstract","c(""Species"", ""Order"", ""monogamous"", ""harem"", ""multiple_females_males"", ""Male_tenure_months"", ""Lifespan_wild_months"", ""Adult_yearly_survival"", ""Age_first_reproduction_months"", ""InterBirthInterval_months"", ""Adult_mass_gram"", ""Male_div_female_mass"", ""Testes_mass_gram"", ""Male_skew"", ""Males_per_group"", ""Females_per_group"", ""Reference_tenurelength"", ""Reference_in_manuscript"", ""Sex"", ""Offspring_stage"", ""Offspring_sample_size"", ""Parent_sample_size"", ""Average_success"", ""Stdev_success"", ""Variance_success"", 
""Median_success"", ""Standardized_variance_success"", ""Reference"")",NULL,NULL,NULL,NULL,NULL,NULL,NULL,FALSE
doi:10.18739/A23N20F7M,Marine Geoscience Data System (MGD77) data set containing bathymetric measurements from the Nathaniel B. Palmer data acquisition system onboard the 2003 NBP03-04a Cruise,"c(""Ship"", ""Arctic"", ""Surface"")",NULL,NA,TRUE,https://cn.dataone.org/cn/v2/resolve/doi%3A10.18739%2FA23N20F7M,This data set contains the Marine Geoscience Data System (MGD77) data set from the Nathaniel B. Palmer (NBP) data acquisition system onboard the 2003 SBI Survey Cruise. The data set is divided into daily files in a space delimited columnar format. Data are in one-second time intervals and consist of various measurements taken aboard the ship.,NULL,NULL,NULL,NULL,NULL,NULL,NULL,NULL,FALSE
doi:10.5063/F1KK98P8,Mating and social system of mammals,"c(""Cooperative breeding"", ""Phylogenetic comparison"", ""Monogamy"", ""Helping behaviour"", ""Kin selection"", ""Reproductive skew"")",NULL,NA,TRUE,https://cn.dataone.org/cn/v2/resolve/doi%3A10.5063%2FF1KK98P8,"The data presented in this table is the basis for the analyses presented in:	
Dieter Lukas and Tim Clutton-Brock	
Cooperative breeding and monogamy in mammalian societies	
Proc. R. Soc. B June 7, 2012 279 1736 2151-2156	
http://rspb.royalsocietypublishing.org/content/279/1736/2151.abstract","c(""Species"", ""Social_system"", ""Female_reproductiveskew"", ""Male_reproductiveskew"", ""Male_tenurelength"", ""Reference_femaleskew"", ""Reference_maletenurelength"", ""Species"", ""Cooperative breeder"", ""Monogamous"", ""Communal breeder"")",Animalia,NULL,Mammalia,NULL,NULL,NULL,NULL,FALSE
doi:10.5063/MS3R5F,McDonald et al. data on tree cover (2014-2016) at the US census block level for the 100 largest urbanized areas,"c(""tree cover"", ""urban"")",NULL,NA,TRUE,https://cn.dataone.org/cn/v2/resolve/doi%3A10.5063%2FMS3R5F,"This dataset is associated with the McDonald et al. paper, entitled ""The urban tree cover and temperature disparity in US urbanized areas: Quantifying the effect of income across 5,723 communities"". Urban tree cover provides benefits to human health and well-being, but previous studies suggest that tree cover is often inequitably distributed. Here, we use NAIP imagery to survey the tree cover inequality for Census blocks in US large urbanized areas, home to 167 million people across 5,723 municipalities and other places. We compared tree cover to summer surface temperature, as measured using Thematic Mapper imagery. In 92% of the urbanized areas surveyed, low-income blocks have less tree cover than high-income blocks. On average, low-income blocks have 15.2% less tree cover and are 1.5⁰C hotter (surface temperature) than high-income blocks. The greatest difference between low- and high-income blocks was found in urbanized areas in the Northeast of the United States, where low-income blocks often have at least 30% less tree cover and are at least 4.0⁰C hotter. Even after controlling for population density and built-up intensity, the association between income and tree cover is significant, as is the association between race and tree cover. We estimate, after controlling for population density, that low-income blocks have 62 million fewer trees than high-income blocks, a compensatory value of $56 billion dollars ($1,349/person). An investment in tree planting and natural regeneration of $17.6 billion would close the tree cover disparity for 42 million people in low-income blocks.",NULL,Plantae,NULL,NULL,NULL,NULL,NULL,NULL,FALSE
doi:10.18739/A2PH1X,"Methane ebullition flux data from thermokarst lakes, 2003-2010","c(""Arctic"", ""Hydrology"", ""environment"")",NULL,NA,TRUE,https://cn.dataone.org/cn/v2/resolve/doi%3A10.18739%2FA2PH1X,"This dataset contains ebullition flux measurements from thermokarst lakes in Siberia and Alaska. Data were collected using submerged bubble traps placed over discrete ebullition seeps. Ebullition values are reported volumetrically (mg CH4 per seep per day), the latter based on mean values of methane measured in ebullition seeps on the study lakes [A = 82*plusmn*7 % CH4; B = 83*plusmn*12 % CH4; C = 85*plusmn*5 % CH4; HS = 89*plusmn*3 % CH4]. Data were gathered from May 2003 through October 2010. To access these data, please use the International Arctic Research Center (IARC) data archive download link below.",NULL,NULL,NULL,NULL,NULL,NULL,NULL,NULL,FALSE
doi:10.6067:XCV8KS6SGV_meta$v=1402606982120,Missouri Basin Chronology Program Statements Nos. 1-5,"c(""Woodland"", ""Plains Village"", ""Historic"", ""Euroamerican"", ""Historic Native American"", ""Over Focus"", ""McKean Complex"", ""Oneota"", ""Logan Creek Complex"", ""Keith Focus"", ""Aksarben Aspect"", ""Upper Republican Focus"", ""Sterns Creek Focus"", ""Smokey Hill Aspect"", ""Thomas Riggs Focus"", ""La Roche Complex"", ""Monroe Focus"", ""Kivett's Hybrid Culture"", ""Arzberger"", ""Anderson Focus"", ""Stanley Focus"", ""Wolf Creek Component"", ""Campbell Creek Focus"", ""Marching Bear Mound Group"", ""Research Design / Data Recovery Plan"", 
""Site Evaluation / Testing"", ""Heritage Management"", ""Dodd Site"", ""39LM241"", ""Lynch Site"", ""39ST11"", ""Black Partizan Site"", ""39LM218"", ""Medicine Crow Site"", ""39BF2"", ""Boundary Mound Site"", ""32SI1"", ""39DW233"", ""39LM222"", ""39AR201"", ""Fort Sully"", ""13ML216"", ""39DW234"", ""39DW240"", ""39LM208"", ""39LM209"", ""24BH212"", ""24CB202"", ""39ST9"", ""Thomas Riggs Site"", ""39HU1"", ""Breeden Site"", ""39ST16"", ""Coufal Site"", ""25HW6"", ""Crow Creek Site"", ""39BF11"", ""Logan Creek Site"", ""25BT3"", ""Swanson Site"", ""39BR16"", ""Lower Cheyenne River Site"", 
""Cheyenne River Site"", ""39ST1"", ""25FT18"", ""25BD1"", ""39ST30"", ""25FT70"", ""Fort Thompson"", ""Good Soldier Site"", ""39LM238"", ""Fay Tolton Site"", ""Arzberger Site"", ""39HU6"", ""Walker Gilmore Site"", ""25CC28"", ""Powers-Yonkee Bison Trap Site"", ""24PR5"", ""Effigy Mounds National Monument, Mound 77"", ""Effigy Mounds National Monument, Mound 69"", ""No Heart Creek Village"", ""39AR2"", ""McKenzie Bottom Village"", ""Four Bear Site"", ""39DW2"", ""Hickey Brothers Site"", ""39LM4"", ""Medicine Creek Village"", ""Fort Defiance-Bouis"", 
""Fort Pierre II"", ""39ST217"", ""Old Quarry Mound Site"", ""39BF234"", ""Sitting Crow Mound Site"", ""39BF225"", ""Side Hill Mound Site"", ""39BF233"", ""Kropp Mound Group"", ""32SN8"", ""Baldhill Mounds"", ""32BA1"", ""Root Site"", ""14LC301"", ""White Swan Mound"", ""39CH9"", ""Wheeler Bridge Mound Site"", ""39CH4"", ""25FT16"", ""25FT13"", ""25FT17"", ""Zimmerman Site"", ""39SL41"", ""39SL24"", ""25HN36"", ""Bull Creek Site"", ""25FT20"", ""25RW28"", ""25FT54"", ""25FT80"", ""5MN40"", ""5MN3"", ""Domestic Structure or Architectural Complex"", ""Settlements"", 
""Encampment"", ""Hamlet / village"", ""Domestic Structures"", ""House"", ""Funerary and Burial Structures or Features"", ""Burial mound"", ""Burial pit"", ""Non-Domestic Structures"", ""Communal / public structure"", ""Historic communal / public structure"", ""Governmental structure"", ""Historic governmental structure"", ""Military structure"", ""Archaeological Feature"", ""Hearth"", ""Midden"", ""Pit"", ""Storage pit"", ""Post hole / post mold"", ""Ceramic"", ""Chipped Stone"", ""Dating Sample"", ""Fauna"", ""Fire Cracked Rock"", ""Ground Stone"", 
""Human Remains"", ""Macrobotanical"", ""Mineral"", ""Pollen"", ""Wood"", ""Dendrochronology"", ""Carbon-14 Dating"", ""Geochronology"", ""Geological-Climatic Dating"", ""Truman Plain Rim Pottery"", ""Braced Rims"")",NULL,NA,TRUE,https://cn.dataone.org/cn/v2/resolve/doi%3A10.6067%3AXCV8KS6SGV_meta%24v%3D1402606982120,"This document includes the first five chronology program statements for the Missouri Basin Project. The Program, as it now stands, was developed during the winter of 1958 by the Personnel of the Missouri Basin Project, Smithsonian Institution; the laboratory of Anthropology, University of Nebraska; and the Nebraska State Historical Society; all of Lincoln, Nebraska; and the National Park Service, Region Two Office, in Omaha, Nebraska. Concern for an over-all program of chronology grew out of an attempt to select radiocarbon samples from crucial sites in the Basin. It was realized that any one-dimensional effort would not provide the sort of answers needed to solve the array of current problems. At this juncture, the feasibility of undertaking a series of integrated, region-wide, chronological studies was discussed at length. As a result, a number of committees were formed to investigate existing resources and to plan for future action. Cooperation is solicited from all institutions and individuals working in the Missouri Basin area. Enthusiastic response came from all, and 20 institutions, represented by 34 individuals, have or will have some part in the Program.",NULL,NULL,NULL,NULL,NULL,NULL,NULL,NULL,FALSE
doi:10.6067:XCV8125TM6_meta$v=1402607097489,"Missouri Basin Project, River Basin Surveys, Smithsonian Institution, Summary of Progress from the Beginning, In 1946 Through April 1952","c(""Archaeological Overview"", ""39FA65"", ""14PH4"", ""32GT1"", ""32ME15"", ""32ME16"", ""24TL26"", ""39CH45"", ""39CH5"", ""39CH7"", ""39ST1"", ""25FT18"", ""39ST30"", ""25FT70"", ""39CH9"", ""39CH4"", ""25FT16"", ""25FT13"", ""25FT17"", ""25FT20"", ""48CK4"", ""48CK204"", ""48CK13"", ""39FA10"", ""39FA9"", ""39FA8"", ""39FA12"", ""39FA13"", ""39FA14"", ""39FA23"", ""39FA24"", ""39FA26"", ""39FA30"", ""39FA35"", ""39FA38"", ""39FA42"", ""39FA45"", ""39FA48"", ""39FA54"", ""39FA56"", ""39FA58"", ""39FA61"", ""39FA68"", ""39FA73"", ""39FA75"", ""39FA83"", ""48FR1"", ""48FR2"", ""48FR12"", ""48FR21"", 
""48FR23"", ""48FR43"", ""48FR54"", ""48FR63"", ""48FR83"", ""48FR84"", ""48FR86"", ""48FR88"", ""48FR89"", ""48FR97"", ""48FR99"", ""48FR202"", ""39CH29"", ""48CK46"", ""48CK47"", ""48CK209"", ""25FT14"", ""25FT15"", ""25FT28"", ""25FT29"", ""25FT36"", ""25FT39"", ""25FT19"", ""25FT22"", ""25FT23"", ""25FT30"", ""39ST14"", ""24LT2"", ""24LT3"", ""24LT22"", ""24TL3"", ""Domestic Structure or Architectural Complex"", ""Settlements"", ""Encampment"", ""Hamlet / village"", ""Domestic Structures"", ""Pit house / earth lodge"", ""Rock shelter"", ""Funerary and Burial Structures or Features"", 
""Burial mound"", ""Rock Art"", ""Petroglyph"")",NULL,NA,TRUE,https://cn.dataone.org/cn/v2/resolve/doi%3A10.6067%3AXCV8125TM6_meta%24v%3D1402607097489,"This document summarizes the history and development of the Missouri Basin Project and Inter-Agency Archeological and Paleontological Salvage Program; created to meet the problem posed by the threat to scientific and historical data by the dam construction program in the Missouri Basin and elsewhere. The Missouri Basin water development program of the Bureau of Reclamation and Corps of Engineers has and will continue to inundate numerous sites on which the aboriginal inhabitants of the region lived and buried their dead. Since the Indians lived almost exclusively along the streams, where timber, water, and arable land were available, creation of reservoirs is a serious threat to this kind of scientific data. This is especially true where considerable portions of stream valleys are drowned, as will be the case along the main stem of the Missouri River from the head of Fort Pick Reservoir to the Gavinas Point Dam. The Oahe Reservoir alone will destroy at least 250 sites and will wipe out most of the traces of the former homes of the village tribes which dominated the area when white man first visited it. Reservoirs on the tributaries will also result in the loss of valuable archeological data, often relating to the very early occupation of the Plains. Valuable fossil deposits will be lost likewise.",NULL,NULL,NULL,NULL,NULL,NULL,NULL,NULL,NA
doi:10.5065/D6ZC810V,Model Output From the 'Frost Index' Permafrost Model: Variations in Circumpolar Frozen Ground Conditions and Modeled Future Conditions,"c(""Models/Analyses"", ""Arctic"")",NULL,NA,TRUE,https://cn.dataone.org/cn/v2/resolve/doi%3A10.5065%2FD6ZC810V,"This data set contains permafrost distribution maps, active-layer thickness maps, and hazard-potential maps constructed using results from the 'frost index' permafrost model (Nelson and Outcalt, 1987) driven by modern climatic data and scenarios of climate change derived from three transient general circulation models (Greco et al., 1994). The permafrost maps show the distribution of permafrost in the Northern Hemisphere under modern climatic conditions and General Climate Model (GCM) projections for 2050; the active-layer thickness maps show relative changes in the depth of seasonal thawing projected for 2050; and the hazard-potential maps are used as indices to evaluate potential environmental hazards associated with thaw settlement and thermokarst.",NULL,NULL,NULL,NULL,NULL,NULL,NULL,NULL,FALSE
doi:10.18739/A2KK94C28,"Model output and code assessing mechanisms of projected 21st century ocean warming around Greenland, 2015-2019","c(""Greenland"", ""climate model"", ""sea level"", ""ocean heat content"", ""SST"")",Collaborative Research: Understanding mechanisms of projected 21st century ocean warming around Greenland,NA,TRUE,https://cn.dataone.org/cn/v2/resolve/doi%3A10.18739%2FA2KK94C28,"This project assessed: (1.) observed and projected mechanisms driving change in large-scale North Atlantic heat content; (2.) sea surface temperature and ocean heat content variability and its relation to surface fluxes in observations and climate models; (3.) the role of Greenland ice sheet mass balance on the large-scale ocean circulation.  Findings have been used to drive climate model evaluation efforts and development of methods for sea level projections from the Greenland and Antarctic ice sheets, as part of the Ice Sheet Model Intercomparison Project (ISMIP6) for Coupled Model Intercomparison Project (CMIP6). The set of sea level projections that will result from ISMIP6 will provide policy-relevant information to planners and policy-makers seeking to minimize the adverse consequences to people affected by sea-level change, and set the stage for improved projections from future climate model ensembles.  This dataset contains links to all data sources and selected code used in course of this project. It is expected to evolve as the results of the ISMIP6 project are published and archived.",NULL,NULL,NULL,NULL,NULL,NULL,NULL,NULL,FALSE
doi:10.18739/A2TT4FV6W,"Modèle Atmosphérique Régional (MAR) version 3.12 regional climate model pseudo-global warming experiment output, 2000-2019, Greenland domain, 20 kilometer (km) horizontal resolution.",GLACIER MASS BALANCE/ICE SHEET MASS BALANCE,Collaborative Research: Linking sea ice and snow cover changes to Greenland mass balance through stratospheric and tropospheric pathways,NA,TRUE,https://cn.dataone.org/cn/v2/resolve/doi%3A10.18739%2FA2TT4FV6W,"### Access

Data files can be accessed via: https://arcticdata.io/data/10.18739/A2TT4FV6W/

### Overview

The Modèle Atmosphérique Régional (MAR) regional climate model is fully coupled to the Soil Ice Snow Vegetation Atmosphere Transfer (SISVAT) one-dimensional surface-atmosphere energy and mass transfer scheme (Fettweis et al., 2005, 2020; Lefebre et al., 2005). SISVAT simulates meltwater production, percolation, refreeze, and the impact of snow metamorphism on albedo via a multilayered snowpack model, CROCUS (Brun et al., 1989; Brun et al., 1992). Through extensive verification, MAR has proved to be well-suited for analyses of Greenland Ice Sheet (GrIS) surface mass balance (SMB) (Fettweis et al., 2011; Fettweis et al., 2020; Lefebre et al. 2005; Mattingly et al. 2020). This dataset contains the results of a model experiment that utilized the pseudo-global warming method of dynamical downscaling in MAR version 3.12. It includes a control run, in which MARv3.12 was forced with European Centre for Medium-Range Weather Forecasts Reanalysis v5 (ERA5) global reanalysis to simulate the historical GrIS SMB from 2000 to 2019, and two pseudo-global warming simulations: PGW1, in which we estimate the impact of the change in the thermodynamic background state under anthropogenic warming to GrIS surface mass loss and PGW2 in which we isolate the influence of changing sea-surface conditions.The naming convention for each file is explained using the example below:

File name format: ICE_experiment_year_month_start day_end day of month.nc

Example: ICE_b03_2009_09_01_30.nc

experiment: specifies one of the following labels for each of the model experiments: ""a02"" indicates output from the PGW1 run, ""b03"" indicates PGW2 output, ""c01"" marks the 2000-2019 control run, and ""c02"" contains control data for a 1980-1989 reference period when the mass balance of the Greenland Ice Sheet was relatively stable.

year: indicates the model year

month: indicates the model month

start day and end day: indicate the first and last days of the model month","c(""AL2"", ""AREA"", ""CD"", ""CM"", ""COD"", ""CU"", ""CWP"", ""DATE"", ""DD"", ""DX"", ""DY"", ""FRA"", ""G11"", ""G21"", ""HH"", ""IWP"", ""LAT"", ""LHF"", ""LON"", ""LWD"", ""LWU"", ""MB"", ""MBcc"", ""MBcp"", ""MBep"", ""MBet"", ""MBm"", ""MBr"", ""MBro1"", ""MBro2"", ""MBro3"", ""MBro4"", ""MBro5"", ""MBro6"", ""MBrr"", ""MBru"", ""MBru2"", ""MBru3"", ""MBs"", ""MBsc"", ""MBsf"", ""MBsl"", ""MBsn"", ""MBsw"", ""MBto"", ""MM"", ""MSK"", ""QQ"", ""QQp"", ""QQz"", ""RH"", ""RO1"", ""SH"", ""SHF"", ""SIC"", ""SLP"", ""SLQC"", ""SP"", ""SRF"", ""ST"", ""ST2"", ""SWD"", ""SWU"", ""TI1"", ""TT"", ""TTmax"", ""TTmin"", ""TTp"", ""TTz"", 
""UU"", ""UUp"", ""UUz"", ""UV"", ""UVz"", ""VV"", ""VVp"", ""VVz"", ""WA1"", ""WVP"", ""XUU"", ""YUU"", ""YYYY"", ""ZN0"", ""ZN2"", ""ZN3"", ""ZN4"", ""ZN5"", ""ZN6"", ""ZZ"", ""ZZp"", ""time"", ""sector"", ""y"", ""x"", ""outlay"", ""atmlay"", ""plev"", ""ztqlev"", ""zuvlev"", ""blev"")",NULL,NULL,NULL,NULL,NULL,NULL,NULL,FALSE
doi:10.5063/AA/nceas.979.5,Mosquito,"c(""Mosquitos"", ""Anopheles"", ""Temperature"")",NULL,NA,TRUE,https://cn.dataone.org/cn/v2/resolve/doi%3A10.5063%2FAA%2Fnceas.979.5,To be filled in.,"c(""Days"", ""Temperature"", ""Proportion"", ""Temperature"", ""Parameter"", ""Value"", ""Reference"", ""Reference"", ""Citation"", ""T"", ""EIP"", ""PDR"", ""Anopheles species"", ""Reference"", ""T"", ""O"", ""a"", ""Reference"", ""Parameter"", ""Species"", ""Reference"", ""Fit"", ""Fit parameters (std deviation)"", ""Fit parameters (std deviation)"", ""Fit parameters (std deviation)"")",NULL,NULL,NULL,NULL,NULL,Anopheles,NULL,FALSE
doi:10.18739/A2V97ZR04,"NBP03-04a Hydrographic Data Product, Calculated Parameters","c(""Ship"", ""Arctic"", ""Surface"")",NULL,NA,TRUE,https://cn.dataone.org/cn/v2/resolve/doi%3A10.18739%2FA2V97ZR04,"This data set contains additional parameters calculated for bottle samples obtained during the 2003 Nathaniel B. Palmer Survey cruise (NBP03-04a). These additional parameters are Potential Temperature (theta), Potential Density (sigma-theta), Oxygen Percent Saturation, Apparent Oxygen Utilization (AOU), Nitric Oxide (NO), and PO.",NULL,NULL,NULL,NULL,NULL,NULL,NULL,NULL,FALSE
doi:10.18739/A20000024,"NMC Global Tropospheric Analyses, tropopause subset, daily 1976 July - continuing","c(""EARTH SCIENCE > ATMOSPHERE > ATMOSPHERIC TEMPERATURE > POTENTIAL TEMPERATURE"", ""OTHER"", ""UNKNOWN"", ""HOURLY TO DAILY"", ""climatologyMeteorologyAtmosphere"")",NULL,NA,TRUE,https://cn.dataone.org/cn/v2/resolve/doi%3A10.18739%2FA20000024,"National Centers for Environmental Prediction (NCEP) Global Tropospheric Analyses on 145x37 2.5 degree grids, one for each hemisphere, 1976Jul01-1997Apr12. The Flattery analysis method was used through 1978Sep21. It forced a relationship between heights and winds which causes the zonal mean meridional wind at every level to be zero. This also caused other problems with winds in equatorial areas. The optimal analysis (OI) method (12 layer) started 1978Sep22. In 1985Apr the Medium Range Forecast (MRF) model started, with 18 layers. Analyses include geopotential height, temperature, wind (u- and v-components) and potential temperature. In more recent years the temperature analyses are derived from thickness temperatures. The National Center for Atmospheric Research's (NCAR) Data Services Section (DSS) maintains this dataset. Please see the external link to access the data.",NULL,NULL,NULL,NULL,NULL,NULL,NULL,NULL,FALSE
doi:10.5065/D6F18WTV,"Nathaniel B. Palmer Cruise NBP03-04a 1-minute Track Data [Swift, J.]","c(""Ship"", ""Arctic"", ""Surface"")",NULL,NA,TRUE,https://cn.dataone.org/cn/v2/resolve/doi%3A10.5065%2FD6F18WTV,This dataset contains a GMT cruise track from the Nathaniel B. Palmer (NBP) data acquisition system on board the 2003 SBI Survey Cruise. The file contains the longitude and latitude at one-minute intervals.,NULL,NULL,NULL,NULL,NULL,NULL,NULL,NULL,FALSE
doi:10.5065/D6W66HVR,Nathaniel B. Palmer Cruise NBP03-04a PCO2 Data [LDEO],"c(""Ship"", ""Arctic"", ""Surface"")",NULL,NA,TRUE,https://cn.dataone.org/cn/v2/resolve/doi%3A10.5065%2FD6W66HVR,"This data set contains PC02 measurements from the Nathaniel B. Palmer (NBP) data acquisition system on the 2003 SBI Survey Cruise. The NBP carries the Lamont-Doherty Earth Observatory's (LDEO) pC02 system. These data contain the pC02 instrument's data merged with GPS, meteorological, and other oceanographic measurements.",NULL,NULL,NULL,NULL,NULL,NULL,NULL,NULL,FALSE
doi:10.18739/A2J09W38H,Nathaniel B. Palmer Cruise NBP03-04a Raw ADCP Data,"c(""Ship"", ""Arctic"", ""Surface"")",NULL,NA,TRUE,https://cn.dataone.org/cn/v2/resolve/doi%3A10.18739%2FA2J09W38H,This data set contains the shipboard Acoustic Doppler Current Profiler (ADCP) system measurements from the Nathaniel B. Palmer (NBP) data acquisitions systems on the 2003 SBI Survey Cruise. The ADCP system measures currents in the depth range from abut 30 to 300 meters in good weather. In bad weather or in ice the range is less. The data set consists of a single tar file containing one file for each day of data collection.,NULL,NULL,NULL,NULL,NULL,NULL,NULL,NULL,FALSE
doi:10.6067:XCV8057J3B_meta$v=1502814399645,"Native American Graves Protection and Repatriation Act Report for Naval Air Station, Whidbey Island, Washington, and Naval Air Weapons Station, Point Mugu, California","c(""Collections Research"", ""Records Search / Inventory Checking"", ""Heritage Management"", ""Human Remains"")",NULL,NA,TRUE,https://cn.dataone.org/cn/v2/resolve/doi%3A10.6067%3AXCV8057J3B_meta%24v%3D1502814399645,"The US Navy Engineering Field Activity, West asked the US Army Corps of Engineers, St. Louis District to assist the command with completing Section 5 requirements of the Native American Graves Protection and Repatriation Act (P.L. 101-601). This work entailed compiling a detailed inventory of Native American physical remains and funerary objects located in archaeological collections under control of Naval Air Weapons Station, Point Mugu, California, and Naval Air Station, Whidbey Island, Washington. 

Fourteen separate repositories were visited, and a minimum of 481 individual and 389 funerary objects were identified. This information was placed in the format recommended by the National Park Service for Section 5 Inventory reporting and was forwarded to each installation for submittal to the Federal Register.",NULL,NULL,NULL,NULL,NULL,NULL,NULL,NULL,FALSE
doi:10.6067:XCV8GH9G47_meta$v=1319054979530,Native Americans and American History,History,NULL,NA,TRUE,https://cn.dataone.org/cn/v2/resolve/doi%3A10.6067%3AXCV8GH9G47_meta%24v%3D1319054979530,"Native Americans and American History is an overview of the study of the writing of Native American History in the United States.  America’s understanding of Indian history has become increasingly nuanced and sophisticated, particularly in the last half century. Today’s historians continue to revise and build on the scholarship of those who came before them, and new perspectives continue to emerge—not only because new scholars enter the field, but also because scholars borrow theoretical insights from other fields and apply them to Native American questions.",NULL,NULL,NULL,NULL,NULL,NULL,NULL,NULL,FALSE
doi:10.18739/A28C9R37P,"Network of Permafrost Observatories in North America - Temperature in deep boreholes, 2005-2016","c(""EARTH SCIENCE > CRYOSPHERE > FROZEN GROUND > PERMAFROST"", ""IN SITU/LABORATORY INSTRUMENTS > TEMPERATURE/HUMIDITY SENSORS > TEMPERATURE SENSORS"", ""OTHER"", ""POINT"", ""ANNUAL"", ""environment"")",Development of a Network of Permafrost Observatories in North America and Russia,NA,TRUE,https://cn.dataone.org/cn/v2/resolve/doi%3A10.18739%2FA28C9R37P,"This work coordinates data collection using standard equipment and protocols at the Alaskan and Russian borehole sites. These borehole temperature data sets provide the baseline to reconstruct past surface temperatures, to assess the future rates of change in near-surface permafrost temperatures and permafrost boundaries, and to provide spatial data for validation of climate scenario models and temperature reanalysis approaches. This represents the US contribution to the ongoing activities of Global Terrestrial Network for Permafrost that obtains temperatures in a large number of globally distributed boreholes in order to provide a snapshot of permafrost temperatures in both time and space. Included are files with the depth, temperature, and date of soil sampled at a number of sites. Site information (site name, latitude, longitude) by file name can be found in the file 'Site_information.csv.'","c(""fileName"", ""siteName"", ""latitude"", ""longitude"", ""elevation"", ""slope"", ""aspect"", ""Depth"", ""Temperature"", ""Date"", ""Depth_1"", ""Temperature_1"", ""Depth_2"", ""Temperature_2"", ""Temperature_11"", ""Temperature_12"", ""Temperature_21"", ""Temperature_22"", ""Temperature_23"", ""Temperature_3"", ""Temperature_4"", ""Temperature_5"", ""Temperature_6"", ""Year"", ""Day"", ""Temperature_7"", ""Temperature_8"", ""Temperature_9"", ""Temperature_10"", ""Temperature_13"", ""Temperature_14"", ""Temperature_15"", ""Depth_3"")",NULL,NULL,NULL,NULL,NULL,NULL,NULL,FALSE
doi:10.18739/A2N872Z77,"Network of Permafrost Observatories in North America - Temperature on surface, 2016","c(""EARTH SCIENCE > CRYOSPHERE > FROZEN GROUND > PERMAFROST"", ""IN SITU/LABORATORY INSTRUMENTS > RECORDERS/LOGGERS > TEMPERATURE LOGGERS"", ""OTHER"", ""POINT"", ""DAILY TO WEEKLY"", ""environment"")",Development of a Network of Permafrost Observatories in North America and Russia,NA,TRUE,https://cn.dataone.org/cn/v2/resolve/doi%3A10.18739%2FA2N872Z77,"This work coordinates data collection using standard equipment and protocols at the Alaskan and Russian borehole sites. These borehole temperature data sets provide the baseline to reconstruct past surface temperatures, to assess the future rates of change in near-surface permafrost temperatures and permafrost boundaries, and to provide spatial data for validation of climate scenario models and temperature reanalysis approaches. This represents the US contribution to the ongoing activities of Global Terrestrial Network for Permafrost that obtains temperatures in a large number of globally distributed boreholes in order to provide a snapshot of permafrost temperatures in both time and space.","c(""Date"", ""air_temp"", ""Surface_temperature_0.02m"", ""Temperature_MRC_-0.07m"", ""Temperature_MRC_-0.02m"", ""Temperature_MRC_0.05m"", ""Temperature_MRC_0.13m"", ""Temperature_MRC_0.20m"", ""Temperature_MRC_0.28m"", ""Temperature_MRC_0.36m"", ""Temperature_MRC_0.43m"", ""Temperature_MRC_0.59m"", ""Temperature_MRC_0.74m"", ""Temperature_MRC_0.95m"", ""Temperature_0.24m"", ""Temperature_deep_1.50m"", ""Temperature_deep_2.00m"", ""Temperature_deep_3.00m"", ""Temperature_MRC_-0.06m"", ""Temperature_MRC_0.01m"", ""Temperature_MRC_0.09m"", 
""Temperature_MRC_0.17m"", ""Temperature_MRC_0.25m"", ""Temperature_MRC_0.32m"", ""Temperature_MRC_0.40m"", ""Temperature_MRC_0.48m"", ""Temperature_MRC_0.63m"", ""Temperature_MRC_0.78m"", ""Temperature_MRC_0.97m"", ""Temperature_0.22m"", ""Temperature_0.41m"", ""Temperature_air"", ""Temperature_surface_0.01m"", ""Temperature_-0.02m"", ""Temperature_0.03m"", ""Temperature_0.11m"", ""Temperature_0.18m"", ""Temperature_0.25m"", ""Temperature_0.33m"", ""Temperature_0.48m"", ""Temperature_0.64m"", ""Temperature_0.79m"", ""Temperature_1.01m"", 
""Temperature_0.1m"", ""Temperature_Thermistor_String_1.0m"", ""Temperature_Thermistor_String_2.0m"", ""Temperature_Thermistor_String_3.0m"", ""Temperature_Thermistor_String_4.0m"", ""Temperature_Thermistor_String_5.0m"", ""Temperature_Thermistor_String_6.0m"", ""Temperature_Thermistor_String_7.0m"", ""Temperature_Thermistor_String_8.0m"", ""Temperature_Thermistor_String_9.0m"", ""Temperature_Thermistor_String_10.0m"", ""Temperature_Thermistor_String_11.0m"", ""Temperature_Thermistor_String_12.0m"", ""Temperature_Thermistor_String_13.0m"", 
""Temperature_Thermistor_String_15.0m"", ""Air_Temp"", ""Surf_Temp_0.01m"", ""Soil_Temperature-MRC_probe_0.09m"", ""Soil_Temperature-MRC_probe_0.14m"", ""Soil_Temperature-MRC_probe_0.24m"", ""Soil_Temperature-MRC_probe_0.39m"", ""Soil_Temperature-MRC_probe_0.54m"", ""Soil_Temperature-MRC_probe_0.69m"", ""Soil_Temperature-MRC_probe_0.84m"", ""Soil_Temperature-MRC_probe_1.10m"", ""Soil_Temperature_0.19m"", ""Soil_Temperature_0.36m"", ""Soil_Temperature_0.54m"", ""Soil_Temperature-MRC_probe_0.07m"", ""Soil_Temperature-MRC_probe_0.12m"", 
""Soil_Temperature-MRC_probe_0.22m"", ""Soil_Temperature-MRC_probe_0.37m"", ""Soil_Temperature-MRC_probe_0.52m"", ""Soil_Temperature-MRC_probe_0.67m"", ""Soil_Temperature-MRC_probe_0.82m"", ""Soil_Temperature-MRC_probe_1.08m"", ""Surface_Temperature_0.01m"", ""Soil_Temperature_0.07m"", ""Soil_Temperature_0.18m"", ""Soil_Temperature_0.37m"", ""Soil_Temperature_MRC_probe_-0.26m"", ""Soil_Temperature_MRC_probe_-0.19m"", ""Soil_Temperature_MRC_probe_-0.11m"", ""Soil_Temperature_MRC_probe_-0.03m"", ""Soil_Temperature_MRC_probe_0.04m"", 
""Soil_Temperature_MRC_probe_0.12m"", ""Soil_Temperature_MRC_probe_0.19m"", ""Soil_Temperature_MRC_probe_0.27m"", ""Soil_Temperature_MRC_probe_0.42m"", ""Soil_Temperature_MRC_probe_0.58m"", ""Soil_Temperature_MRC_probe_0.73m"", ""Temperature_Air"", ""Temperature_Surface_0.01m"", ""Temperature-MRC_probe_-0.10m"", ""Temperature-MRC_probe_-0.05m"", ""Temperature-MRC_probe_0.03m"", ""Temperature-MRC_probe_0.11m"", ""Temperature-MRC_probe_0.18m"", ""Temperature-MRC_probe_0.25m"", ""Temperature-MRC_probe_0.34m"", ""Temperature-MRC_probe_0.41m"", 
""Temperature-MRC_probe_0.57m"", ""Temperature-MRC_probe_0.72m"", ""Temperature-MRC_probe_0.93m"", ""Temperature_0.15m"", ""Temperature_0.3m"", ""Temperature_0.6m"", ""Temperature_-0.31m"", ""Temperature_-0.23m"", ""Temperature_-0.15m"", ""Temperature_-0.08m"", ""Temperature_0m"", ""Temperature_0.07m"", ""Temperature_0.23m"", ""Temperature_0.38m"", ""Temperature_0.53m"", ""Temperature_0.69m"", ""Soil_Temp_0.47m"", ""Soil_Temp_0.22m"", ""Soil_Temp_0.08m"", ""Soil_Temp_0.17m"", ""Soil_Temp_0.24m"", ""Soil_Temp_0.35m"", ""Soil_Temp_0.50m"", ""Soil_Temp_0.64m"", 
""Soil_Temp_0.75m"", ""Soil_Temp_0.87m"", ""Soil_Temp_MRC_-0.05m"", ""Soil_Temp_MRC_0.03m"", ""Soil_Temp_MRC_0.11m"", ""Soil_Temp_MRC_0.18m"", ""Soil_Temp_MRC_0.25m"", ""Soil_Temp_MRC_0.33m"", ""Soil_Temp_MRC_0.41m"", ""Soil_Temp_MRC_0.48m"", ""Soil_Temp_MRC_0.64m"", ""Soil_Temp_MRC_0.79m"", ""Soil_Temp_MRC_0.99m"", ""Soil_Temp_0.15m"", ""Soil_Temp_0.43m"", ""Soil_Temp_0.40m"", ""Soil_Temp_MRC_-0.13m"", ""Soil_Temp_MRC_0.10m"", ""Soil_Temp_MRC_0.17m"", ""Soil_Temp_MRC_0.40m"", ""Soil_Temp_MRC_0.56m"", ""Soil_Temp_MRC_0.71m"", ""Soil_Temp_MRC_0.91m"", 
""Air_Temperature"", ""Soil_Temperature_Interboil_0.23m"", ""Soil_Temperature_Interboil_0.48m"", ""Surface_Temperature_Interboil_0.01m"", ""Surface_Temperature_Boil_0.01m"", ""Soil_Temperature_Boil_0.23m"", ""Soil_Temperature_Boil_0.49m"", ""Soil_Temperature_MRC_Interboil_-0.22m"", ""Soil_Temperature_MRC_Interboil_-0.14m"", ""Soil_Temperature_MRC_Interboil_-0.06m"", ""Soil_Temperature_MRC_Interboil_0.01m"", ""Soil_Temperature_MRC_Interboil_0.08m"", ""Soil_Temperature_MRC_Interboil_0.16m"", ""Soil_Temperature_MRC_Interboil_0.24m"", 
""Soil_Temperature_MRC_Interboil_0.31m"", ""Soil_Temperature_MRC_Interboil_0.47m"", ""Soil_Temperature_MRC_Interboil_0.62m"", ""Soil_Temperature_MRC_Interboil_0.82m"", ""Air_Temperature_"", ""Temperature_0.10m"", ""Temperature_0.40m"", ""Temperature-MRC_probe_-0.16m"", ""Temperature-MRC_probe_-0.09m"", ""Temperature-MRC_probe_-0.01m"", ""Temperature-MRC_probe_0.07m"", ""Temperature-MRC_probe_0.15m"", ""Temperature-MRC_probe_0.22m"", ""Temperature-MRC_probe_0.30m"", ""Temperature-MRC_probe_0.37m"", ""Temperature-MRC_probe_0.52m"", 
""Temperature-MRC_probe_0.68m"", ""Temperature-MRC_probe_0.88m"", ""Temperature-MRC_probe_-0.11m"", ""Temperature-MRC_probe_-0.03m"", ""Temperature-MRC_probe_0.05m"", ""Temperature-MRC_probe_0.12m"", ""Temperature-MRC_probe_0.20m"", ""Temperature-MRC_probe_0.28m"", ""Temperature-MRC_probe_0.35m"", ""Temperature-MRC_probe_0.43m"", ""Temperature-MRC_probe_0.58m"", ""Temperature-MRC_probe_0.73m"", ""Temperature-MRC_probe_0.89m"", ""Temperature_-0.01m"", ""Temperature_0.04m"", ""Temperature_0.12m"", ""Temperature_0.19m"", ""Temperature_0.27m"", 
""Temperature_0.34m"", ""Temperature_0.42m"", ""Temperature_0.50m"", ""Temperature_0.65m"", ""Temperature_0.80m"", ""Temperature_1.03m"", ""Temperature_0.13m"", ""Temperature_0.35m"", ""Temperature_0.58m"", ""Temperature_1.40m"", ""Temperature_-0.05m"", ""Temperature0.55m"", ""Temperature_0.70m"", ""Temperature_0.96m"", ""Surface_Temperature_boil_0.01m"", ""Temperature_-0.21m"", ""Temperature_-0.13m"", ""Temperature_0.02m"", ""Temperature_0.63m"", ""Temperature_0.84m"", ""Temperature_0.36m"", ""Surface_Temperature_interboil_0.01m"", ""Temperature_-0.14m"", 
""Temperature_-0.07m"", ""Temperature_0.01m"", ""Temperature_0.09m"", ""Temperature_0.16m"", ""Temperature_0.32m"", ""Temperature_0.39m"", ""Temperature_0.54m"", ""Temperature_0.90m"", ""Air_temperature"", ""Surface_temperature_0.01m"", ""Temperature_-0.18m"", ""Soil_temperature_L-107_N_5-07_0.14m"", ""Soil_temperature_L-107_N_5-08_0.39m"", ""Soil_temperature_L-107_N_6-12_0.53m"", ""Deep_temperature_L-107_3m"", ""Deep_temperature_L-107_5m"", ""Deep_temperature_L-107_7m"", ""Deep_temperature_L-107_10m"", ""Deep_temperature_L-107_15m"", 
""Deep_temperature_L-107_20m"", ""Deep_temperature_L-107_30m"", ""Deep_temperature_L-107_40m"", ""Deep_temperature_L-107_50m"", ""Deep_temperature_L-107_60m"", ""Soil_Temperature_Interboil_0.11m"", ""Temperature_MRC_Interboil_-0.22m"", ""Temperature_MRC_Interboil_-0.17m"", ""Temperature_MRC_Interboil_-0.06m"", ""Temperature_MRC_Interboil_-0.02m"", ""Temperature_MRC_Interboil_0.06m"", ""Temperature_MRC_Interboil_0.13m"", ""Temperature_MRC_Interboil_0.21m"", ""Temperature_MRC_Interboil_0.29m"", ""Temperature_MRC_Interboil_0.44m"", 
""Temperature_MRC_Interboil_0.59m"", ""Temperature_MRC_Interboil_0.79m"", ""Temperature_MRC_Interboil_-0.23m"", ""Temperature_MRC_Interboil_-0.18m"", ""Temperature_MRC_Interboil_-0.07m"", ""Temperature_MRC_Interboil_-0.03m"", ""Temperature_MRC_Interboil_0.05m"", ""Temperature_MRC_Interboil_0.12m"", ""Temperature_MRC_Interboil_0.20m"", ""Temperature_MRC_Interboil_0.28m"", ""Temperature_MRC_Interboil_0.43m"", ""Temperature_MRC_Interboil_0.58m"", ""Temperature_MRC_Interboil_0.78m"", ""Temperature_MRC_Interboil_-0.24m"", ""Temperature_MRC_Interboil_-0.19m"", 
""Temperature_MRC_Interboil_-0.08m"", ""Temperature_MRC_Interboil_-0.04m"", ""Temperature_MRC_Interboil_0.04m"", ""Temperature_MRC_Interboil_0.11m"", ""Temperature_MRC_Interboil_0.19m"", ""Temperature_MRC_Interboil_0.27m"", ""Temperature_MRC_Interboil_0.42m"", ""Temperature_MRC_Interboil_0.57m"", ""Temperature_MRC_Interboil_0.77m"", ""Temperature_near_Vitel1_0.16m"", ""Temperature_MRC1_-0.02m"", ""Temperature_MRC1_0.06m"", ""Temperature_MRC1_0.13m"", ""Temperature_MRC1_0.21m"", ""Temperature_MRC1_0.28m"", ""Temperature_MRC1_0.36m"", 
""Temperature_MRC1_0.44m"", ""Temperature_MRC1_0.51m"", ""Temperature_MRC1_0.67m"", ""Temperature_MRC1_0.82m"", ""Temperature_MRC1_1.03m"", ""Surface_Temperature_2_0.01m"", ""Temperature_MRC2_-0.28m"", ""Temperature_MRC2_-0.20m"", ""Temperature_MRC2_-0.13m"", ""Temperature_MRC2_-0.05m"", ""Temperature_MRC2_0.02m"", ""Temperature_MRC2_0.10m"", ""Temperature_MRC2_0.18m"", ""Temperature_MRC2_0.25m"", ""Temperature_MRC2_0.41m"", ""Temperature_MRC2_0.56m"", ""Temperature_MRC2_0.77m"", ""TP1_2cm_depth0.02m"", ""TP1_5cm_depth0.05m"", ""TP1_10cm_depth0.10m"", 
""TP1_15cm_depth0.15m"", ""TP1_20cm_depth0.20m"", ""TP1_25cm_depth0.25m"", ""TP1_30cm_depth0.30m"", ""TP1_35cm_depth0.35m"", ""TP1_40cm_depth0.40m"", ""TP1_50cm_depth0.50m"", ""TP1_60cm_depth0.60m"", ""TP1_70cm_depth0.70m"", ""TP1_80cm_depth0.80m"", ""TP1_100cm_depth1m"", ""TP1_125cm_depth1.25m"", ""TP1_150cm_depth1.50m"", ""Temperature_1m"", ""Temperature_2m"", ""Temperature_3m"", ""TP1_2cm"", ""TP1_5cm"", ""TP1_10cm"", ""TP1_15cm"", ""TP1_20cm"", ""TP1_25cm"", ""TP1_30cm"", ""TP1_35cm"", ""TP1_40cm"", ""TP1_50cm"", ""TP1_60cm"", ""TP1_70cm"", ""TP1_80cm"", 
""TP1_100cm"", ""TP1_125cm"", ""TP1_150cm"", ""Temperature_4.5m"", ""Temperature_MRC_Boil_-0.10m"", ""Temperature_MRC_Boil_-0.02m"", ""Temperature_MRC_Boil_0.06m"", ""Temperature_MRC_Boil_0.13m"", ""Temperature_MRC_Boil_0.21m"", ""Temperature_MRC_Boil_0.28m"", ""Temperature_MRC_Boil_0.36m"", ""Temperature_MRC_Boil_0.44m"", ""Temperature_MRC_Boil_0.59m"", ""Temperature_MRC_Boil_0.74m"", ""Temperature_MRC_Boil_0.95m"", ""Temperature_Boil_0.13m"", ""Temperature_Boil_0.31m"", ""Surface_Temperature_Inter-Boil_0.01m"", ""Temperature_MRC_Inter-Boil_-0.04m"", 
""Temperature_MRC_Inter-Boil_0.04m"", ""Temperature_MRC_Inter-Boil_0.11m"", ""Temperature_MRC_Inter-Boil_0.19m"", ""Temperature_MRC_Inter-Boil_0.27m"", ""Temperature_MRC_Inter-Boil_0.34m"", ""Temperature_MRC_Inter-Boil_0.42m"", ""Temperature_MRC_Inter-Boil_0.49m"", ""Temperature_MRC_Inter-Boil_0.65m"", ""Temperature_MRC_Inter-Boil_0.80m"", ""Temperature_MRC_Inter-Boil_1.00m"", ""Temperature_Inter-Boil_0.12m"", ""Temperature_Inter-Boil_0.22m"", ""Temperature_Deep_1m"", ""Temperature_Deep_1.5m"", ""Temperature_Deep_2m"", ""Temperature_Deep_3m"", 
""TV_21cm"", ""TV_29cm"", ""TV_36cm"", ""TD_1.0m"", ""TD_2.0m"", ""TD_3.0m"", ""Hydra_VWC_21cm"", ""Hydra_VWC_29cm"", ""Hydra_VWC_36cm"", ""SnowDepth"", ""Temperature_MRC_0.08m"", ""Temperature_MRC_0.24m"", ""Temperature_MRC_0.38m"", ""Temperature_MRC_0.53m"", ""Temperature_MRC_0.67m"", ""Temperature_MRC_0.83m"", ""Temperature_MRC_1.03m"", ""Temperature_MRC_0.23m"", ""Temperature_MRC_0.68m"", ""Temperature_MRC_0.94m"", ""Surface_Temp_0.01m"", ""Temperature-MRC_probe_0.02m"", ""Temperature-MRC_probe_0.27m"", ""Temperature-MRC_probe_0.62m"", ""Temperature-MRC_probe_0.67m"", 
""Temperature-MRC_probe_0.77m"", ""Temperature_L107_1.5m"", ""Temperature_L107_2m"", ""Temperature_L107_3m"", ""Temperature-MRC_probe_-0.23m"", ""Temperature-MRC_probe_-0.15m"", ""Temperature-MRC_probe_-0.08m"", ""Temperature-MRC_probe_0m"", ""Temperature-MRC_probe_0.23m"", ""Temperature-MRC_probe_0.46m"", ""Temperature-MRC_probe_0.61m"", ""Temperature-MRC_probe_0.81m"", ""Temperature_L107_2.0m"", ""Temperature_L107_3.0m"", ""Temperature-MRC_probe_0.45m"", ""Temperature-MRC_probe_0.60m"", ""Temperature-MRC_probe_0.85m"", ""Temperature-MRC_probe_0.90m"", 
""Temperature-MRC_probe_0.95m"", ""Temperature-MRC_probe_1.00m"", ""Temperature-MRC_probe_1.05m"", ""Temperature-MRC_probe_1.10m"", ""Temperature_L107_2.96m"", ""Surface_Temp_"", ""Temperature-MRC_probe_-0.07m"", ""Temperature-MRC_probe_0.08m"", ""Temperature-MRC_probe_0.16m"", ""Temperature-MRC_probe_0.31m"", ""Temperature-MRC_probe_0.38m"", ""Temperature-MRC_probe_0.54m"", ""Temperature-MRC_probe_0.69m"", ""Temperature_L107_1.0m"", ""Temperature_L107_2.8m"", ""Temperature2.5m"", ""Surface_Temperature_TMRC1_0.01m"", ""Temperature_0.17m"", 
""Temperature_0.56m"", ""Temperature_0.86m"", ""Temperature_1.07m"", ""Temperature_1.5m"", ""Temperature_2.0m"", ""Temperature_2.5m"", ""Temperature_0.08m"", ""Temperature_0.31m"", ""Temperature_0.85m"", ""Surface_temp_.01m"", ""Temperature_.02m"", ""Temperature_.07m"", ""Temperature_0.47m"", ""Temperature_0.62m"", ""Temperature_0.77m"", ""Temperature_1.02m"", ""Temperature_0.05m"", ""Temperature_0.28m"", ""Soil_Temperature_Boil_0.11m"", ""Soil_Temperature_Boil_0.28m"", ""Surface_Temperature_Boil_0.01m_2"", ""Temperature_MRC_Boil_-0.26m"", 
""Temperature_MRC_Boil_-0.20m"", ""Temperature_MRC_Boil_-0.08m"", ""Temperature_MRC_Boil_-0.05m"", ""Temperature_MRC_Boil_0.02m"", ""Temperature_MRC_Boil_0.10m"", ""Temperature_MRC_Boil_0.17m"", ""Temperature_MRC_Boil_0.25m"", ""Temperature_MRC_Boil_0.40m"", ""Temperature_MRC_Boil_0.56m"", ""Temperature_MRC_Boil_0.76m"", ""Temperature_MRC_Boil_-0.24m"", ""Temperature_MRC_Boil_-0.19m"", ""Temperature_MRC_Boil_-0.07m"", ""Temperature_MRC_Boil_-0.04m"", ""Temperature_MRC_Boil_0.04m"", ""Temperature_MRC_Boil_0.12m"", ""Temperature_MRC_Boil_0.19m"", 
""Temperature_MRC_Boil_0.27m"", ""Temperature_MRC_Boil_0.42m"", ""Temperature_MRC_Boil_0.57m"", ""Temperature_MRC_Boil_0.78m"", ""Soil_Temperature_0.11m_Boil"", ""Soil_Temperature_0.28m_Boil"", ""Surface_Temperature_0.01m_Boil"", ""Surface_Temperature_0.01m_Boil_2"", ""Temperature_MRC_Boil_-0.22m"", ""Temperature_MRC_Boil_-0.17m"", ""Temperature_MRC_Boil_0.14m"", ""Temperature_MRC_Boil_0.29m"", ""Temperature_MRC_Boil_0.79m"")",NULL,NULL,NULL,NULL,NULL,NULL,NULL,FALSE
doi:10.5063/AA/nuding.7.9,Non-native forest insects and pathogens in the continental US,"c(""Invasive species"", ""introduced species"", ""insects"", ""pathogens"")",Economic impacts of non-native forest pests and pathogens in North America,NA,TRUE,https://cn.dataone.org/cn/v2/resolve/doi%3A10.5063%2FAA%2Fnuding.7.9,"This is a database of 455 nonindigenous forest insect species and 16 pathogen species, compiled from published sources and expert input, with at least one recorded location of establishment in the continental United States.  Species that have gradually expanded their range in a continuous fashion as a result of migration or climate change, and indigenous invaders, i.e. species native to the US introduced into previously uncolonized regions of the US, were excluded.  Species included in our list had to feed on at least one tree species represented in the national Forest Inventory and Analysis (FIA) database maintained by the USDA Forest Service. We excluded insects and pathogens that primarily colonize citrus, shrubs, herbaceous plants, dead or processed wood as well as those that are primarily detritivores, predatory, parasitic, pollinators, aquatic, or that feed only occasionally on trees.","c(""High Impact"", ""SCIENTIFIC NAME"", ""COMMON NAME"", ""ORDER"", ""FAMILY"", ""SubOrder"", ""New_Date"", ""New_GUILD"", ""PHAGY"", ""Date_Known"")",NULL,NULL,NULL,NULL,NULL,NULL,NULL,FALSE
doi:10.5063/F1HX1B2T,OHIBC: Changes in ocean health in British Columbia from 2001 to 2016,"c(""ecosystem-based management"", ""ecosystem services"", ""indicators"", ""coupled social-ecological systems"", ""marine conservation"")",OHIBC: Changes in ocean health in British Columbia from 2001 to 2016,NA,TRUE,https://cn.dataone.org/cn/v2/resolve/doi%3A10.5063%2FF1HX1B2T,"This dataset includes calculated scores, region spatial information, and a zipped repository of all the code necessary to generate the results for the Ocean Health Index British Columbia (OHIBC) project. The study was published in PLOS ONE in January 2020: https://doi.org/10.1371/journal.pone.0227502. Abstract of PLOS ONE publication: Effective management of marine systems requires quantitative tools that can assess the state of the marine social-ecological system and are responsive to management actions and pressures. We applied the Ocean Health Index (OHI) framework to retrospectively assess ocean health in British Columbia annually from 2001 to 2016 for eight goals that represent the values of British Columbia’s coastal communities. We found overall ocean health improved over the study period, from 75 (out of 100) in 2001 to 83 in 2016, with scores for inhabited regions ranging from 68 (North Coast, 2002) to 87 (West Vancouver Island, 2011). Highest-scoring goals were Tourism & Recreation (average 94 over the period) and Habitat Services (100); lowest-scoring goals were Sense of Place (61) and Food Provision (64). Significant increases in scores over the time period occurred for Food Provision (+1.7 per year), Sense of Place (+1.4 per year), and Coastal Livelihoods (+0.6 per year), while Habitat Services (-0.01 per year) and Biodiversity (-0.09 per year) showed modest but statistically significant declines. From the results of our time-series analysis, we used the OHI framework to evaluate impacts of a range of management actions. Despite challenges in data availability, we found evidence for the ability of management to reduce pressures on several goals, suggesting the potential of OHI as a tool for assessing the effectiveness of marine resource management to improve ocean health. Our OHI assessment provides an important comprehensive evaluation of ocean health in British Columbia, and our open and transparent process highlights opportunities for improving accessibility of social and ecological data to inform future assessment and management of ocean health.",NULL,NULL,NULL,NULL,NULL,NULL,NULL,NULL,FALSE
doi:10.5063/F15H7DS3,OS-Prey (Omnibus study of prey) V3,"c(""raptor"", ""diet"", ""predation"", ""bird of prey"", ""hawk"", ""falcon"", ""owl"", ""foraging"", ""predator"", ""prey"")",OS-Prey (Omnibus study of prey),NA,TRUE,https://cn.dataone.org/cn/v2/resolve/doi%3A10.5063%2FF15H7DS3,"The diet composition of a predator is a direct reflection of its role in a food web, resulting from interactions with prey species. Raptors (including hawks, eagles, owls, and falcons) are ubiquitous predators with diverse diets. We present a database of over 3500 raptor diets, representing 173 raptor species from across the world. The database comprises published records of raptor diets from pellets, prey remains, direct or photographic observations, prey DNA, and raptor gut contents. For each diet, we present the amounts and proportions of consumed prey as well as metadata such as location, habitat, and season.","c(""Data set"", ""Study"", ""Journal"", ""Raptor order"", ""Raptor family"", ""Raptor genus"", ""Raptor scientific name"", ""Raptor common name"", ""Continent"", ""Country"", ""Latitude (decimal degree)"", ""Longitude (decimal degree)"", ""Riparian/Lake"", ""Woodland/Forest/Rainforest"", ""Orchard/Plantation Forest"", ""Pasture (grazed land)"", ""Prairie/Grassland/Meadow"", ""Scrub/Shrub/Heath"", ""Urban"", ""Agriculture"", ""Wetland/Marsh/Floodplain"", ""Desert"", ""Tundra"", ""Coastal/Beach/Island"", ""Breeding season"", ""Start Quarter"", ""End Quarter"", 
""Pellets"", ""Prey remains"", ""Direct observations"", ""DNA"", ""Stomach/Gullet contents"", ""Photos/ Videos"", ""Num_obs"", ""Notes"", ""Year"", ""PelletNumber"", ""PreyPerPellet"", ""ID level"", ""Prey class (or above)"", ""Prey order"", ""Prey common name"", ""Prey scientific name"", ""Count"", ""Eggs yes?"", ""Percent (out of 100)"")",NULL,NULL,NULL,"c(""Strigiformes"", ""Accipitriformes"", ""Falconiformes"")",NULL,NULL,NULL,NA
doi:10.18739/A2FT8DM5Z,Ocean and Land Colour Instrument (OLCI)/Sentinel-3B L1 Full Resolution Top of Atmosphere Reflectance,Arctic Report Card 2024,Ocean and Land Colour Instrument (OLCI)/Sentinel-3B L1 Full Resolution Top of Atmosphere Reflectance,NA,TRUE,https://cn.dataone.org/cn/v2/resolve/doi%3A10.18739%2FA2FT8DM5Z,"The OLCI/Sentinel-3B L1 Full Resolution Top of Atmosphere Reflectance product, S3B_OL_1_EFR is generated from the data aquired by the Ocean and Land Colour Instrument (OLCI) on board European Earth Observation satellite mission, SENTINEL-3. The OLCI is a push-broom imaging spectrometer that measures solar radiation reflected by the Earth at a ground spatial resolution of around 300m, over all surfaces, in 21 spectral bands. OLCI is based on the imaging design of ENVISAT's Medium Resolution Imaging Spectrometer (MERIS). It has a 1270km wide swath.  European Space Agency. 2019-08-01. OLCI/Sentinel-3B L1 Full Resolution Top of Atmosphere Reflectance. Version 1. Archived by National Aeronautics and Space Administration, U.S. Government, NASA/GSFC/SED/ESD/HBSL/BISB/MODAPS. https://www.esa.int/Our_Activities/Observing_the_Earth/Copernicus/Overview3.",NULL,NULL,NULL,NULL,NULL,NULL,NULL,NULL,FALSE
doi:10.6067:XCV86974J6_meta$v=1410286406436,Original Indian Foods and Food Preparation,"c(""Historic Native American"", ""Utes"", ""OJIBWA"", ""Huron"", ""Assiniboin"", ""Lower Michigan Indians"", ""Ethnohistoric Research"", ""Fauna"", ""Food Resources"", ""Fishing"", ""Hunting and Gathering"", ""Diet"", ""Food Preparation"", ""Cooking Practices"", ""Cooking Utensils"")",NULL,NA,TRUE,https://cn.dataone.org/cn/v2/resolve/doi%3A10.6067%3AXCV86974J6_meta%24v%3D1410286406436,"A number of attempts have been made from time to time to publish so-called Indian recipes. This is not one of them. The writer has never seen a true ""recipe"" for any ancient Indian dishes, but only descriptions of white foods adapted to Indian tastes, or visa-versa. Basically a recipe should involve careful measurements, leavening, addition of condiments, etc., all strictly according to rule. It is virtually impossible to find any such rules in ancient Indian cookery. Such methods of food preparation as leaching acorns, hulling and grinding corn or smoke drying meats were indeed processes which had to be learned by the growing girl, but they can scarcely be classified as recipes. A little study soon makes it clear that Indian cooking was done entirely ""by ear"".",NULL,NULL,NULL,NULL,NULL,NULL,NULL,NULL,NA
doi:10.6085/AA/pisco_intertidal_summary.54.11,PISCO: Intertidal: Coastal Biodiversity Surveys: Point Contact Surveys: Summarized Data,"c(""Ocean"", ""Intertidal Processes"", ""Intertidal Zone"", ""Marine Biology"", ""Marine Invertebrates"", ""Marine Plants"", ""Marine Habitat"", ""Biosphere"", ""Aquatic Habitats"", ""Coastal Habitat"", ""Community Survey Data"", ""Intertidal Data"", ""Intertidal Community Survey Data"", ""Intertidal Coastal Biodiversity Survey"", ""SWAT Survey"", ""PISCO"", ""Temperate Rocky Reef"", ""Intertidal"", ""Point Contact Survey"", ""Percent Cover"", ""Diversity"", ""Abundance"", ""Density"", ""Invertebrate"", ""Algae"", ""Alaska"", ""British Columbia"", ""Canada"", 
""Washington"", ""Oregon"", ""California"", ""Baja California"", ""Mexico"", ""Sonora"")",Partnership for Interdisciplinary Studies of Coastal Oceans,NA,TRUE,https://cn.dataone.org/cn/v2/resolve/doi%3A10.6085%2FAA%2Fpisco_intertidal_summary.54.11,"Point Contact sampling consists of recording the diversity and abundance of invertebrates and algae along 11 transects of variable length extending from the upper intertidal to the low intertidal. Intertidal surveys are comprised of four components, all sampled along the same transects: (1) point contact estimates of intertidal cover and substrate characteristics, (2) swath transects to estimate the density of seastars and abalone, (3) quadrat sampling to estimate the density of mobile invertebrates, and (4) topography (elevation relative to mean low low water (mllw)). Intertidal coastal biodiversity surveys are conducted throughout the year at sites ranging from Southeast Alaska to Baja California, Mexico. Selected sites are resampled on a 3-5 year cycle. A site is defined as a contiguous rocky bench of at least 30m. The Point Contact summary data include the percent cover of 20 of the most abundant species (or substrate classifications) observed across all sites during the Point Contact Surveys. This percent cover was calculated based on the first point only. The top 10 species were selected based on the total percent cover across sites. Additional species were then added to the selected species, based on regional differences between sites. The percent cover for the resulting 20 species is listed for each site, along with the overall ranking across all sites for each species. If a specific species is not listed for a specific site, that species was not observed on the first point during the Point Contact Surveys conducted at that site.","c(""final_sitename"", ""latitude(dd)"", ""longitude(dd)"", ""survey_rep"", ""year"", ""final_classification"", ""percent_cover"", ""rank_overall"")",NULL,NULL,NULL,NULL,NULL,NULL,NULL,NA
doi:10.6085/AA/marine_cbs.3.2,PISCO: Intertidal: Coastal Biodiversity Surveys: Species Presence,"c(""Ocean"", ""Intertidal Processes"", ""Intertidal Zone"", ""Marine Biology"", ""Marine Invertebrates"", ""Marine Plants"", ""Marine Habitat"", ""Biosphere"", ""Aquatic Habitats"", ""Coastal Habitat"", ""Community Survey Data"", ""Intertidal Data"", ""Intertidal Community Survey Data"", ""Intertidal Coastal Biodiversity Survey"", ""SWAT Survey"", ""PISCO"", ""Temperate Rocky Reef"", ""Intertidal"", ""Swath Survey"", ""Density"", ""Mobile Invertebrate"", ""Seastar"", ""Abalone"", ""Alaska"", ""British Columbia"", ""Canada"", ""Washington"", ""Oregon"", 
""California"", ""Baja California"", ""Mexico"", ""Sonora"")",Multi-Agency Rocky Intertidal Network,NA,TRUE,https://cn.dataone.org/cn/v2/resolve/doi%3A10.6085%2FAA%2Fmarine_cbs.3.2,"This metadata record documents the species presence for PISCO/MARINe intertidal coastal biodiversity surveys. Intertidal surveys are comprised of four components, all sampled along the same transects: (1) point contact estimates of intertidal cover and substrate characteristics, (2) swath transects to estimate the density of seastars and abalone, (3) quadrat sampling to estimate the density of mobile invertebrates, and (4) topography (elevation relative to mean low low water (mllw)). Intertidal coastal biodiversity surveys are done throughout the year at sites ranging from Southeast Alaska to Baja California, Mexico. Selected sites are resampled on a 3 to 5 year cycle. A site is defined as a contiguous rocky bench of at least 30m.  Species presence data are summarized from all visits to a particular site. Sites that have never had a full survey done have not been included. Please note that sensitive species have been removed from this dataset.","c(""intertidal_sitename"", ""marine_site_code"", ""intertidal_sort_order"", ""latitude"", ""longitude"", ""georegion"", ""bioregion"", ""MPA_region"", ""MPA_name"", ""MPA_designation"", ""County"", ""Island"", ""State_Province"", ""Country"", ""NMS_name"", ""ASBS_name"", ""National_designation"", ""State_Province_designation"", ""County_designation"", ""other_designation"", ""species"", ""WoRMS_AphiaID"", ""presence_flag"")",NULL,NULL,NULL,NULL,NULL,NULL,NULL,FALSE
doi:10.6067:XCV8448260_meta$v=1553295015089,"POLLEN, PHYTOLITH, STARCH, MACROFLORAL, ELEMENTAL COMPOSITION (XRF), AND ORGANIC RESIDUE (FTIR) ANALYSIS OF A STONE PIPE FROM THE JUNCTION SITE, DkPi-2, ALBERTA","c(""Old Women's Phase"", ""Data Recovery / Excavation"", ""Junction Site"", ""DkPi-2"", ""Pipe"", ""Phytolith Analysis"", ""Macrofloral Analysis"", ""Pollen Analysis"", ""organic residue analysis"", ""Starch Analysis"", ""FTIR Analysis"", ""XRF Analysis"", ""Elemental Composition Analysis"", ""18-126"")",NULL,NA,TRUE,https://cn.dataone.org/cn/v2/resolve/doi%3A10.6067%3AXCV8448260_meta%24v%3D1553295015089,"A stone pipe fragment was recovered by Lifeways of Canada from the Junction Site (Site DkPi-2), near the junction of Hwy 2 and Crowsnest Highway, 3 km west of Fort MacLeod in southern Alberta, Canada. Given its association with other cultural materials, Lifeways of Canada suggest affiliation with the Old Women’s Phase. Lifeways of Canada submitted the stone pipe fragment to PaleoResearch for pollen, phytolith, starch, macrofloral, Fouriertransform infrared spectroscopy (FTIR), and X-ray fluorescence (XRF) elemental composition analysis.",NULL,NULL,NULL,NULL,NULL,NULL,NULL,NULL,FALSE
doi:10.18739/A24F1MK0B,"Past, Present and Future States and Variations of the late Quarternary Permafrost Subsystem",ARCSS,"Past, Present and Fuuture States and Variations of the late Quarternary Permafrost Subsystem",NA,TRUE,https://cn.dataone.org/cn/v2/resolve/doi%3A10.18739%2FA24F1MK0B,"Permafrost and seasonally frozen ground comprise a critically important component of the dynamic arctic terrestrial system, constituting a closely tied subsystem interacting with snow cover, vegetation, and the overlying atmosphere. This permafrost subsystem regulates the local exchange of energy, water, and materials (including carbon and nitrogen), and its influence extends beyond the arctic land to the hydrosphere and the extra-tropical climate. Furthermore, the long timescale of permafrost dynamics requires evaluation of the evolution and impacts of the subsystem on the glacial-interglacial time frame. While some recent numerical projections show rapid and widespread degradation of permafrost in response to climate change during this century, global climate system models with physically based snow and permafrost dynamics have not been fully tested, using new observationally-based evidence, for spatial and temporal variability of the subsystem under different climate conditions such as the Holocene optimum or the Last Glacial Maximum (LGM). Evaluation of the climate sensitivity to the permafrost will provide vital insight to future scenarios, especially in the Northern Hemisphere. The focus will be on three late Quaternary eras for which numerical simulations are widely performed by the collaborative efforts of the Paleoclimate Model Intercomparison Project (PMIP: i.e., the preindustrial present (0 ka, where ka = thousand years before present), mid-Holocene (6 ka), and the LGM (21ka). This project will focus on evaluating the structure and function of the permafrost subsystem under different climate conditions.",NULL,NULL,NULL,NULL,NULL,NULL,NULL,NULL,FALSE
doi:10.6067:XCV8RX99T5_meta$v=1320276632352,People of the North Cascades,"c(""PaleoIndian"", ""Archaeological Overview"", ""Rock Art"", ""Chipped Stone"", ""Fauna"", ""Fire Cracked Rock"", ""Metal"", ""Wood"")",NULL,NA,TRUE,https://cn.dataone.org/cn/v2/resolve/doi%3A10.6067%3AXCV8RX99T5_meta%24v%3D1320276632352,"The mountainous lands within the North Cascades National Park Complex are the most rugged and inaccessible in the lower 48 states. This portion of the North Cascades Range remains virtually unstudied by archaeologists and ethnologists. Approximately one percent of the National Park Complex area has been surveyed, and in this area, 17 archaeological sites have been recorded on site inventory fonns. During the implementation of this study, 11 additional sites were recorded.
Review of a variety of published literature indicates that prehistoric and historic populations have inhabited mountainous environments in widespread areas around the world for many thousands of years. There is some evidence to suggest that prehistoric people used areas in today's Park Complex for at least 8,000 years. The archaeological record of prehistoric use of the North Cascades can only be understood within the contexts of regional environmental and cultural changes spanning the last 12,000 years. It is predicted that hundreds of unrecorded archaeological sites exist inside
the Park Complex boundaries. A zonal landscape classification is devised to aid in the management of prehistoric cultural resources. The six zones encompass all lands within the Park. Each zone is described according to landform, biota, archaeological sites and features, and estimated density of sites (number/km2 ). The zonal classification constitutes a nonexplanatory model of land use.
Reconnaissance level and intensive, inventory level surveys are recommended in order to find additional sites. Five sites are recommended for testing and evaluation of significance according to criteria for inclusion in the National Register of Historic Places; ten sites should be recorded in more detail; six sites should be revisited; no action is recommended for seven sites. Other recommendations are made concerning the long term management of prehistoric cultural resources in the National Park Complex.",NULL,NULL,NULL,NULL,NULL,NULL,NULL,NULL,NA
doi:10.5063/AA/reedy.3.1,Photos for Argentina Presentation,"c(""Apple"", ""Cider"", ""Orchard"")",NULL,NA,TRUE,https://cn.dataone.org/cn/v2/resolve/doi%3A10.5063%2FAA%2Freedy.3.1,"These are photos to be used for the orchard biodiversity presentation in Argentina. Photos are from England, Wales, Ireland, USA, and Canada.",NULL,NULL,NULL,NULL,NULL,NULL,Malus,pumila,FALSE
doi:10.5065/D6NV9G87,Phytoplankton Data Sets used in Compilation [Ashjian],"c(""Ship"", ""Biology"", ""Arctic"", ""oceans"")",NULL,NA,TRUE,https://cn.dataone.org/cn/v2/resolve/doi%3A10.5065%2FD6NV9G87,"These data consist of a listing of all the data sets on chlorophyll concentration examined in Pacific Marine Arctic Regional Synthesis (PacMARS). Data include specifics on collection year and region, project, people collecting the data, and alternative source for the data. Each data set is numbered. Data sets that could not be included but that were contributed also are noted, along with the reason that they were not included. These data are provided in spreadsheet formats. Note: the data are available in the companion dataset listed below in the Related links.",NULL,NULL,NULL,NULL,NULL,NULL,NULL,NULL,FALSE
doi:10.5063/F1WH2N60,"Plant species diversity data on and off foundation cushion plants in BC, Canada","c(""alpine"", ""plants"", ""climate change"", ""positive interactions"", ""community composition"")",NULL,NA,TRUE,https://cn.dataone.org/cn/v2/resolve/doi%3A10.5063%2FF1WH2N60,"The overarching hypothesis examined herein is that the cushion plant Silene acaulis is a foundation species that positively affects plants.

Full paper here: 
https://esajournals.onlinelibrary.wiley.com/doi/full/10.1890/ES12-00106.1
Positive plant-plant interactions in terms of richness were detected in this study.",NULL,NULL,NULL,NULL,NULL,NULL,NULL,Silene acaulis,FALSE
doi:10.18739/A2662V,Plot NDVI from IPY ITEX Cross Site Comparison,"c(""EARTH SCIENCE > BIOSPHERE > VEGETATION > VEGETATION INDEX"", ""EARTH REMOTE SENSING INSTRUMENTS > PASSIVE REMOTE SENSING > PHOTON/OPTICAL DETECTORS > CAMERAS > CAMERAS"", ""MANNED PERMANENT STATION"", ""MULTIPLE"", ""1 METER TO 30 METERS"", ""ANNUAL"", ""biota"")",NULL,NA,TRUE,https://cn.dataone.org/cn/v2/resolve/doi%3A10.18739%2FA2662V,"Study sites: Toolik Lake Field Station Alaska, USA 68.63 N, 149.57 W; Atqasuk, Alaska USA 70.45 N, 157.40 W; Barrow, Alaska, USA 71.30 N, 156.67 W; Latnjajaure, Sweden 68.35 N, 18.50 E; Falls Creek, Australia: Site 2-unburned 36.90 S 147.29 E; Site 3-burned 36.89 S 147.28 E. Additional sites will be added summer 2008, but the exact sites are not finalized. Purpose: Document plot Normalized Difference Vegetation Index (NDVI) for comparison of warming treatments using International Tundra Experiment (ITEX) open top chamber (OTC), for correlation with visual observation of plant phenology, and for comparison to historical phenology (1995-2002). Treatments: control and ITEX OTC warming experiment (1994-2007). Design: 5 replicates of each treatment at dry site and moist site. Sampling frequency: Once per peak season.",NULL,NULL,NULL,NULL,NULL,NULL,NULL,NULL,FALSE
doi:10.18739/A2SD26,Polar Science Center Hydrographic Climatology (PHC),"c(""Arctic"", ""Oceanography"")",NULL,NA,TRUE,https://cn.dataone.org/cn/v2/resolve/doi%3A10.18739%2FA2SD26,"The climatology provides temperature and salinity data at 1X1 degree intervals for all the earth's oceans, down to a depth of 5500m, at incremental depths identical to those provided in the National Oceanographic Data Center's (NODC) World Ocean Atlas (WOA). This global climatology is the combination of NODC's 1998 world climatology (WOA), the Environmental Working Group (EWG) Arctic Ocean Atlas (AOA), and select Canadian data provided by the Bedford Institute of Oceanography (BIO). While the NODC data includes the Arctic ocean, the AOA data provides a better description of this region. Neither of these data fields provides a good representation of the Canadian Archipelago region and nearby bays in the winter months. The data from the Bedford Institute of Oceanography allowed us to bridge this data hole. These three data sets were merged using an optimal interpolation routine such that our PHC retains the high quality world description provided by the WOA while improving the Arctic with the AOA fields and Canadian data. In summary, Polar Science Center Hydrographic Climatology (PHC) = WOA (Levitus) '98 everywhere except in our arctic domain, where we have blended in the AOA field (from EWG), and the BIO data to produce a more realistic arctic region.",NULL,NULL,NULL,NULL,NULL,NULL,NULL,NULL,FALSE
doi:10.5063/F1ZW1HVW,Predictors of individual variation in the performance of animals in cognitive tests,"c(""meta-analysis"", ""cognition"", ""development"", ""individual differences"", ""evolution"", ""mammals"", ""birds"")",NULL,NA,TRUE,https://cn.dataone.org/cn/v2/resolve/doi%3A10.5063%2FF1ZW1HVW,"This file contains data collected as part of a study that is summarized in the following publication:	
""Individual variation in cognitive performance: developmental and evolutionary perspectives"", by	
Alex Thornton & Dieter Lukas, published in Philosopohical Transactions of the Royal Society B 367: 2773-2783 (2012 http://rstb.royalsocietypublishing.org/content/367/1603/2773.short
The study was a meta-analysis investigating the factors that influence the performance of animals in cognitive testing. There are five separate datasets, all of which report data extracted from earlier publications. The file contains (i) data that formed the basis for the results presented in the paper, (ii) all data collected as part of the study, including entries with missing or unclear information that were removed before analyses, (iii) data that was collected during a preliminary study, where the variables differ from those in the final dataset, but some studies might appear in both, (iv) and (v) additional data from studies that, while listing individual performance, did not link this to further detail about the individuals.","c(""Reference"", ""type"", ""Species"", ""Individual"", ""AgeCategory"", ""Sex"", ""Born"", ""Rearing"", ""Experience"", ""SuccessfulTrials"", ""AttemptedTrials"", ""Percent"", ""Passed"", ""Reference"", ""Order"", ""Family"", ""Species"", ""Domain"", ""PS"", ""Subject_Identification"", ""Age"", ""Sex"", ""Captive"", ""Pass1_Fail0"", ""Domestication"", ""Domesticated"", ""Previous_training"", ""REF"", ""YEAR CONDUCTED"", ""LAB"", ""SPECIES"", ""SOC/PHYS"", ""TYPE"", ""QUESTION"", ""USED TOOL?"", ""GATHERED INFO"", ""DETAIL"", ""SAMPLE SIZE"", ""AGE RANGE"", ""SEX COMPOSITION"", 
""BORN"", ""REARING"", ""EXPERIENCE"", ""PROPORTION SUCCESSFUL"", ""MEAN SUCCESS RATE"", ""F/T/R STATISTIC"", ""P-VALUE"", ""COMMENTS"", ""Reference"", ""YEAR CONDUCTED"", ""LAB"", ""SPECIES"", ""SOC/PHYS"", ""TYPE"", ""SAMPLE SIZE"", ""AGE RANGE"", ""STATISTICAL RANGE"", ""SEX COMPOSITION"", ""BORN"", ""REARING"", ""EXPERIENCE"", ""VISIBLE OR INVISIBLE"", ""DETAIL"", ""PROPORTION SUCCESSFUL"", ""MEAN SUCCESS RATE"", ""F/T/R STATISTIC"", ""P-VALUE"", ""PIAGETIAN STAGE"", ""COMMENTS"", ""REF"", ""YEAR CONDUCTED"", ""LAB"", ""Common name"", ""Species"", ""SOC/PHYS"", 
""TYPE"", ""ID"", ""AGE"", ""AFR"", ""AGE CATEGORY"", ""SEX"", ""BORN"", ""REARING"", ""EXPERIENCE"", ""SUCC. TRIALS"", ""ATTEMPTED TRIALS"", ""percent correct"", ""CLASSED AS PASS?"", ""Binary Pass"")",NULL,NULL,NULL,NULL,NULL,"c(""Ara"", ""Bunopithecus"", ""Cacatua"", ""Cactospiza"", ""Callithrix"", ""Camarhynchus"", ""Canis"", ""Cebus"", ""Corvus"", ""Felis"", ""Gorilla"", ""Hylobates"", ""Leucopsa"", ""Macaca"", ""Melopsittacus"", ""Nestor"", ""Nomascus"", ""Nymphicus"", ""Octodon"", ""Oreonax"", ""Pan"", ""Pongo"", ""Psittacus"", ""Saguinus"", ""Saimiri"", ""Streptopelia"", ""Symphalangus"", ""Tursiops"")","c(""chloroptera"", ""maracana"", ""hoolock"", ""sulphurea"", ""pallida"", ""jacchus"", ""parvulus"", ""canis"", ""apella"", ""capuchinus"", ""libidinosus"", ""frugilegus"", ""moneduloides"", ""catus"", ""gorilla"", ""lar"", ""rothschildi"", ""fuscata"", ""mulatta"", ""undulatus"", ""notabilis"", ""gabriellae"", ""leucogenys"", ""hollandicus"", ""degu"", ""flavica"", ""paniscus"", ""troglodytes"", ""pygmaeus"", ""erithacus"", ""oedipus"", ""sciureus"", ""risoria"", ""syndactylus"", ""truncatus"")",FALSE
doi:10.18739/A2804XM4B,"Prehistoric Native Copper Technology in Northwest North America: Innovation, Diffusion, and Heritage","c(""copper"", ""element"", ""material analysis"", ""pxrf"")","Prehistoric Native Copper Technology in Northwest North America: Innovation, Diffusion, and Heritage",NA,TRUE,https://cn.dataone.org/cn/v2/resolve/doi%3A10.18739%2FA2804XM4B,"This dataset consists of the results of compositional analysis of copper and copper allow artifacts using portable x-ray fluorescence. Though the emphasis of this study is on the use of geological native copper prior to the arrival of non-Indigenous (European) metal, the artifacts included in this study are from archaeological contexts spanning the last 2,000 years (AD 1-1900). Data is displayed in tables as weight percent with the first column showing artifact and site number. The artifacts analyzed are from Alaska, British Columbia, Yukon, Northwest Territories, and Nunavut. Included in these data are artifacts made from native copper and industrial smelted trade copper and copper alloys. The artifacts included in this dataset were accessed at the following institutions: University of Alaska Museum of the North (including some material previously accessed at the University of Alaska Anchorage), Royal British Columbia Museum, University of British Columbia Museum of Anthropology, University of Victoria, American Museum of Natural History, Canadian Museum of History, and the Prince of Wales Northern Heritage Centre. These data are currently undergoing analysis and some data are still undergoing conversion from raw data files to weight percent. Additional weight percent results will be added to this dataset once complete.","c(""sampleId"", ""MnKa1"", ""FeKa1"", ""CoKa1"", ""NiKa1"", ""CuKa1"", ""ZnKb1"", ""AsKb1"", ""PbLb1"", ""BiLb1"", ""AgKa1"", ""CdKa1"", ""SnKa1"", ""SbKa1"", ""Total"")",NULL,NULL,NULL,NULL,NULL,NULL,NULL,FALSE
doi:10.6067:XCV8V69GVJ_meta$v=1323455763575,Preservation of American Antiquities; Progress during the Last Year; Needed Legislation,"c(""Historic Background Research"", ""Heritage Management"", ""Conservation"", ""Law"", ""Theodore Roosevelt"", ""National Monument"", ""Archaeological Permits"", ""United States Congress"", ""National Forest Reserves"", ""Office of Indian Affairs"")",NULL,NA,TRUE,https://cn.dataone.org/cn/v2/resolve/doi%3A10.6067%3AXCV8V69GVJ_meta%24v%3D1323455763575,"Prior to 1904, the only act of our Government looking toward the preservation of our antiquities was the reservation and restoration, by act of Congress of March 2, 1889, of the Casa Grande ruin in Arizona. During the last fifteen months a definite policy of preservation has rapidly developed, so that at present it may be said that approximately three-fourths of all the remains of antiquity that are situated on lands owned or controlled by the United States are under custodianship more or less efficient, and that the despoliation of ruins for commercia! purposes is in a fair way to be stamped out.
This article discusses the various steps that have been taken.",NULL,NULL,NULL,NULL,NULL,NULL,NULL,NULL,FALSE
doi:10.18739/A2FN10S9S,"Press and Pulse Program (PAPP) Control 3 Community data, Latnjajaure site, Sweden, 1995-1998","c(""Arctic"", ""Surface"")",NULL,NA,TRUE,https://cn.dataone.org/cn/v2/resolve/doi%3A10.18739%2FA2FN10S9S,"This dataset contains PAPP Cont 3 Community data from the Latnjajaure site, Sweden in 1995, 1996, 1997 &amp;amp; 1998. The Press and Pulse Program (PAPP) experiment is comprised of four replicate blocks, each of which has four plots. These plots were subject to the Control 3 treatment. For more information, please see the readme file.",NULL,NULL,NULL,NULL,NULL,NULL,NULL,NULL,FALSE
doi:10.5065/D6416V5C,Proceedings of the International Conferences on Permafrost 1963-2008,"c(""Land Character."", ""Arctic"")",NULL,NA,TRUE,https://cn.dataone.org/cn/v2/resolve/doi%3A10.5065%2FD6416V5C,"This data set contains proceedings from the International Conference on Permafrost (ICOP). There have been nine ICOP conferences starting in 1963 with the most recent in 2008. Files are in pdf format, and are browseable via the Proceedings document link below.",NULL,NULL,NULL,NULL,NULL,NULL,NULL,NULL,FALSE
doi:10.5063/AA/nceas.960.4,Producer Nutritional Quality Controls Ecosystem Trophic Structure,NULL,NULL,NA,TRUE,https://cn.dataone.org/cn/v2/resolve/doi%3A10.5063%2FAA%2Fnceas.960.4,"We compiled an unparalleled data set from the literature and other sources that includes measures of aboveground producer biomass, herbivore biomass, and producer nutritional quality expressed as nitrogen and phosphorus content in aboveground producer biomass (i.e. % of producer dry weight) for a broad range of aquatic and terrestrial ecosystems.  The data compiled correspond to mean values that integrate the whole ecosystem over at least one year of observations.","c(""reference"", ""community type"", ""ecosystem type"", ""PB (gCm-2)"", ""NPP (gC m-2 y-1)"", ""H (gC m-2 y-1)"", ""%NPP consumed"", ""HB (gC m-2)"", ""Nbiomass (%DW)"", ""Pbiomass (%DW)"", ""symbol"", ""fill"", ""code"", ""system"", ""ref"", ""<unknown>"", ""herbivore ID"", ""herbivore ID2"", ""common name"", ""group"", ""Nh"", ""N max"", ""N min"", ""N SD"", ""Ph"", ""P max"", ""P min"", ""P SD"", ""study mean herb N"", ""study mean herb P"", ""N source"", ""P source"", ""notes"")",NULL,NULL,NULL,NULL,NULL,NULL,NULL,FALSE
doi:10.18739/A2NG4GT1F,Qualitative Data NVivo,"c(""EARTH SCIENCE > HUMAN DIMENSIONS > SOCIAL BEHAVIOR"", ""FIELD SURVEY"", ""STATION"", ""MONTHLY TO ANNUAL"", ""society"")",NULL,NA,TRUE,https://cn.dataone.org/cn/v2/resolve/doi%3A10.18739%2FA2NG4GT1F,"Qualitative data from community observations are stored and managed using NVivo software that provides functionality for classifying, sorting and arranging qualitative research data. The sampling unit used is a harvest event, typically a hunting or fishing event in a particular season. As of 5 September, 2008 we have received and encoded data for 56 harvest events as follows: Harvest type: Mammal (10), Fish (45), Shellfish (1) Community: Gambell (10), Kanchalan (22), Nikolskoye (6), Sandpoint (18) Preliminary NVivo Data structure: Nodes (collections of related material by topic): ANIMAL HABITATS ANIMAL SPECIES CLIMATE CHANGE AND ENVIRONMENTAL CONDITIONS FAMILY SIZE HARVEST USE HOW PROCESS CATCH HUNT FISH LOCATON INFO SOURCE LEGAL VERSUS NATURAL HUNT FISH SEASON MIGRATION PATTERN QUALITY OF CATCH QUANTITY OF CATCH RESPONDENT CANNOT RECALL OR IS NOT KEEPING TRACK OF PREVIOUS FISH HUNT DETAILS SOCIAL TIES AND FOOD SHARING THE FISHING EXPERIENCE UNCLEAR Queries (primary topics that have had queries created): AIR TEMPERATURE BY LOCATION CHANGES IN WIND STRENGTH FACTORS AFFECTING ABILITY TO REACH HUNT FISH BY LOCATION ICE BREAK-UP ICE FREEZE-UP ILL HEALTH CONDITIONS INFORMATION SOURCE LOCATION BY AIR TEMPERATURE PROXIMITY TO ISLAND OF HUNT FISH LOCATION QUANTITY AND QUALITY OF ICE STRENGTH OF RESPONDENTS OBSERVATION WIND STRENGTH BY LOCATION Classifications (attributes by which cases can be classified): ANIMAL LOCATION SEX",NULL,NULL,NULL,NULL,NULL,NULL,NULL,NULL,FALSE
doi:10.5063/F14T6GP0,Quantifying FAIR:  metadata improvement and guidance in the DataONE repository network,"c(""FAIR"", ""metadata"", ""repository"", ""interoperability"", ""DataONE"")",Quantifying FAIR:  metadata improvement and guidance in the DataONE repository network,NA,TRUE,https://cn.dataone.org/cn/v2/resolve/doi%3A10.5063%2FF14T6GP0,"DataONE has consistently focused on interoperability among data repositories to enable seamless access to well-described data on the Earth and the environment.  Our existing services promote data discovery and access through harmonization of the diverse metadata specifications used across communities, and through our integrated data search portal and services.  In terms of the FAIR principles, we have done a good job at Findable and Accessible, while as a community we have placed less emphasis on Interoperable and Reusable.  We present new DataONE services for quantitatively providing guidance on metadata completeness and effectiveness relative to the FAIR principles. The services produce guidance for FAIRness at both the level of an individual data set and trends through time for repository, user, and funder data collections. These analytical results regarding conformance to FAIR principles are preliminary and based on proposed quantitative assessment metrics for FAIR which will be changed with input from the community.  The current statistics are based on version 0.2.0 of the DataONE FAIR suite.  Thus, these results should not be viewed as conclusive about the data sets presented, but rather illustrate the types of quantitative comparisons that will be able to be made when the FAIR metrics at DataONE have been finalized.",NULL,NULL,NULL,NULL,NULL,NULL,NULL,NULL,FALSE
doi:10.18739/A2HQ3S073,Quantitative Data SPSS,"c(""EARTH SCIENCE > HUMAN DIMENSIONS > SOCIAL BEHAVIOR"", ""FIELD SURVEY"", ""STATION"", ""MONTHLY TO ANNUAL"", ""society"")",NULL,NA,TRUE,https://cn.dataone.org/cn/v2/resolve/doi%3A10.18739%2FA2HQ3S073,"Quantitative data from community observations are stored and managed using SPSS social survey software. The sampling unit used is a harvest event, typically a hunting or fishing event in a particular season. As of 5 September, 2008 we have received and encoded data for 56 harvest events as follows: Harvest type: Mammal (10), Fish (45), Shellfish (1) Community: Gambell (10), Kanchalan (22), Nikolskoye (6), Sandpoint (18) Preliminary SPSS Data structure: Name, Label, Type, Width ID Respondent s Identification Number String 10 INTERNO Interview Number String 2 DATE Date On Which the Interview Took Place Date 8 SEX Gender Numeric 1 YEARBO Year of Birth Numeric 11 VILLAGE Village Where Respndent Resides String 6 LOCATI Respondent Resides in Russia or Alaska Numeric 8 LIVED How Long Respondent Lived in the Area String 100 LANGUAG Language in Which Interiew Conducted Numeric 7 HARVEST Level of Harvester Numeric 4 YEARHU How Many Years Respondent Has Hunted/Fished in the Area Numeric 8 EMPLOY Is the Respondent Employed in a Non-Harvesting Field Numeric 3 TIMEWOR Time Per Week/Month Is Spent in Non-Harvest Work Numeric 8 YEARWOR How Many Years Spent in Non-Harvest Work CATEGORIES Numeric 8 Q1FISHM Is Respondent Hunting Fish or Mammals On Next Trip Numeric 4 SPECIES Species of Fish/Mammal Being Hunted/Fished Numeric 8 Q2RECA Does Respondent Recall When Last Hunt/Fish Trip Occurre Numeric 3 Q2WHEN Date of Last Hunt/Fish Trip String 50 Q2AAGO How Long Ago Was Last Hunt/Fish Trip Numeric 16 Q3FAR How Far Respondent Travelled On Last Hunt/Fish Trip Numeric Q4OFTEN How Often Respondent Hunted/Fished in the Location of Last Trip Numeric 6 Q5AGE Age When Respondent First Went to Location of Last Trip Numeric 18 Q6PROX Prefers Loc. of Last Trip Due to Proximity to Village Numeric 11 Q6ACCES Prefers Location of Last Trip Due to Ease of Access Numeric 11 Q6CATCH Prefers Location of Last Trip Due to Ease of Catching Numeric 11 Q6OTHER Prefers Location of Last Trip Due to Some Other Reason Numeric 11 Q6SPECI Other Reason Prefers Locatin of Last Trip String 200 Q6DONT Respondent Does Not Like Location of Last Trip Numeric 11 Q7RELY Is Location of Last Trip Reliable for Fishing/Hunting Numeric 3 Q8NOTIC In Previous 5-10 Years Has Respondent Noticed Changes at Last Hunt/Fish Location Numeric 3 Q9OTHER Do Others From the Village Also Hunt/Fish at Location of Last Trip Numeric 3 Q10GETA On Last Trip, Was it Easier or More Difficult to Get to Location Numeric 3 Q10GETR On Last Trip Did Respondent Encounter Difficulties Getting to Hunt/Fish Location Numeric 8 Q10ATRA More Difficult to Get to Location of Last Trip Due to Lack of Transportation Numeric 11 Q10AROA More Difficult to Get to Location of Last Trip Due to Poor Road Conditions Numeric 11 Q10AENV More Difficult to Get to Location of Last Trip Due to Poor Environ Conditions Numeric 11 Q10AECO More Diff. to Get to Location of Last Trip Due to Economics Numeric 11 Q10AHEA More Difficult to Get to Location of Last Trip Due to Personal Health Condition Numeric 11 Q10AOTHE More Difficult to Get to Location of Last Trip Due to Other Reasons Numeric 23 Q11TRAD Last Harvest Used for Traditional/Personal Use Numeric 11 Q11CASH Last Harvest Used for Generating Cash or Bartering Numeric 11 Q11REC Last Harvest Used for Recreational Hunting/Fishing Numeric 11 Q11COM Last Harvest Used for Commercial or Business Activity Numeric 11 Q11DOG Last Harvest Used for Feeding Dogs Numeric 11 Q11SHAR Last Harvest Used for Sharing with Friends/Family Numeric 11 Q11OTHE Last Harvest Used for Something Else Numeric 20 Q12QUAN Quantity of XXX Caught on Last Hunt/Fish Trip Numeric 21",NULL,NULL,NULL,NULL,NULL,NULL,NULL,NULL,FALSE
doi:10.5063/F1JS9NXQ,R code and data for: 'Considerations for the management of hatchery salmon: stream characteristics associated with attractiveness to strays',"c(""aquaculture"", ""attractiveness"", ""dispersal"", ""habitat patch"", ""hatcheries"", ""hatchery release site"", ""metapopulation"", ""straying"")",R code and data for: 'Considerations for the management of hatchery salmon: stream characteristics associated with attractiveness to strays',NA,TRUE,https://cn.dataone.org/cn/v2/resolve/doi%3A10.5063%2FF1JS9NXQ,"Included are the R scripts and input data files to reproduce the analyses in 'Considerations for the management of hatchery salmon: stream characteristics associated with attractiveness to strays', published in Ecological Applications in 2026.",NULL,NULL,NULL,NULL,NULL,NULL,NULL,Oncorhynchus keta,FALSE
doi:10.5065/D64F1NS6,Radial Green's Functions used to Correct Borehole Temperature Measurements for the Thermal Disturbance Caused by Drilling,"c(""EARTH SCIENCE > CLIMATE INDICATORS > CRYOSPHERIC INDICATORS"", ""IN SITU/LABORATORY INSTRUMENTS > PROBES > TEMPERATURE PROBES"", ""OTHER"", ""environment"")",NULL,NA,TRUE,https://cn.dataone.org/cn/v2/resolve/doi%3A10.5065%2FD64F1NS6,"An inevitable consequence of deep drilling operations is that temperatures in the vicinity of a new borehole are always thermally disturbed. For most deep drilling technologies, the thermal disturbance is primarily due to heat exchange between the drilling fluid and the material surround the borehole. Although temperatures around a well eventually return to the undisturbed state, a measurable disturbance may still exist several decades after well completion. Thus, borehole temperature measurements must be 'corrected' if the undisturbed temperature distribution in the surrounding rock or ice is to be found. Undisturbed formation temperatures are of interest for a wide range of geophysical applications, including: regional heat flow studies, modeling hydrocarbon maturation in sedimentary basins, assessment of geothermal reservoir potential, interpretation of electric well logs, prediction of gas hydrate stability zones, permafrost characterization, and climate-change studies. This dataset consists of tabulated radial Green's functions Gr that can be used to assess the magnitude of the thermal drilling disturbance around a borehole during both the drilling and recovery phases. Tables are provided for the following types of boundary condition at the borehole wall: (1) Dirichlet - prescribed temperature, (2) Neumann - prescribed heat flux, and (3) Robin - a prescribed convective condition. When used in conjunction with the appropriate vertical Green's function Gz, 2-D drilling disturbance effects around a borehole can be computed. Although a simple analytic expression is available for Gz, a challenging numerical integration must be performed to evaluate the radial Green's functions Gr. The tabulated Gr values provided by this dataset are intended to alleviate the need to repeat these calculations. File ""Gr_notation.pdf"" describes the mathematical notation used in the dataset while ""Gr_files.pdf' provides a description of the individual Gr files. A complete description of the Green's functions and their use for the drilling disturbance problem is provided by Clow, G.D., (2015): ""A Green's Function Approach for Assessing the Thermal Disturbance Caused by Drilling Deep Boreholes in Rock or Ice"", Geophysical Journal International, 203, 1877-1895, doi:10.1093/gji/ggv415. Recommended Citation: Clow, Gary D. (2015). Radial Green's Functions used to Correct Borehole Temperature Measurements for the Thermal Disturbance Caused by Drilling. UCAR/NCAR - CISL - ACADIS. Dataset. http://dx.doi.org/10.5065/D64F1NS6",NULL,NULL,NULL,NULL,NULL,NULL,NULL,NULL,FALSE
doi:10.5063/F1JW8C4R,"Raw Stressor Data: A Global Map of Human Impact on Marine Ecosystems, 2008",NULL,NULL,NA,TRUE,https://cn.dataone.org/cn/v2/resolve/doi%3A10.5063%2FF1JW8C4R,"What happens in the vast stretches of the world's oceans - both wondrous and worrisome - has too often been out of sight, out of mind. The sea represents the last major scientific frontier on planet earth - a place where expeditions continue to discover not only new species, but even new phyla. The role of these species in the ecosystem, where they sit in the tree of life, and how they respond to environmental changes really do constitute mysteries of the deep. Despite technological advances that now allow people to access, exploit or affect nearly all parts of the ocean, we still understand very little of the ocean's biodiversity and how it is changing under our influence. The goal of the research presented here is to estimate and visualize, for the first time, the global impact humans are having on the ocean's ecosystems. Our analysis, published in Science, February 15, 2008 (http://doi.org/10.1126/science.1149345), shows that over 40% of the world's oceans are heavily affected by human activities and few if any areas remain untouched.  This dataset contains raw stressor data from 17 different human activities that directly or indirectly have an impact on the ecological communities in the ocean's ecosystems. For more information on specific dataset, see the methods section. All data are projected in WGS 1984 Mollweide.",NULL,NULL,NULL,NULL,NULL,NULL,NULL,NULL,FALSE
doi:10.5063/F1ZG6QKJ,Recent pace of change in human impact on the world's ocean: Artisinal fishing,NULL,Recent pace of change in human impact on the world's ocean,NA,TRUE,https://cn.dataone.org/cn/v2/resolve/doi%3A10.5063%2FF1ZG6QKJ,"These are the stressor and impact data for artisanal fishing for the publication: 'Recent pace of change in human impact on the world's ocean' (Halpern et al. 2019). 
The artisanal fishing stressor describes the magnitude of artisanal fisheries catch standardized by Net Primary Productivity. We describe the stressor intensity of artisanal fisheries and the corresponding impact on 21 marine ecosystems over 11 years (2003-2013).  To determine annual change in impact, we applied a linear regression model to each raster cell. Code used in analyzing these data is available as a zipped GitHub repository, impact_acceleration-1.0.zip, in this dataset's parent (CITATION HERE).

These data include the following:     Raw stressor intensity rasters for 2003 to 2013.  These rasters are created using scripts located in the 'stressors' folder of the 'impact_acceleration' Github repository.    Rescaled stressor intensity rasters for 2003 to 2013.  Raw stressor intensities are rescaled to values between 0 and 1, using either known or estimated ecosystem thresholds or upper quantile values from the distribution of global stressor intensity values across years. These rasters are created using scripts located in the 'stressors' folder of the 'impact_acceleration' Github repository.    Impact rasters for 2003 to 2013 which describe the impact of the stressor based on the vulnerability of 21 marine ecosystems to the stressor. The impact of the stressor is estimated by multiplying the stressor's intensity by the corresponding ecosystem vulnerability where the ecosystem occurs. The average impact of each stressor, across all ecosystems, is estimated by summing the stressor-by-ecosystem vulnerability combinations and dividing by the number of ecosystems within each cell.  These rasters are created using scripts located in the 'impacts' folder of the 'impact_acceleration' Github repository.    A trend raster describing the average annual change in impact from 2003 to 2013.  This raster is created using scripts located in the 'trend' folder of the 'impact_acceleration' Github repository.     Files describing the cumulative impacts and additional stressors are provided in other KNB datasets.","c(""2003 raw Artisanal fishing"", ""2004 raw Artisanal fishing"", ""2005 raw Artisanal fishing"", ""2006 raw Artisanal fishing"", ""2007 raw Artisanal fishing"", ""2008 raw Artisanal fishing"", ""2009 raw Artisanal fishing"", ""2010 raw Artisanal fishing"", ""2011 raw Artisanal fishing"", ""2012 raw Artisanal fishing"", ""2013 raw Artisanal fishing"", ""2003 rescaled Artisanal fishing"", ""2004 rescaled Artisanal fishing"", ""2005 rescaled Artisanal fishing"", ""2006 rescaled Artisanal fishing"", ""2007 rescaled Artisanal fishing"", 
""2008 rescaled Artisanal fishing"", ""2009 rescaled Artisanal fishing"", ""2010 rescaled Artisanal fishing"", ""2011 rescaled Artisanal fishing"", ""2012 rescaled Artisanal fishing"", ""2013 rescaled Artisanal fishing"", ""2003 impact Artisanal fishing"", ""2004 impact Artisanal fishing"", ""2005 impact Artisanal fishing"", ""2006 impact Artisanal fishing"", ""2007 impact Artisanal fishing"", ""2008 impact Artisanal fishing"", ""2009 impact Artisanal fishing"", ""2010 impact Artisanal fishing"", ""2011 impact Artisanal fishing"", 
""2012 impact Artisanal fishing"", ""2013 impact Artisanal fishing"", ""2003-2013 trend Artisanal fishing"")",NULL,NULL,NULL,NULL,NULL,NULL,NULL,FALSE
doi:10.5063/F1TQ5ZVT,Recent pace of change in human impact on the world's ocean: Commercial fishing - demersal destructive,NULL,Recent pace of change in human impact on the world's ocean,NA,TRUE,https://cn.dataone.org/cn/v2/resolve/doi%3A10.5063%2FF1TQ5ZVT,"These are the stressor and impact data for commercial demersal destructive fishing for the publication: 'Recent pace of change in human impact on the world's ocean' (Halpern et al. 2019). 
The demersal destructive fishing stressor describes tonnes of catch using demersal destructive gear types, standardized by Net Primary Productivity. We describe the stressor intensity of demersal destructive fishing and the corresponding impact on 21 marine ecosystems over 11 years (2003-2013).  To determine annual change in impact, we applied a linear regression model to each raster cell. Code used in analyzing these data is available as a zipped GitHub repository, impact_acceleration-1.0.zip, in this dataset's parent (CITATION HERE).

These data include the following:     Raw stressor intensity rasters for 2003 to 2013.  These rasters are created using scripts located in the 'stressors' folder of the 'impact_acceleration' Github repository.    Rescaled stressor intensity rasters for 2003 to 2013.  Raw stressor intensities are rescaled to values between 0 and 1, using either known or estimated ecosystem thresholds or upper quantile values from the distribution of global stressor intensity values across years. These rasters are created using scripts located in the 'stressors' folder of the 'impact_acceleration' Github repository.    Impact rasters for 2003 to 2013 which describe the impact of the stressor based on the vulnerability of 21 marine ecosystems to the stressor. The impact of the stressor is estimated by multiplying the stressor's intensity by the corresponding ecosystem vulnerability where the ecosystem occurs. The average impact of each stressor, across all ecosystems, is estimated by summing the stressor-by-ecosystem vulnerability combinations and dividing by the number of ecosystems within each cell.  These rasters are created using scripts located in the 'impacts' folder of the 'impact_acceleration' Github repository.    A trend raster describing the average annual change in impact from 2003 to 2013.  This raster is created using scripts located in the 'trend' folder of the 'impact_acceleration' Github repository.     Files describing the cumulative impacts and additional stressors are provided in other KNB datasets.","c(""2003 raw Commercial fishing: demersal destructive"", ""2004 raw Commercial fishing: demersal destructive"", ""2005 raw Commercial fishing: demersal destructive"", ""2006 raw Commercial fishing: demersal destructive"", ""2007 raw Commercial fishing: demersal destructive"", ""2008 raw Commercial fishing: demersal destructive"", ""2009 raw Commercial fishing: demersal destructive"", ""2010 raw Commercial fishing: demersal destructive"", ""2011 raw Commercial fishing: demersal destructive"", ""2012 raw Commercial fishing: demersal destructive"", 
""2013 raw Commercial fishing: demersal destructive"", ""2003 rescaled Commercial fishing: demersal destructive"", ""2004 rescaled Commercial fishing: demersal destructive"", ""2005 rescaled Commercial fishing: demersal destructive"", ""2006 rescaled Commercial fishing: demersal destructive"", ""2007 rescaled Commercial fishing: demersal destructive"", ""2008 rescaled Commercial fishing: demersal destructive"", ""2009 rescaled Commercial fishing: demersal destructive"", ""2010 rescaled Commercial fishing: demersal destructive"", 
""2011 rescaled Commercial fishing: demersal destructive"", ""2012 rescaled Commercial fishing: demersal destructive"", ""2013 rescaled Commercial fishing: demersal destructive"", ""2003 impact Commercial fishing: demersal destructive"", ""2004 impact Commercial fishing: demersal destructive"", ""2005 impact Commercial fishing: demersal destructive"", ""2006 impact Commercial fishing: demersal destructive"", ""2007 impact Commercial fishing: demersal destructive"", ""2008 impact Commercial fishing: demersal destructive"", 
""2009 impact Commercial fishing: demersal destructive"", ""2010 impact Commercial fishing: demersal destructive"", ""2011 impact Commercial fishing: demersal destructive"", ""2012 impact Commercial fishing: demersal destructive"", ""2013 impact Commercial fishing: demersal destructive"", ""2003-2013 trend Commercial fishing: demersal destructive"")",NULL,NULL,NULL,NULL,NULL,NULL,NULL,FALSE
doi:10.5063/F1X065JB,Recent pace of change in human impact on the world's ocean: Commercial fishing - demersal non-desctructive high-bycatch,NULL,Recent pace of change in human impact on the world's ocean,NA,TRUE,https://cn.dataone.org/cn/v2/resolve/doi%3A10.5063%2FF1X065JB,"These are the stressor and impact data for commercial demersal nondestructive low bycatch fishing for the publication: 'Recent pace of change in human impact on the world's ocean' (Halpern et al. 2019). 
This stressor describes tonnes of demersal fisheries catch using nondestructive and low bycatch gear types.  Catch is standardized by Net Primary Productivity. We describe the stressor intensity of demersal nondestructive low bycatch fishing and the corresponding impact on 21 marine ecosystems over 11 years (2003-2013).  To determine annual change in impact, we applied a linear regression model to each raster cell. Code used in analyzing these data is available as a zipped GitHub repository, impact_acceleration-1.0.zip, in this dataset's parent (CITATION HERE).

These data include the following:     Raw stressor intensity rasters for 2003 to 2013.  These rasters are created using scripts located in the 'stressors' folder of the 'impact_acceleration' Github repository.    Rescaled stressor intensity rasters for 2003 to 2013.  Raw stressor intensities are rescaled to values between 0 and 1, using either known or estimated ecosystem thresholds or upper quantile values from the distribution of global stressor intensity values across years. These rasters are created using scripts located in the 'stressors' folder of the 'impact_acceleration' Github repository.    Impact rasters for 2003 to 2013 which describe the impact of the stressor based on the vulnerability of 21 marine ecosystems to the stressor. The impact of the stressor is estimated by multiplying the stressor's intensity by the corresponding ecosystem vulnerability where the ecosystem occurs. The average impact of each stressor, across all ecosystems, is estimated by summing the stressor-by-ecosystem vulnerability combinations and dividing by the number of ecosystems within each cell.  These rasters are created using scripts located in the 'impacts' folder of the 'impact_acceleration' Github repository.    A trend raster describing the average annual change in impact from 2003 to 2013.  This raster is created using scripts located in the 'trend' folder of the 'impact_acceleration' Github repository.     Files describing the cumulative impacts and additional stressors are provided in other KNB datasets.","c(""2003-2013 trend Commercial fishing: demersal nondestructive low bycatch"", ""2013 impact Commercial fishing: demersal nondestructive low bycatch"", ""2012 impact Commercial fishing: demersal nondestructive low bycatch"", ""2011 impact Commercial fishing: demersal nondestructive low bycatch"", ""2010 impact Commercial fishing: demersal nondestructive low bycatch"", ""2009 impact Commercial fishing: demersal nondestructive low bycatch"", ""2008 impact Commercial fishing: demersal nondestructive low bycatch"", 
""2007 impact Commercial fishing: demersal nondestructive low bycatch"", ""2006 impact Commercial fishing: demersal nondestructive low bycatch"", ""2005 impact Commercial fishing: demersal nondestructive low bycatch"", ""2004 impact Commercial fishing: demersal nondestructive low bycatch"", ""2003 impact Commercial fishing: demersal nondestructive low bycatch"", ""2013 rescaled Commercial fishing: demersal nondestructive low bycatch"", ""2012 rescaled Commercial fishing: demersal nondestructive low bycatch"", 
""2011 rescaled Commercial fishing: demersal nondestructive low bycatch"", ""2010 rescaled Commercial fishing: demersal nondestructive low bycatch"", ""2009 rescaled Commercial fishing: demersal nondestructive low bycatch"", ""2008 rescaled Commercial fishing: demersal nondestructive low bycatch"", ""2007 rescaled Commercial fishing: demersal nondestructive low bycatch"", ""2006 rescaled Commercial fishing: demersal nondestructive low bycatch"", ""2005 rescaled Commercial fishing: demersal nondestructive low bycatch"", 
""2004 rescaled Commercial fishing: demersal nondestructive low bycatch"", ""2003 rescaled Commercial fishing: demersal nondestructive low bycatch"", ""2013 raw Commercial fishing: demersal nondestructive low bycatch"", ""2012 raw Commercial fishing: demersal nondestructive low bycatch"", ""2011 raw Commercial fishing: demersal nondestructive low bycatch"", ""2010 raw Commercial fishing: demersal nondestructive low bycatch"", ""2009 raw Commercial fishing: demersal nondestructive low bycatch"", ""2008 raw Commercial fishing: demersal nondestructive low bycatch"", 
""2007 raw Commercial fishing: demersal nondestructive low bycatch"", ""2006 raw Commercial fishing: demersal nondestructive low bycatch"", ""2005 raw Commercial fishing: demersal nondestructive low bycatch"", ""2004 raw Commercial fishing: demersal nondestructive low bycatch"", ""2003 raw Commercial fishing: demersal nondestructive low bycatch"")",NULL,NULL,NULL,NULL,NULL,NULL,NULL,FALSE
doi:10.5063/F1PZ574W,Recent pace of change in human impact on the world's ocean: Commercial fishing - demersal non-desctructive low-bycatch,NULL,Recent pace of change in human impact on the world's ocean,NA,TRUE,https://cn.dataone.org/cn/v2/resolve/doi%3A10.5063%2FF1PZ574W,"These are the stressor and impact data for commercial demersal nondestructive low bycatch fishing for the publication: 'Recent pace of change in human impact on the world's ocean' (Halpern et al. 2019). 
This stressor describes tonnes of demersal fisheries catch using nondestructive and low bycatch gear types.  Catch is standardized by Net Primary Productivity. We describe the stressor intensity of demersal nondestructive low bycatch fishing and the corresponding impact on 21 marine ecosystems over 11 years (2003-2013).  To determine annual change in impact, we applied a linear regression model to each raster cell. Code used in analyzing these data is available as a zipped GitHub repository, impact_acceleration-1.0.zip, in this dataset's parent (CITATION HERE).

These data include the following:     Raw stressor intensity rasters for 2003 to 2013.  These rasters are created using scripts located in the 'stressors' folder of the 'impact_acceleration' Github repository.    Rescaled stressor intensity rasters for 2003 to 2013.  Raw stressor intensities are rescaled to values between 0 and 1, using either known or estimated ecosystem thresholds or upper quantile values from the distribution of global stressor intensity values across years. These rasters are created using scripts located in the 'stressors' folder of the 'impact_acceleration' Github repository.    Impact rasters for 2003 to 2013 which describe the impact of the stressor based on the vulnerability of 21 marine ecosystems to the stressor. The impact of the stressor is estimated by multiplying the stressor's intensity by the corresponding ecosystem vulnerability where the ecosystem occurs. The average impact of each stressor, across all ecosystems, is estimated by summing the stressor-by-ecosystem vulnerability combinations and dividing by the number of ecosystems within each cell.  These rasters are created using scripts located in the 'impacts' folder of the 'impact_acceleration' Github repository.    A trend raster describing the average annual change in impact from 2003 to 2013.  This raster is created using scripts located in the 'trend' folder of the 'impact_acceleration' Github repository.     Files describing the cumulative impacts and additional stressors are provided in other KNB datasets.","c(""2003 raw Commercial fishing: demersal nondestructive low bycatch"", ""2004 raw Commercial fishing: demersal nondestructive low bycatch"", ""2005 raw Commercial fishing: demersal nondestructive low bycatch"", ""2006 raw Commercial fishing: demersal nondestructive low bycatch"", ""2007 raw Commercial fishing: demersal nondestructive low bycatch"", ""2008 raw Commercial fishing: demersal nondestructive low bycatch"", ""2009 raw Commercial fishing: demersal nondestructive low bycatch"", ""2010 raw Commercial fishing: demersal nondestructive low bycatch"", 
""2011 raw Commercial fishing: demersal nondestructive low bycatch"", ""2012 raw Commercial fishing: demersal nondestructive low bycatch"", ""2013 raw Commercial fishing: demersal nondestructive low bycatch"", ""2003 rescaled Commercial fishing: demersal nondestructive low bycatch"", ""2004 rescaled Commercial fishing: demersal nondestructive low bycatch"", ""2005 rescaled Commercial fishing: demersal nondestructive low bycatch"", ""2006 rescaled Commercial fishing: demersal nondestructive low bycatch"", ""2007 rescaled Commercial fishing: demersal nondestructive low bycatch"", 
""2008 rescaled Commercial fishing: demersal nondestructive low bycatch"", ""2009 rescaled Commercial fishing: demersal nondestructive low bycatch"", ""2010 rescaled Commercial fishing: demersal nondestructive low bycatch"", ""2011 rescaled Commercial fishing: demersal nondestructive low bycatch"", ""2012 rescaled Commercial fishing: demersal nondestructive low bycatch"", ""2013 rescaled Commercial fishing: demersal nondestructive low bycatch"", ""2003 impact Commercial fishing: demersal nondestructive low bycatch"", 
""2004 impact Commercial fishing: demersal nondestructive low bycatch"", ""2005 impact Commercial fishing: demersal nondestructive low bycatch"", ""2006 impact Commercial fishing: demersal nondestructive low bycatch"", ""2007 impact Commercial fishing: demersal nondestructive low bycatch"", ""2008 impact Commercial fishing: demersal nondestructive low bycatch"", ""2009 impact Commercial fishing: demersal nondestructive low bycatch"", ""2010 impact Commercial fishing: demersal nondestructive low bycatch"", ""2011 impact Commercial fishing: demersal nondestructive low bycatch"", 
""2012 impact Commercial fishing: demersal nondestructive low bycatch"", ""2013 impact Commercial fishing: demersal nondestructive low bycatch"", ""2003-2013 trend Commercial fishing: demersal nondestructive low bycatch"")",NULL,NULL,NULL,NULL,NULL,NULL,NULL,FALSE
doi:10.5063/F1S75DV2,Recent pace of change in human impact on the world's ocean: Commercial fishing - demersal non-destructive low-bycatch,NULL,Recent pace of change in human impact on the world's ocean,NA,TRUE,https://cn.dataone.org/cn/v2/resolve/doi%3A10.5063%2FF1S75DV2,"These are the stressor and impact data for commercial demersal nondestructive high bycatch fishing for the publication: 'Recent pace of change in human impact on the world's ocean' (Halpern et al. 2019). 
This stressor describes tonnes of demersal fisheries catch using nondestructive, but high bycatch, gear types.  Catch is standardized by Net Primary Productivity. We describe the stressor intensity of demersal nondestructive high bycatch fishing and the corresponding impact on 21 marine ecosystems over 11 years (2003-2013).  To determine annual change in impact, we applied a linear regression model to each raster cell. Code used in analyzing these data is available as a zipped GitHub repository, impact_acceleration-1.0.zip, in this dataset's parent (CITATION HERE).

These data include the following:     Raw stressor intensity rasters for 2003 to 2013.  These rasters are created using scripts located in the 'stressors' folder of the 'impact_acceleration' Github repository.    Rescaled stressor intensity rasters for 2003 to 2013.  Raw stressor intensities are rescaled to values between 0 and 1, using either known or estimated ecosystem thresholds or upper quantile values from the distribution of global stressor intensity values across years. These rasters are created using scripts located in the 'stressors' folder of the 'impact_acceleration' Github repository.    Impact rasters for 2003 to 2013 which describe the impact of the stressor based on the vulnerability of 21 marine ecosystems to the stressor. The impact of the stressor is estimated by multiplying the stressor's intensity by the corresponding ecosystem vulnerability where the ecosystem occurs. The average impact of each stressor, across all ecosystems, is estimated by summing the stressor-by-ecosystem vulnerability combinations and dividing by the number of ecosystems within each cell.  These rasters are created using scripts located in the 'impacts' folder of the 'impact_acceleration' Github repository.    A trend raster describing the average annual change in impact from 2003 to 2013.  This raster is created using scripts located in the 'trend' folder of the 'impact_acceleration' Github repository.     Files describing the cumulative impacts and additional stressors are provided in other KNB datasets.","c(""2003-2013 trend Commercial fishing: demersal nondestructive high bycatch"", ""2013 impact Commercial fishing: demersal nondestructive high bycatch"", ""2012 impact Commercial fishing: demersal nondestructive high bycatch"", ""2011 impact Commercial fishing: demersal nondestructive high bycatch"", ""2010 impact Commercial fishing: demersal nondestructive high bycatch"", ""2009 impact Commercial fishing: demersal nondestructive high bycatch"", ""2008 impact Commercial fishing: demersal nondestructive high bycatch"", 
""2007 impact Commercial fishing: demersal nondestructive high bycatch"", ""2006 impact Commercial fishing: demersal nondestructive high bycatch"", ""2005 impact Commercial fishing: demersal nondestructive high bycatch"", ""2004 impact Commercial fishing: demersal nondestructive high bycatch"", ""2003 impact Commercial fishing: demersal nondestructive high bycatch"", ""2013 rescaled Commercial fishing: demersal nondestructive high bycatch"", ""2012 rescaled Commercial fishing: demersal nondestructive high bycatch"", 
""2011 rescaled Commercial fishing: demersal nondestructive high bycatch"", ""2010 rescaled Commercial fishing: demersal nondestructive high bycatch"", ""2009 rescaled Commercial fishing: demersal nondestructive high bycatch"", ""2008 rescaled Commercial fishing: demersal nondestructive high bycatch"", ""2007 rescaled Commercial fishing: demersal nondestructive high bycatch"", ""2006 rescaled Commercial fishing: demersal nondestructive high bycatch"", ""2005 rescaled Commercial fishing: demersal nondestructive high bycatch"", 
""2004 rescaled Commercial fishing: demersal nondestructive high bycatch"", ""2003 rescaled Commercial fishing: demersal nondestructive high bycatch"", ""2013 raw Commercial fishing: demersal nondestructive high bycatch"", ""2012 raw Commercial fishing: demersal nondestructive high bycatch"", ""2011 raw Commercial fishing: demersal nondestructive high bycatch"", ""2010 raw Commercial fishing: demersal nondestructive high bycatch"", ""2009 raw Commercial fishing: demersal nondestructive high bycatch"", ""2008 raw Commercial fishing: demersal nondestructive high bycatch"", 
""2007 raw Commercial fishing: demersal nondestructive high bycatch"", ""2006 raw Commercial fishing: demersal nondestructive high bycatch"", ""2005 raw Commercial fishing: demersal nondestructive high bycatch"", ""2004 raw Commercial fishing: demersal nondestructive high bycatch"", ""2003 raw Commercial fishing: demersal nondestructive high bycatch"")",NULL,NULL,NULL,NULL,NULL,NULL,NULL,FALSE
doi:10.5063/F1FF3QPR,Recent pace of change in human impact on the world's ocean: Commercial fishing - pelagic high-bycatch,NULL,Recent pace of change in human impact on the world's ocean,NA,TRUE,https://cn.dataone.org/cn/v2/resolve/doi%3A10.5063%2FF1FF3QPR,"These are the stressor and impact data for commercial pelagic high bycatch fishing for the publication: 'Recent pace of change in human impact on the world's ocean' (Halpern et al. 2019). 
This stressor describes tonnes of pelagic fisheries catch using high bycatch gear types.  Catch is standardized by Net Primary Productivity. We describe the stressor intensity of pelagic high bycatch fishing and the corresponding impact on 21 marine ecosystems over 11 years (2003-2013).  To determine annual change in impact, we applied a linear regression model to each raster cell. Code used in analyzing these data is available as a zipped GitHub repository, impact_acceleration-1.0.zip, in this dataset's parent (CITATION HERE).

These data include the following:     Raw stressor intensity rasters for 2003 to 2013.  These rasters are created using scripts located in the 'stressors' folder of the 'impact_acceleration' Github repository.    Rescaled stressor intensity rasters for 2003 to 2013.  Raw stressor intensities are rescaled to values between 0 and 1, using either known or estimated ecosystem thresholds or upper quantile values from the distribution of global stressor intensity values across years. These rasters are created using scripts located in the 'stressors' folder of the 'impact_acceleration' Github repository.    Impact rasters for 2003 to 2013 which describe the impact of the stressor based on the vulnerability of 21 marine ecosystems to the stressor. The impact of the stressor is estimated by multiplying the stressor's intensity by the corresponding ecosystem vulnerability where the ecosystem occurs. The average impact of each stressor, across all ecosystems, is estimated by summing the stressor-by-ecosystem vulnerability combinations and dividing by the number of ecosystems within each cell.  These rasters are created using scripts located in the 'impacts' folder of the 'impact_acceleration' Github repository.    A trend raster describing the average annual change in impact from 2003 to 2013.  This raster is created using scripts located in the 'trend' folder of the 'impact_acceleration' Github repository.     Files describing the cumulative impacts and additional stressors are provided in other KNB datasets.","c(""2003 raw Commercial fishing: pelagic high bycatch"", ""2004 raw Commercial fishing: pelagic high bycatch"", ""2005 raw Commercial fishing: pelagic high bycatch"", ""2006 raw Commercial fishing: pelagic high bycatch"", ""2007 raw Commercial fishing: pelagic high bycatch"", ""2008 raw Commercial fishing: pelagic high bycatch"", ""2009 raw Commercial fishing: pelagic high bycatch"", ""2010 raw Commercial fishing: pelagic high bycatch"", ""2011 raw Commercial fishing: pelagic high bycatch"", ""2012 raw Commercial fishing: pelagic high bycatch"", 
""2013 raw Commercial fishing: pelagic high bycatch"", ""2003 rescaled Commercial fishing: pelagic high bycatch"", ""2004 rescaled Commercial fishing: pelagic high bycatch"", ""2005 rescaled Commercial fishing: pelagic high bycatch"", ""2006 rescaled Commercial fishing: pelagic high bycatch"", ""2007 rescaled Commercial fishing: pelagic high bycatch"", ""2008 rescaled Commercial fishing: pelagic high bycatch"", ""2009 rescaled Commercial fishing: pelagic high bycatch"", ""2010 rescaled Commercial fishing: pelagic high bycatch"", 
""2011 rescaled Commercial fishing: pelagic high bycatch"", ""2012 rescaled Commercial fishing: pelagic high bycatch"", ""2013 rescaled Commercial fishing: pelagic high bycatch"", ""2003 impact Commercial fishing: pelagic high bycatch"", ""2004 impact Commercial fishing: pelagic high bycatch"", ""2005 impact Commercial fishing: pelagic high bycatch"", ""2006 impact Commercial fishing: pelagic high bycatch"", ""2007 impact Commercial fishing: pelagic high bycatch"", ""2008 impact Commercial fishing: pelagic high bycatch"", 
""2009 impact Commercial fishing: pelagic high bycatch"", ""2010 impact Commercial fishing: pelagic high bycatch"", ""2011 impact Commercial fishing: pelagic high bycatch"", ""2012 impact Commercial fishing: pelagic high bycatch"", ""2013 impact Commercial fishing: pelagic high bycatch"", ""2003-2013 trend Commercial fishing: pelagic high bycatch"")",NULL,NULL,NULL,NULL,NULL,NULL,NULL,FALSE
doi:10.5063/F19S1PCR,Recent pace of change in human impact on the world's ocean: Commercial fishing - pelagic low-bycatch,NULL,Recent pace of change in human impact on the world's ocean,NA,TRUE,https://cn.dataone.org/cn/v2/resolve/doi%3A10.5063%2FF19S1PCR,"These are the stressor and impact data for commercial pelagic low bycatch fishing for the publication: 'Recent pace of change in human impact on the world's ocean' (Halpern et al. 2019). 
This stressor describes tonnes of pelagic fisheries catch using low bycatch gear types.  Catch is standardized by Net Primary Productivity. We describe the stressor intensity of pelagic low bycatch fishing and the corresponding impact on 21 marine ecosystems over 11 years (2003-2013).  To determine annual change in impact, we applied a linear regression model to each raster cell. Code used in analyzing these data is available as a zipped GitHub repository, impact_acceleration-1.0.zip, in this dataset's parent (CITATION HERE).

These data include the following:     Raw stressor intensity rasters for 2003 to 2013.  These rasters are created using scripts located in the 'stressors' folder of the 'impact_acceleration' Github repository.    Rescaled stressor intensity rasters for 2003 to 2013.  Raw stressor intensities are rescaled to values between 0 and 1, using either known or estimated ecosystem thresholds or upper quantile values from the distribution of global stressor intensity values across years. These rasters are created using scripts located in the 'stressors' folder of the 'impact_acceleration' Github repository.    Impact rasters for 2003 to 2013 which describe the impact of the stressor based on the vulnerability of 21 marine ecosystems to the stressor. The impact of the stressor is estimated by multiplying the stressor's intensity by the corresponding ecosystem vulnerability where the ecosystem occurs. The average impact of each stressor, across all ecosystems, is estimated by summing the stressor-by-ecosystem vulnerability combinations and dividing by the number of ecosystems within each cell.  These rasters are created using scripts located in the 'impacts' folder of the 'impact_acceleration' Github repository.    A trend raster describing the average annual change in impact from 2003 to 2013.  This raster is created using scripts located in the 'trend' folder of the 'impact_acceleration' Github repository.     Files describing the cumulative impacts and additional stressors are provided in other KNB datasets.","c(""2003 raw Commercial fishing: pelagic low bycatch"", ""2004 raw Commercial fishing: pelagic low bycatch"", ""2005 raw Commercial fishing: pelagic low bycatch"", ""2006 raw Commercial fishing: pelagic low bycatch"", ""2007 raw Commercial fishing: pelagic low bycatch"", ""2008 raw Commercial fishing: pelagic low bycatch"", ""2009 raw Commercial fishing: pelagic low bycatch"", ""2010 raw Commercial fishing: pelagic low bycatch"", ""2011 raw Commercial fishing: pelagic low bycatch"", ""2012 raw Commercial fishing: pelagic low bycatch"", 
""2013 raw Commercial fishing: pelagic low bycatch"", ""2003 rescaled Commercial fishing: pelagic low bycatch"", ""2004 rescaled Commercial fishing: pelagic low bycatch"", ""2005 rescaled Commercial fishing: pelagic low bycatch"", ""2006 rescaled Commercial fishing: pelagic low bycatch"", ""2007 rescaled Commercial fishing: pelagic low bycatch"", ""2008 rescaled Commercial fishing: pelagic low bycatch"", ""2009 rescaled Commercial fishing: pelagic low bycatch"", ""2010 rescaled Commercial fishing: pelagic low bycatch"", 
""2011 rescaled Commercial fishing: pelagic low bycatch"", ""2012 rescaled Commercial fishing: pelagic low bycatch"", ""2013 rescaled Commercial fishing: pelagic low bycatch"", ""2003 impact Commercial fishing: pelagic low bycatch"", ""2004 impact Commercial fishing: pelagic low bycatch"", ""2005 impact Commercial fishing: pelagic low bycatch"", ""2006 impact Commercial fishing: pelagic low bycatch"", ""2007 impact Commercial fishing: pelagic low bycatch"", ""2008 impact Commercial fishing: pelagic low bycatch"", 
""2009 impact Commercial fishing: pelagic low bycatch"", ""2010 impact Commercial fishing: pelagic low bycatch"", ""2011 impact Commercial fishing: pelagic low bycatch"", ""2012 impact Commercial fishing: pelagic low bycatch"", ""2013 impact Commercial fishing: pelagic low bycatch"", ""2003-2013 trend Commercial fishing: pelagic low bycatch"")",NULL,NULL,NULL,NULL,NULL,NULL,NULL,FALSE
doi:10.5063/F1XG9PGM,Recent pace of change in human impact on the world's ocean: Direct human disturbance,NULL,Recent pace of change in human impact on the world's ocean,NA,TRUE,https://cn.dataone.org/cn/v2/resolve/doi%3A10.5063%2FF1XG9PGM,"These are the stressor and impact data for direct human disturbance for the publication: 'Recent pace of change in human impact on the world's ocean' (Halpern et al. 2019). 
This stressor estimates the magnitude of direct human interactions on coastal and near-coastal habitats, such as trampling.  The direct human stressor is estimated using human density data.  We describe the stressor intensity of direct human impact and the corresponding impact on 21 marine ecosystems over 11 years (2003-2013).  To determine annual change in impact, we applied a linear regression model to each raster cell. Code used in analyzing these data is available as a zipped GitHub repository, impact_acceleration-1.0.zip, in this dataset's parent (CITATION HERE).

These data include the following:     Raw stressor intensity rasters for 2003 to 2013.  These rasters are created using scripts located in the 'stressors' folder of the 'impact_acceleration' Github repository.    Rescaled stressor intensity rasters for 2003 to 2013.  Raw stressor intensities are rescaled to values between 0 and 1, using either known or estimated ecosystem thresholds or upper quantile values from the distribution of global stressor intensity values across years. These rasters are created using scripts located in the 'stressors' folder of the 'impact_acceleration' Github repository.    Impact rasters for 2003 to 2013 which describe the impact of the stressor based on the vulnerability of 21 marine ecosystems to the stressor. The impact of the stressor is estimated by multiplying the stressor's intensity by the corresponding ecosystem vulnerability where the ecosystem occurs. The average impact of each stressor, across all ecosystems, is estimated by summing the stressor-by-ecosystem vulnerability combinations and dividing by the number of ecosystems within each cell.  These rasters are created using scripts located in the 'impacts' folder of the 'impact_acceleration' Github repository.    A trend raster describing the average annual change in impact from 2003 to 2013.  This raster is created using scripts located in the 'trend' folder of the 'impact_acceleration' Github repository.     Files describing the cumulative impacts and additional stressors are provided in other KNB datasets.","c(""2003 raw Direct human"", ""2004 raw Direct human"", ""2005 raw Direct human"", ""2006 raw Direct human"", ""2007 raw Direct human"", ""2008 raw Direct human"", ""2009 raw Direct human"", ""2010 raw Direct human"", ""2011 raw Direct human"", ""2012 raw Direct human"", ""2013 raw Direct human"", ""2003 rescaled Direct human"", ""2004 rescaled Direct human"", ""2005 rescaled Direct human"", ""2006 rescaled Direct human"", ""2007 rescaled Direct human"", ""2008 rescaled Direct human"", ""2009 rescaled Direct human"", ""2010 rescaled Direct human"", 
""2011 rescaled Direct human"", ""2012 rescaled Direct human"", ""2013 rescaled Direct human"", ""2003 impact Direct human"", ""2004 impact Direct human"", ""2005 impact Direct human"", ""2006 impact Direct human"", ""2007 impact Direct human"", ""2008 impact Direct human"", ""2009 impact Direct human"", ""2010 impact Direct human"", ""2011 impact Direct human"", ""2012 impact Direct human"", ""2013 impact Direct human"", ""2003-2013 trend Direct human"")",NULL,NULL,NULL,NULL,NULL,NULL,NULL,FALSE
doi:10.5063/F1SQ8XQF,Recent pace of change in human impact on the world's ocean: Light pollution,NULL,Recent pace of change in human impact on the world's ocean,NA,TRUE,https://cn.dataone.org/cn/v2/resolve/doi%3A10.5063%2FF1SQ8XQF,"These are the stressor and impact data for light pollution for the publication: 'Recent pace of change in human impact on the world's ocean' (Halpern et al. 2019). 
This stressor estimates the magnitude of light pollution in coastal environments.  We describe the stressor intensity of light pollution and the corresponding impact on 21 marine ecosystems over 11 years (2003-2013).  To determine annual change in impact, we applied a linear regression model to each raster cell. Code used in analyzing these data is available as a zipped GitHub repository, impact_acceleration-1.0.zip, in this dataset's parent (CITATION HERE).

These data include the following:     Raw stressor intensity rasters for 2003 to 2013.  These rasters are created using scripts located in the 'stressors' folder of the 'impact_acceleration' Github repository.    Rescaled stressor intensity rasters for 2003 to 2013.  Raw stressor intensities are rescaled to values between 0 and 1, using either known or estimated ecosystem thresholds or upper quantile values from the distribution of global stressor intensity values across years. These rasters are created using scripts located in the 'stressors' folder of the 'impact_acceleration' Github repository.    Impact rasters for 2003 to 2013 which describe the impact of the stressor based on the vulnerability of 21 marine ecosystems to the stressor. The impact of the stressor is estimated by multiplying the stressor's intensity by the corresponding ecosystem vulnerability where the ecosystem occurs. The average impact of each stressor, across all ecosystems, is estimated by summing the stressor-by-ecosystem vulnerability combinations and dividing by the number of ecosystems within each cell.  These rasters are created using scripts located in the 'impacts' folder of the 'impact_acceleration' Github repository.    A trend raster describing the average annual change in impact from 2003 to 2013.  This raster is created using scripts located in the 'trend' folder of the 'impact_acceleration' Github repository.     Files describing the cumulative impacts and additional stressors are provided in other KNB datasets.","c(""2003 raw Light"", ""2004 raw Light"", ""2005 raw Light"", ""2006 raw Light"", ""2007 raw Light"", ""2008 raw Light"", ""2009 raw Light"", ""2010 raw Light"", ""2011 raw Light"", ""2012 raw Light"", ""2013 raw Light"", ""2003 rescaled Light"", ""2004 rescaled Light"", ""2005 rescaled Light"", ""2006 rescaled Light"", ""2007 rescaled Light"", ""2008 rescaled Light"", ""2009 rescaled Light"", ""2010 rescaled Light"", ""2011 rescaled Light"", ""2012 rescaled Light"", ""2013 rescaled Light"", ""2003 impact Light"", ""2004 impact Light"", ""2005 impact Light"", 
""2006 impact Light"", ""2007 impact Light"", ""2008 impact Light"", ""2009 impact Light"", ""2010 impact Light"", ""2011 impact Light"", ""2012 impact Light"", ""2013 impact Light"", ""2003-2013 trend Light"")",NULL,NULL,NULL,NULL,NULL,NULL,NULL,FALSE
doi:10.5063/F1610XPS,Recent pace of change in human impact on the world's ocean: Nutrient pollution,NULL,Recent pace of change in human impact on the world's ocean,NA,TRUE,https://cn.dataone.org/cn/v2/resolve/doi%3A10.5063%2FF1610XPS,"These are the stressor and impact data for nutrient pollution for the publication: 'Recent pace of change in human impact on the world's ocean' (Halpern et al. 2019). 
The nutrient pollution stressor describes relative intensity of nutrient pollution due to fertilizer runoff from land-based applications. These data represent modeled nutrient plumes resulting from land-based nitrogen application.  We describe the stressor intensity of nutrient pollution and the corresponding impact on 21 marine ecosystems over 11 years (2003-2013).  To determine annual change in impact, we applied a linear regression model to each raster cell. Code used in analyzing these data is available as a zipped GitHub repository, impact_acceleration-1.0.zip, in this dataset's parent (CITATION HERE).

These data include the following:     Raw stressor intensity rasters for 2003 to 2013.  These rasters are created using scripts located in the 'stressors' folder of the 'impact_acceleration' Github repository.    Rescaled stressor intensity rasters for 2003 to 2013.  Raw stressor intensities are rescaled to values between 0 and 1, using either known or estimated ecosystem thresholds or upper quantile values from the distribution of global stressor intensity values across years. These rasters are created using scripts located in the 'stressors' folder of the 'impact_acceleration' Github repository.    Impact rasters for 2003 to 2013 which describe the impact of the stressor based on the vulnerability of 21 marine ecosystems to the stressor. The impact of the stressor is estimated by multiplying the stressor's intensity by the corresponding ecosystem vulnerability where the ecosystem occurs. The average impact of each stressor, across all ecosystems, is estimated by summing the stressor-by-ecosystem vulnerability combinations and dividing by the number of ecosystems within each cell.  These rasters are created using scripts located in the 'impacts' folder of the 'impact_acceleration' Github repository.    A trend raster describing the average annual change in impact from 2003 to 2013.  This raster is created using scripts located in the 'trend' folder of the 'impact_acceleration' Github repository.     Files describing the cumulative impacts and additional stressors are provided in other KNB datasets.","c(""2003 raw Nutrient pollution"", ""2004 raw Nutrient pollution"", ""2005 raw Nutrient pollution"", ""2006 raw Nutrient pollution"", ""2007 raw Nutrient pollution"", ""2008 raw Nutrient pollution"", ""2009 raw Nutrient pollution"", ""2010 raw Nutrient pollution"", ""2011 raw Nutrient pollution"", ""2012 raw Nutrient pollution"", ""2013 raw Nutrient pollution"", ""2003 rescaled Nutrient pollution"", ""2004 rescaled Nutrient pollution"", ""2005 rescaled Nutrient pollution"", ""2006 rescaled Nutrient pollution"", ""2007 rescaled Nutrient pollution"", 
""2008 rescaled Nutrient pollution"", ""2009 rescaled Nutrient pollution"", ""2010 rescaled Nutrient pollution"", ""2011 rescaled Nutrient pollution"", ""2012 rescaled Nutrient pollution"", ""2013 rescaled Nutrient pollution"", ""2003 impact Nutrient pollution"", ""2004 impact Nutrient pollution"", ""2005 impact Nutrient pollution"", ""2006 impact Nutrient pollution"", ""2007 impact Nutrient pollution"", ""2008 impact Nutrient pollution"", ""2009 impact Nutrient pollution"", ""2010 impact Nutrient pollution"", ""2011 impact Nutrient pollution"", 
""2012 impact Nutrient pollution"", ""2013 impact Nutrient pollution"", ""2003-2013 trend Nutrient pollution"")",NULL,NULL,NULL,NULL,NULL,NULL,NULL,FALSE
doi:10.5063/F1707ZRQ,Recent pace of change in human impact on the world's ocean: Ocean acidification,NULL,Recent pace of change in human impact on the world's ocean,NA,TRUE,https://cn.dataone.org/cn/v2/resolve/doi%3A10.5063%2FF1707ZRQ,"These are the stressor and impact data for ocean acidification (OA) for the publication: 'Recent pace of change in human impact on the world's ocean' (Halpern et al. 2019). 
The ocean acidification stressor describes the magnitude of decreasing aragonite saturation state (??arag) due to increasing atmospheric CO2 levels from human influences. We describe the stressor intensity of increasing OA and the corresponding impact on 21 marine ecosystems over 11 years (2003-2013).  To determine annual change in impact, we applied a linear regression model to each raster cell. Code used in analyzing these data is available as a zipped GitHub repository, impact_acceleration-1.0.zip, in this dataset's parent (CITATION HERE).

These data include the following:     Raw stressor intensity rasters for 2003 to 2013.  These rasters are created using scripts located in the 'stressors' folder of the 'impact_acceleration' Github repository.    Rescaled stressor intensity rasters for 2003 to 2013.  Raw stressor intensities are rescaled to values between 0 and 1, using either known or estimated ecosystem thresholds or upper quantile values from the distribution of global stressor intensity values across years. These rasters are created using scripts located in the 'stressors' folder of the 'impact_acceleration' Github repository.    Impact rasters for 2003 to 2013 which describe the impact of the stressor based on the vulnerability of 21 marine ecosystems to the stressor. The impact of the stressor is estimated by multiplying the stressor's intensity by the corresponding ecosystem vulnerability where the ecosystem occurs. The average impact of each stressor, across all ecosystems, is estimated by summing the stressor-by-ecosystem vulnerability combinations and dividing by the number of ecosystems within each cell.  These rasters are created using scripts located in the 'impacts' folder of the 'impact_acceleration' Github repository.    A trend raster describing the average annual change in impact from 2003 to 2013.  This raster is created using scripts located in the 'trend' folder of the 'impact_acceleration' Github repository.     Files describing the cumulative impacts and additional stressors are provided in other KNB datasets.","c(""2003 raw OA"", ""2004 raw OA"", ""2005 raw OA"", ""2006 raw OA"", ""2007 raw OA"", ""2008 raw OA"", ""2009 raw OA"", ""2010 raw OA"", ""2011 raw OA"", ""2012 raw OA"", ""2013 raw OA"", ""2003 rescaled OA"", ""2004 rescaled OA"", ""2005 rescaled OA"", ""2006 rescaled OA"", ""2007 rescaled OA"", ""2008 rescaled OA"", ""2009 rescaled OA"", ""2010 rescaled OA"", ""2011 rescaled OA"", ""2012 rescaled OA"", ""2013 rescaled OA"", ""2003 impact OA"", ""2004 impact OA"", ""2005 impact OA"", ""2006 impact OA"", ""2007 impact OA"", ""2008 impact OA"", ""2009 impact OA"", 
""2010 impact OA"", ""2011 impact OA"", ""2012 impact OA"", ""2013 impact OA"", ""2003-2013 trend OA"")",NULL,NULL,NULL,NULL,NULL,NULL,NULL,FALSE
doi:10.5063/F12805ZF,Recent pace of change in human impact on the world's ocean: Organic chemical pollution,NULL,Recent pace of change in human impact on the world's ocean,NA,TRUE,https://cn.dataone.org/cn/v2/resolve/doi%3A10.5063%2FF12805ZF,"These are the stressor and impact data for organic chemical pollution for the publication: 'Recent pace of change in human impact on the world's ocean' (Halpern et al. 2019). 
The organic chemical pollution stressor describes relative intensity of organic pollution due to pesticide runoff from land-based applications. These data represent modeled organic chemical plumes resulting from land-based pesticide application.  We describe the stressor intensity of organic chemical pollution and the corresponding impact on 21 marine ecosystems over 11 years (2003-2013).  To determine annual change in impact, we applied a linear regression model to each raster cell. Code used in analyzing these data is available as a zipped GitHub repository, impact_acceleration-1.0.zip, in this dataset's parent (CITATION HERE).

These data include the following:     Raw stressor intensity rasters for 2003 to 2013.  These rasters are created using scripts located in the 'stressors' folder of the 'impact_acceleration' Github repository.    Rescaled stressor intensity rasters for 2003 to 2013.  Raw stressor intensities are rescaled to values between 0 and 1, using either known or estimated ecosystem thresholds or upper quantile values from the distribution of global stressor intensity values across years. These rasters are created using scripts located in the 'stressors' folder of the 'impact_acceleration' Github repository.    Impact rasters for 2003 to 2013 which describe the impact of the stressor based on the vulnerability of 21 marine ecosystems to the stressor. The impact of the stressor is estimated by multiplying the stressor's intensity by the corresponding ecosystem vulnerability where the ecosystem occurs. The average impact of each stressor, across all ecosystems, is estimated by summing the stressor-by-ecosystem vulnerability combinations and dividing by the number of ecosystems within each cell.  These rasters are created using scripts located in the 'impacts' folder of the 'impact_acceleration' Github repository.    A trend raster describing the average annual change in impact from 2003 to 2013.  This raster is created using scripts located in the 'trend' folder of the 'impact_acceleration' Github repository.     Files describing the cumulative impacts and additional stressors are provided in other KNB datasets.","c(""2003 raw Organic chemical pollution"", ""2004 raw Organic chemical pollution"", ""2005 raw Organic chemical pollution"", ""2006 raw Organic chemical pollution"", ""2007 raw Organic chemical pollution"", ""2008 raw Organic chemical pollution"", ""2009 raw Organic chemical pollution"", ""2010 raw Organic chemical pollution"", ""2011 raw Organic chemical pollution"", ""2012 raw Organic chemical pollution"", ""2013 raw Organic chemical pollution"", ""2003 rescaled Organic chemical pollution"", ""2004 rescaled Organic chemical pollution"", 
""2005 rescaled Organic chemical pollution"", ""2006 rescaled Organic chemical pollution"", ""2007 rescaled Organic chemical pollution"", ""2008 rescaled Organic chemical pollution"", ""2009 rescaled Organic chemical pollution"", ""2010 rescaled Organic chemical pollution"", ""2011 rescaled Organic chemical pollution"", ""2012 rescaled Organic chemical pollution"", ""2013 rescaled Organic chemical pollution"", ""2003 impact Organic chemical pollution"", ""2004 impact Organic chemical pollution"", ""2005 impact Organic chemical pollution"", 
""2006 impact Organic chemical pollution"", ""2007 impact Organic chemical pollution"", ""2008 impact Organic chemical pollution"", ""2009 impact Organic chemical pollution"", ""2010 impact Organic chemical pollution"", ""2011 impact Organic chemical pollution"", ""2012 impact Organic chemical pollution"", ""2013 impact Organic chemical pollution"", ""2003-2013 trend Organic chemical pollution"")",NULL,NULL,NULL,NULL,NULL,NULL,NULL,FALSE
doi:10.5063/F1377727,Recent pace of change in human impact on the world's ocean: Sea level rise,NULL,Recent pace of change in human impact on the world's ocean,NA,TRUE,https://cn.dataone.org/cn/v2/resolve/doi%3A10.5063%2FF1377727,"These are the stressor and impact data for sea level rise (SLR) for the publication: 'Recent pace of change in human impact on the world's ocean' (Halpern et al. 2019). 
The sea level rise stressor describes the magnitude of increasing sea level due to increasing atmospheric CO2 levels from human influences. We describe the stressor intensity of increasing SLR and the corresponding impact on 21 marine ecosystems over 11 years (2003-2013).  To determine annual change in impact, we applied a linear regression model to each raster cell. Code used in analyzing these data is available as a zipped GitHub repository, impact_acceleration-1.0.zip, in this dataset's parent (CITATION HERE).

These data include the following:     Raw stressor intensity rasters for 2003 to 2013.  These rasters are created using scripts located in the 'stressors' folder of the 'impact_acceleration' Github repository.    Rescaled stressor intensity rasters for 2003 to 2013.  Raw stressor intensities are rescaled to values between 0 and 1, using either known or estimated ecosystem thresholds or upper quantile values from the distribution of global stressor intensity values across years. These rasters are created using scripts located in the 'stressors' folder of the 'impact_acceleration' Github repository.    Impact rasters for 2003 to 2013 which describe the impact of the stressor based on the vulnerability of 21 marine ecosystems to the stressor. The impact of the stressor is estimated by multiplying the stressor's intensity by the corresponding ecosystem vulnerability where the ecosystem occurs. The average impact of each stressor, across all ecosystems, is estimated by summing the stressor-by-ecosystem vulnerability combinations and dividing by the number of ecosystems within each cell.  These rasters are created using scripts located in the 'impacts' folder of the 'impact_acceleration' Github repository.    A trend raster describing the average annual change in impact from 2003 to 2013.  This raster is created using scripts located in the 'trend' folder of the 'impact_acceleration' Github repository.     Files describing the cumulative impacts and additional stressors are provided in other KNB datasets.","c(""2003 raw SLR"", ""2004 raw SLR"", ""2005 raw SLR"", ""2006 raw SLR"", ""2007 raw SLR"", ""2008 raw SLR"", ""2009 raw SLR"", ""2010 raw SLR"", ""2011 raw SLR"", ""2012 raw SLR"", ""2013 raw SLR"", ""2003 rescaled SLR"", ""2004 rescaled SLR"", ""2005 rescaled SLR"", ""2006 rescaled SLR"", ""2007 rescaled SLR"", ""2008 rescaled SLR"", ""2009 rescaled SLR"", ""2010 rescaled SLR"", ""2011 rescaled SLR"", ""2012 rescaled SLR"", ""2013 rescaled SLR"", ""2003 impact SLR"", ""2004 impact SLR"", ""2005 impact SLR"", ""2006 impact SLR"", ""2007 impact SLR"", 
""2008 impact SLR"", ""2009 impact SLR"", ""2010 impact SLR"", ""2011 impact SLR"", ""2012 impact SLR"", ""2013 impact SLR"", ""2003-2013 trend SLR"")",NULL,NULL,NULL,NULL,NULL,NULL,NULL,FALSE
doi:10.5063/F1BP014N,Recent pace of change in human impact on the world's ocean: Sea surface temperature,NULL,Recent pace of change in human impact on the world's ocean,NA,TRUE,https://cn.dataone.org/cn/v2/resolve/doi%3A10.5063%2FF1BP014N,"These are the stressor and impact data for Sea Surface Temperature (SST) for the publication: 'Recent pace of change in human impact on the world's ocean' (Halpern et al. 2019). 
The sea surface temperature (SST) stressor describes the increased frequency of extreme temperature events relative to a historical baseline period. We describe stressor intensity of increasing SST and the corresponding impact on 21 marine ecosystems over 11 years (2003-2013).  To determine annual change in impact, we applied a linear regression model to each raster cell. Code used in analyzing these data is available as a zipped GitHub repository, impact_acceleration-1.0.zip, in this dataset's parent (CITATION HERE).
These data include the following:     Raw stressor intensity rasters for 2003 to 2013.  These rasters are created using scripts located in the 'stressors' folder of the 'impact_acceleration' Github repository.    Rescaled stressor intensity rasters for 2003 to 2013.  Raw stressor intensities are rescaled to values between 0 and 1, using either known or estimated ecosystem thresholds or upper quantile values from the distribution of global stressor intensity values across years. These rasters are created using scripts located in the 'stressors' folder of the 'impact_acceleration' Github repository.    Impact rasters for 2003 to 2013 which describe the impact of the stressor based on the vulnerability of 21 marine ecosystems to the stressor. The impact of the stressor is estimated by multiplying the stressor's intensity by the corresponding ecosystem vulnerability where the ecosystem occurs. The average impact of each stressor, across all ecosystems, is estimated by summing the stressor-by-ecosystem vulnerability combinations and dividing by the number of ecosystems within each cell.  These rasters are created with scripts located in the 'impacts' folder of the 'impact_acceleration' Github repository.    A trend raster describing the average annual change in impact from 2003 to 2013.  This raster is created using scripts located in the 'trend' folder of the 'impact_acceleration' Github repository in this dataset's parent (CITATION HERE).     Files describing the cumulative impacts and additional stressors are provided in other KNB datasets.","c(""2003 raw SST"", ""2004 raw SST"", ""2005 raw SST"", ""2006 raw SST"", ""2007 raw SST"", ""2008 raw SST"", ""2009 raw SST"", ""2010 raw SST"", ""2011 raw SST"", ""2012 raw SST"", ""2013 raw SST"", ""2003 rescaled SST"", ""2004 rescaled SST"", ""2005 rescaled SST"", ""2006 rescaled SST"", ""2007 rescaled SST"", ""2008 rescaled SST"", ""2009 rescaled SST"", ""2010 rescaled SST"", ""2011 rescaled SST"", ""2012 rescaled SST"", ""2013 rescaled SST"", ""2003 impact SST"", ""2004 impact SST"", ""2005 impact SST"", ""2006 impact SST"", ""2007 impact SST"", 
""2008 impact SST"", ""2009 impact SST"", ""2010 impact SST"", ""2011 impact SST"", ""2012 impact SST"", ""2013 impact SST"", ""2003-2013 trend SST"")",NULL,NULL,NULL,NULL,NULL,NULL,NULL,FALSE
doi:10.5063/F1NZ85ZN,Recent pace of change in human impact on the world's ocean: Shipping,NULL,Recent pace of change in human impact on the world's ocean,NA,TRUE,https://cn.dataone.org/cn/v2/resolve/doi%3A10.5063%2FF1NZ85ZN,"These are the stressor and impact data for shipping for the publication: 'Recent pace of change in human impact on the world's ocean' (Halpern et al. 2019). 
This pressure describes intensity of global shipping traffic.  We describe the stressor intensity of shipping and the corresponding impact on 21 marine ecosystems over 11 years (2003-2013).  To determine annual change in impact, we applied a linear regression model to each raster cell. Code used in analyzing these data is available as a zipped GitHub repository, impact_acceleration-1.0.zip, in this dataset's parent (CITATION HERE).

These data include the following:     Raw stressor intensity rasters for 2003 to 2013.  These rasters are created using scripts located in the 'stressors' folder of the 'impact_acceleration' Github repository.    Rescaled stressor intensity rasters for 2003 to 2013.  Raw stressor intensities are rescaled to values between 0 and 1, using either known or estimated ecosystem thresholds or upper quantile values from the distribution of global stressor intensity values across years. These rasters are created using scripts located in the 'stressors' folder of the 'impact_acceleration' Github repository.    Impact rasters for 2003 to 2013 which describe the impact of the stressor based on the vulnerability of 21 marine ecosystems to the stressor. The impact of the stressor is estimated by multiplying the stressor's intensity by the corresponding ecosystem vulnerability where the ecosystem occurs. The average impact of each stressor, across all ecosystems, is estimated by summing the stressor-by-ecosystem vulnerability combinations and dividing by the number of ecosystems within each cell.  These rasters are created using scripts located in the 'impacts' folder of the 'impact_acceleration' Github repository.    A trend raster describing the average annual change in impact from 2003 to 2013.  This raster is created using scripts located in the 'trend' folder of the 'impact_acceleration' Github repository.     Files describing the cumulative impacts and additional stressors are provided in other KNB datasets.","c(""2003 raw Shipping"", ""2004 raw Shipping"", ""2005 raw Shipping"", ""2006 raw Shipping"", ""2007 raw Shipping"", ""2008 raw Shipping"", ""2009 raw Shipping"", ""2010 raw Shipping"", ""2011 raw Shipping"", ""2012 raw Shipping"", ""2013 raw Shipping"", ""2003 rescaled Shipping"", ""2004 rescaled Shipping"", ""2005 rescaled Shipping"", ""2006 rescaled Shipping"", ""2007 rescaled Shipping"", ""2008 rescaled Shipping"", ""2009 rescaled Shipping"", ""2010 rescaled Shipping"", ""2011 rescaled Shipping"", ""2012 rescaled Shipping"", ""2013 rescaled Shipping"", 
""2003 impact Shipping"", ""2004 impact Shipping"", ""2005 impact Shipping"", ""2006 impact Shipping"", ""2007 impact Shipping"", ""2008 impact Shipping"", ""2009 impact Shipping"", ""2010 impact Shipping"", ""2011 impact Shipping"", ""2012 impact Shipping"", ""2013 impact Shipping"", ""2003-2013 trend Shipping"")",NULL,NULL,NULL,NULL,NULL,NULL,NULL,FALSE
doi:10.18739/A2NP1WH8P,References,"c(""EARTH SCIENCE > CRYOSPHERE > GLACIERS/ICE SHEETS > GLACIERS"", ""EARTH REMOTE SENSING INSTRUMENTS > PASSIVE REMOTE SENSING"", ""AIRCRAFT"", ""geoscientificInformation"")","RAPID: Bering Glacier Surge--Observation, Analysis and Parameterization",NA,TRUE,https://cn.dataone.org/cn/v2/resolve/doi%3A10.18739%2FA2NP1WH8P,"References: HERZFELD, UTE C., BRIAN MCDONALD, MACIEJ STACHURA, ROBERT GRIFFIN HALE, PHILIPP CHEN and THOMAS TRANTOW, Bering Glacier Surge 2011: Analysis of Laser Altimeter Data, Annals of Glaciology, v. 54(63) (2013), pp. 158--170, doi:10.3189/2013AoG63A348 HERZFELD, UTE C., BRIAN MCDONALD and ALEXANDER WELTMAN, Bering Glacier and Bagley Ice Valley Surge 2011: Crevasse Classification as an Approach to Map Deformation Stages and Surge Progression, Annals of Glaciology, v. 54(63) (2013), pp. 279--286, doi:10/3189/2013AoG63A338",NULL,NULL,NULL,NULL,NULL,NULL,NULL,NULL,FALSE
doi:10.6067:XCV8GT5Q94_meta$v=1494948312562,Report of Special Committee on Historic Preservation,"c(""Heritage Management"", ""Historic Preservation"", ""Salvage Archeology"", ""Historic American Buildings Survey"", ""National Trust for Historic Preservation"", ""National Park System"", ""Rains Committee"", ""With Heritage So Rich"", ""President Johnson"", ""River Basins"", ""Office of Archeology and Historic Preservation"", ""National Register for Historic Places"")",NULL,NA,TRUE,https://cn.dataone.org/cn/v2/resolve/doi%3A10.6067%3AXCV8GT5Q94_meta%24v%3D1494948312562,"In 1966 a Special Committee was appointed for Historic Preservation. This document is the Special Committee’s report which has been adopted as a basis for major strengthening of the Service’s professional organization to meet today’s needs. This report explains the considerations underlying the recent reorganization of the United States’ history, archeology, and historic architecture staffs. It was created to give a useful understanding of the broadened responsibilities in historic preservation and the measurements being taken to meet these responsibilities.",NULL,NULL,NULL,NULL,NULL,NULL,NULL,NULL,NA
doi:10.5063/F1JS9NCJ,Resistance of naturally spawned pink salmon eggs to mechanical shock,"c(""EVOSTC"", ""Exxon Valdez Oil Spill Trustee Council"", ""Oil Spill"", ""Exxon Valdez"", ""Alaska"", ""Pelagic"", ""Fish"", ""pink salmon"", ""observer discrimination"", ""natural mortality"", ""shock"", ""oncorhynchus gorbuscha"", ""hydraulic pumping"", ""mechanical damage"", ""egg"")",Shock Resistance and Observer Classification of Pink Salmon Eggs,NA,TRUE,https://cn.dataone.org/cn/v2/resolve/doi%3A10.5063%2FF1JS9NCJ,"Routine hydraulic sampling of pink salmon eggs (Oncorhynchus gorbuscha) is the subject of a long-running dispute over impacts of the Exxon Valdez oil spill on embryo survival in Prince William Sound, Alaska, because relationships between the time of spawning, sensitivity of eggs to mechanical damage, and sample timing were unclear. Previous laboratory or hatchery studies demonstrate that resistance of eggs to mechanical damage increases with maturity, but applicability to natural populations requires an understanding of embryo age distributions and the ability to discriminate between sampler-induced egg mortality and natural mortality. Resistance of naturally spawned eggs to hydraulic shock, determined six times between late September and mid-November in a southeastern Alaska stream, increased sigmoidally from less than 2% to 98%. In contrast, the number of eggs that died from natural causes was unrelated to sample time. Rapid removal of all eggs from the water allowed accurate discrimination between shocked and eggs dead prior to sampling, an improved method we recommend for future studies. The rate of shock resistance increase was slower in naturally spawned eggs than in uniform-age embryos subjected to the same hydraulic shock. We caution that combining shocked and dead eggs into one 'dead' category does not accurately describe natural mortality.

Publications:
Thedinga, J. F., M. G. Carls, J. M. Maselko, R. A. Heintz, R. E. Thomas and S. D. Rice. 2003. Shock resistance and observer classification of pink salmon eggs. Exxon Valdez Oil Spill Restoration Project Final Report (Restoration Project 01492), National Oceanic and Atmospheric Administration, National Marine Fisheries Service, Auke Bay Laboratory, Juneau,Alaska.","c(""transect"", ""date"", ""unshockedLive"", ""liveEyed"", ""dead"", ""shocked"", ""numberOfEggsInSample"", ""location"")",NULL,NULL,NULL,NULL,NULL,Oncorhynchus,gorbuscha,NA
doi:10.18739/A2091N,Rosetta Data Translation Tool Sandbox,"c(""EARTH SCIENCE > CLIMATE INDICATORS > PALEOCLIMATE INDICATORS > LAND RECORDS > BOREHOLES"", ""IN SITU/LABORATORY INSTRUMENTS > PROBES > SOIL TEMPERATURE PROBE"", ""AUTOMATIC REMOTE WEATHER STATION"", ""climatologyMeteorologyAtmosphere"")",NULL,NA,TRUE,https://cn.dataone.org/cn/v2/resolve/doi%3A10.18739%2FA2091N,This is a sandbox containing example datasets which allows for users to explore Rosetta without the need of having a project within the ACADIS gateway,NULL,NULL,NULL,NULL,NULL,NULL,NULL,NULL,FALSE
doi:10.18739/A2404X,Rosetta Data Translation Tool Sandbox - for publishing,"c(""EARTH SCIENCE > CLIMATE INDICATORS > PALEOCLIMATE INDICATORS > LAND RECORDS > BOREHOLES"", ""IN SITU/LABORATORY INSTRUMENTS > PROBES > SOIL TEMPERATURE PROBE"", ""AUTOMATED SURFACE OBSERVING SYSTEM"", ""climatologyMeteorologyAtmosphere"")",NULL,NA,TRUE,https://cn.dataone.org/cn/v2/resolve/doi%3A10.18739%2FA2404X,This is a sandbox containing example datasets which allows for the use of the publishing interface.,NULL,NULL,NULL,NULL,NULL,NULL,NULL,NULL,FALSE
doi:10.5065/D6Z60M4X,"SBI Bacteria Archaea (ASCII) [Kirchman, D.]","c(""Seawater Sampling"", ""Arctic"")",NULL,NA,TRUE,https://cn.dataone.org/cn/v2/resolve/doi%3A10.5065%2FD6Z60M4X,"This data file contains the data on prokaryotic community stricture, including the abundance of bacteria and archaea determined by fluorescence in situ hybridization (FISH) collected by Kirchman's group. These data are in ASCII format.",NULL,NULL,NULL,NULL,NULL,NULL,NULL,NULL,FALSE
doi:10.5065/D66D5R2T,"SBI Bacteria Archaea (Excel) [Kirchman, D.]","c(""Seawater Sampling"", ""Arctic"")",NULL,NA,TRUE,https://cn.dataone.org/cn/v2/resolve/doi%3A10.5065%2FD66D5R2T,"This data file contains the data on prokaryotic community stricture, including the abundance of bacteria and archaea determined by fluorescence in situ hybridization (FISH) collected by Kirchman's group. These data are in Excel format.",NULL,NULL,NULL,NULL,NULL,NULL,NULL,NULL,FALSE
doi:10.5065/D6DR2SK4,SBI Cruise NBP03-04a merged bottle dataset,"c(""CTD ocean cast"", ""Ship"", ""Oceanography"", ""Arctic"")",NULL,NA,TRUE,https://cn.dataone.org/cn/v2/resolve/doi%3A10.5065%2FD6DR2SK4,This data set contains merged bottle data from the SBI cruise on the United States Coast Guard Cutter (USCGC) Nathaniel B. Palmer (NBP03-04a). During this cruise rosette casts were conducted and a bottle data file was generated by the Scripps Service group from these water samples. Additional groups were funded to measure supplementary parameters from these same water samples. This data set is the first version of the merging of the Scripps Service group bottle data file with these data gathered by these additional groups.,NULL,NULL,NULL,NULL,NULL,NULL,NULL,NULL,FALSE
doi:10.5065/D6K64G5T,"SBI Microzooplankton Flow Cytometry Data (ASCII) [Sherr, E.]","c(""CTD ocean cast"", ""Arctic"")",NULL,NA,TRUE,https://cn.dataone.org/cn/v2/resolve/doi%3A10.5065%2FD6K64G5T,"This data set includes SBI Flow Cytometry data for a subset of Primary Production cast profiles in the upper 50 m of the water column 1) 2002 data includes abundances of heterotrophic bacterial cells: total, high nucleic acid, and low nucleic acid, < approx. 5 um eukaryotic phototrophic cells, and > approx. 5 um eukaryotic phototrophic cells, which were mainly diatoms 2) 2004 data includes abundances of coccoid cyanobacteria, < approx. 5 um eukaryotic phototrophic cells, and > approx. 5 um eukaryotic phototrophic cells, which were mainly diatoms. These data are in ASCII format.",NULL,NULL,NULL,NULL,NULL,NULL,NULL,NULL,FALSE
doi:10.5065/D6HD7SQ9,"SBI Microzooplankton Flow Cytometry Data (Excel) [Sherr, E.]","c(""CTD ocean cast"", ""Arctic"")",NULL,NA,TRUE,https://cn.dataone.org/cn/v2/resolve/doi%3A10.5065%2FD6HD7SQ9,"This data set includes SBI Flow Cytometry data for a subset of Primary Production cast profiles in the upper 50 m of the water column 1) 2002 data includes abundances of heterotrophic bacterial cells: total, high nucleic acid, and low nucleic acid, < approx. 5 um eukaryotic phototrophic cells, and > approx. 5 um eukaryotic phototrophic cells, which were mainly diatoms 2 )2004 data includes abundances of coccoid cyanobacteria, < approx. 5 um eukaryotic phototrophic cells, and > approx. 5 um eukaryotic phototrophic cells, which were mainly diatoms. These data are in Excel format.",NULL,NULL,NULL,NULL,NULL,NULL,NULL,NULL,FALSE
doi:10.5065/D6BP00V4,"SBI Microzooplankton Grazing Data (ASCII) [Sherr, E.]","c(""CTD ocean cast"", ""Arctic"")",NULL,NA,TRUE,https://cn.dataone.org/cn/v2/resolve/doi%3A10.5065%2FD6BP00V4,"Microzooplankton grazing impact on phytoplankton was assessed using the Landry-Hassett dilution technique in the western Arctic Ocean during spring and summer 2002 and 2004. Forty experiments were completed in a region encompassing productive shelf regions of the Chukchi Sea, mesotrophic slope regions of the Beaufort Sea off the North Slope of Alaska, and oligotrophic deep water sites in the Canada Basin. These data are in ASCII format.",NULL,NULL,NULL,NULL,NULL,NULL,NULL,NULL,FALSE
doi:10.5065/D6BR8Q8X,"SBI Microzooplankton Grazing Data (Excel) [Sherr, E.]","c(""CTD ocean cast"", ""Arctic"")",NULL,NA,TRUE,https://cn.dataone.org/cn/v2/resolve/doi%3A10.5065%2FD6BR8Q8X,"Microzooplankton grazing impact on phytoplankton was assessed using the Landry-Hassett dilution technique in the western Arctic Ocean during spring and summer 2002 and 2004. Forty experiments were completed in a region encompassing productive shelf regions of the Chukchi Sea, mesotrophic slope regions of the Beaufort Sea off the North Slope of Alaska, and oligotrophic deep water sites in the Canada Basin. These data are in Excel format.",NULL,NULL,NULL,NULL,NULL,NULL,NULL,NULL,FALSE
doi:10.5065/D6PZ56WT,"SBI Microzooplankton Stocks Data (ASCII) [Sherr, E.]","c(""CTD ocean cast"", ""Arctic"")",NULL,NA,TRUE,https://cn.dataone.org/cn/v2/resolve/doi%3A10.5065%2FD6PZ56WT,"This data set includes SBI Microzooplankton abundance, biomass, and community composition for initial samples collected for a subset of dilution and mesozooplankton grazing experiments carried out during 2002 and 2004 SBI U.S. Coast Guard Cutter (USCGC) Healy Process cruises. Initial seawater samples included experiments set up in shelf, slope, and basin regions of the SBI study area. These data are in ASCII format.",NULL,NULL,NULL,NULL,NULL,NULL,NULL,NULL,FALSE
doi:10.5065/D6XP7303,"SBI Microzooplankton Stocks Data (Excel) [Sherr, E.]","c(""CTD ocean cast"", ""Arctic"")",NULL,NA,TRUE,https://cn.dataone.org/cn/v2/resolve/doi%3A10.5065%2FD6XP7303,"This data set includes SBI Microzooplankton abundance, biomass, and community composition for initial samples collected for a subset of dilution and mesozooplankton grazing experiments carried out during 2002 and 2004 SBI process cruises. Initial seawater samples included experiments set up in shelf, slope, and basin regions of the SBI study area. These data are in Excel format.",NULL,NULL,NULL,NULL,NULL,NULL,NULL,NULL,FALSE
doi:10.5063/F1P55KZV,SDG 4 Quality Education Database,"c(""Education"", ""Quality Education"", ""Sustainable Development"", ""SDG 4"")",NULL,NA,TRUE,https://cn.dataone.org/cn/v2/resolve/doi%3A10.5063%2FF1P55KZV,"This database is used for the publication of the paper titled ""Research of Education for Sustainable Development: Understanding New Emerging Trends and Issues after SDG 4"" in Journal of Sustainability Research.",NULL,NULL,NULL,NULL,NULL,NULL,NULL,NULL,FALSE
doi:10.5063/F14X55ZH,SNAPP  - Comparative terrestrial feed and land use of an aquaculture-dominant world,"c(""SNAPP"", ""Aquatic Farming"", ""Science for Nature and People Partnership"", ""Marine Aquaculture"", ""Land-use"", ""Human Diets"", ""Animal Feed"", ""Livestock"")",NULL,NA,TRUE,https://cn.dataone.org/cn/v2/resolve/doi%3A10.5063%2FF14X55ZH,"Reducing food production pressures on the environment while feeding an ever-growing human population is one of the grand challenges facing humanity. The magnitude of environmental impacts from food production, largely around land use, has motivated evaluation of the environmental and health benefits of shifting diets, typically away from meat towards seafood or vegetarian diets. With seafood, global wild catches have remained relatively unchanged for the last two decades, suggesting increased demand for seafood will have to rely on aquaculture (i.e., aquatic farming). Increasingly, cultivated aquatic species depend on direct feed inputs from agricultural sources, raising concerns around further straining crops and land use for feed. Yet, the relative impact and potential of aquaculture remains unclear. Here we simulate how different forms of aquaculture contribute and compare to feed and land use of terrestrial meat production and how spatial patterns might change by mid-century if diets move towards more cultured seafood and less meat. Using country-level aquatic and terrestrial data, we show aquaculture requires less feed crops and land, even if over a third of protein production comes from aquaculture by 2050. However, feed and land sparing benefits are spatially heterogeneous, driven by differing patterns of production, trade, and feed composition. Notably, we capture the magnitude and uncertainty of reducing feed and land use through improved animal efficiency and changing human diets. This data package captures the scientific workflow and computation used to produce the journal article: Froelich et al., (2018) Comparative terrestrial feed and land use of an aquaculture-dominant world, PNAS.","c(""Country"", ""Country.Region"", ""ID"", ""animals"", ""Taxon"", ""Current_onfeed"", ""meanBAU2050_onfeed"", ""meanMixed2050_onfeed"", ""meanMarine2050_onfeed"", ""animals"", ""Country"", ""WheatExport"", ""MaizeExport"", ""SoybeansExport"", ""RapeseedExport"", ""PulsesExport"", ""BarleyExport"", ""CassavaExport"", ""Country"", ""Country-Region"", ""Animal"", ""Farm_factor_wheat"", ""Farm_factor_corn"", ""Farm_factor_soy"", ""Farm_factor_rapeseed"", ""Farm_factor_pulses"", ""Farm_factor_barley"", ""Farm_factor_cassava"", ""Country"", ""Wheat% Prod"", ""Maize% Prod"", 
""Soybeans% Prod"", ""Rapeseed% Prod"", ""Pulses% Prod"", ""Barley% Prod"", ""Cassava% Prod"", ""Country"", ""Wheat_crop_ha"", ""Maize_crop_ha"", ""Soybeans_crop_ha"", ""Rapeseed_crop_ha"", ""Pulses_crop_ha"", ""Barley_crop_ha"", ""Cassava_crop/ha"", ""Country"", ""Region"", ""Wheat_crop_ha"", ""Maize_crop_ha"", ""Soybeans_crop_ha"", ""Rapeseed_crop_ha"", ""Pulses_crop_ha"", ""Barley_crop_ha"", ""Cassava_crop/ha"", ""ID"", ""Wheat"", ""Maize"", ""Soy"", ""Rapeseed"", ""Pulses"", ""Barley"", ""Cassava"", ""ID"", ""Wheat"", ""Maize"", ""Soy"", ""Rapeseed"", ""Pulses"", 
""Barley"", ""Cassava"", ""Country"", ""Country.Region"", ""animals"", ""Taxon"", ""Feed_tonnes_mean"", ""sd"", ""crop"", ""scenario"", ""plot_id"", ""Country"", ""Country.Region"", ""animals"", ""Taxon"", ""Prod_tonnes_mean"", ""sd"", ""Scenario"", ""plot_id"", ""country"", ""ISO3"", ""MIXED_crop"", ""MARINE_crop"", ""MIXED_c&g"", ""MARINE_c&g"", ""Scenario"", ""ha_total"", ""ha_total_sd"", ""id"", ""country"", ""MixNeg_crop"", ""MixPos_crop"", ""MARNeg_crop"", ""MARPos_crop"", ""MixNeg_c&g"", ""MixPos_c&g"", ""MARNeg_c&g"", ""MARPos_c&g"", ""Country"", ""animals"", ""Grazing_factor (ha/tonne) - Herroro (2015)"", 
""graze_Current_ha"", ""BAU_ha"", ""BAU_sd_ha"", ""Mixed_ha"", ""Mixed_sd_ha"", ""Marine_ha"", ""Marine_sd_ha"")",NULL,NULL,NULL,NULL,NULL,NULL,NULL,FALSE
doi:10.5065/D6CF9N5B,Seabird Broad-Scale Distribution 2008-2010 (B64),"c(""Ship"", ""Biology"", ""Oceanography"", ""Arctic"", ""biota"", ""oceans"")",NULL,NA,TRUE,https://cn.dataone.org/cn/v2/resolve/doi%3A10.5065%2FD6CF9N5B,"This dataset contains corrected, processed data for observations from 2008 to 2010. The processed data have density in 3km segments. The goal of this project was to describe the broad-scale distribution of seabirds in conjunction with the Bering Sea Integrated Ecosystem Research Program (BSIERP) funded by the North Pacific Research Board. As a component of BSIERP, observers were placed on selected vessels of opportunity in collaboration with National Oceanic and Atmospheric Administration (NOAA), projects funded by the National Science Foundation (NSF), and the U.S. Fish and Wildlife Service (USFWS). The primary focus was on the Bering Sea, but additional surveys were conducted in collaboration with vessel-based projects in the Arctic (funded by Bureau of Ocean Energy Management, Regulation, and Enforcement (BOEMRE)) and in the Gulf of Alaska. The observers used strip-transect methodology and followed USFWS protocol (see observer manual for details). All data have also been submitted to the North Pacific Pelagic Seabird Database (NPPSD).",NULL,NULL,NULL,NULL,NULL,NULL,NULL,NULL,FALSE
doi:10.6067:XCV8J1043T_meta$v=1402609427809,Selected Projectile Point Types of the United States II,"c(""PaleoIndian"", ""Clovis"", ""Folsom"", ""Archaic"", ""Megathermal Phase"", ""Archaeological Overview"", ""Chipped Stone"", ""Fire Cracked Rock"", ""Ground Stone"", ""Gypsum Cave Point"", ""Agate Basin Point"", ""Hanna Point"", ""Clovis Points"", ""Duncan Point"", ""McKean Points"", ""San Jon Point"", ""Folsom Points"", ""Plainview Points"", ""Angostura Points"", ""Robert E. Bell"", ""Roland Scott Hall"", ""Pedernales Indented Base Points"", ""Wesley L. Bliss"", ""Signal Butte I-C Point Type"", ""Belle Rockshelter"", ""Enterline Point"", ""Enterline Chert Industry"", 
""Manzano Cave Points"", ""Sandia Point"", ""Borax Lake Stemmed Point"", ""Borax Lake Point"", ""Borax Lake Fluted Point"", ""Browns Valley Point"", ""Ohio Fluted Point"")",NULL,NA,TRUE,https://cn.dataone.org/cn/v2/resolve/doi%3A10.6067%3AXCV8J1043T_meta%24v%3D1402609427809,"In this document, Richard Wheeler discusses ten projectile point types, and one pseudo-type, that were not addressed by Robert E. Bell and Roland Scott Hall in their description and illustration of forty-five projectile point types of the United States, published in 1953. Two types, Duncan and Hanna, recorded in Wheeler’s document were recently named and defined by Wheeler. Another, designated Agate Basin, will be described on the basis of specimens made available by Dr. Frank H.H. Roberts, Jr. The others have previously been named and described in the literature. The accompanying illustrations were prepared by Raymond Price, draftsman with the Missouri Basin Project of the Smithsonian Institution.",NULL,NULL,NULL,NULL,NULL,NULL,NULL,NULL,NA
doi:10.18739/A2BC3SZ46,Shapefiles for BSSN Website Map,"c(""EARTH SCIENCE > HUMAN DIMENSIONS > SOCIAL BEHAVIOR"", ""FIELD SURVEY"", ""STATION"", ""MONTHLY TO ANNUAL"", ""society"")",NULL,NA,TRUE,https://cn.dataone.org/cn/v2/resolve/doi%3A10.18739%2FA2BC3SZ46,This data set was edited from the data collected by the Alaska Department of Natural Resources and the ESRI Russia dataset. The files were clipped to show only the three Alaskan and three Russian communities. Original shapefiles were obtained through the Alaska State Geo-Spatial Data Clearinghouse (http://www.asgdc.state.ak.us) and Geocommunity (http://www.geocomm.com). The community spatial data and base Alaska and Russian maps were obtained and clipped for the use of the Berin Sea Sub-Network (BSSN) map.,NULL,NULL,NULL,NULL,NULL,NULL,NULL,NULL,FALSE
doi:10.5063/F1BC3WSJ,Single Species Conservation as an Umbrella for Management of Landscape Threats,"c(""Systematic conservation planning"", ""Zonation"", ""Spatial prioritization"", ""Flagship"", ""Umbrella species"", ""Threat management"", ""Sage Brush"", ""Sage grouse"", ""Science for Nature and People Partnership (SNAPP)"")",NULL,NA,TRUE,https://cn.dataone.org/cn/v2/resolve/doi%3A10.5063%2FF1BC3WSJ,"Single species conservation unites disparate partners for the conservation of one species. However, there are widespread concerns that single species conservation biases conservation efforts towards charismatic species at the expense of others. Here we investigate the extent to which sage grouse (Centrocercus sp.) conservation, the largest public-private conservation effort for a single species in the US, provides protections for other species from localized and landscape-scale threats. We compared the coverage provided by sage grouse Priority Areas for Conservation (PACs) to 81 sagebrush-associated vertebrate species distributions with potential coverage under multi-species conservation prioritization generated using the decision support tool Zonation. PACs. We found that the current PAC prioritization approach was not statistically different from a diversity-based prioritization approach and covers 23.3% of the landscape, and 24.8%, on average, of the habitat of the 81 species. The proportion of each species distribution at risk was lower inside PACs as compared to the region as a whole, even without management (land use change 30% lower, cheatgrass invasion 19% lower). Whether or not bias away from threat represents the most efficient use of conservation effort is a matter of considerable debate, though may be pragmatic in this landscape where capacity to address these threats is limited. The approach outlined here can be used to evaluate biological equitability of protections provided by flagship species in other settings.","c(""filename"", ""feature"", ""Habitat_ha_fullregion"", ""Habitat_ha_fullregion_grasslandonly"", ""Habitat_ha_fullregion_grasslandonly_Current"", ""Habitat_ha_fullregion_grasslandonly_A1B"", ""Habitat_ha_fullregion_grasslandonly_A2"", ""Habitat_ha_fullregion_grasslandonly_B1"", ""Habitat_ha_fullregion_grasslandonly_B2"", ""Habitat_ha_fullregion_grasslandonly_cheatgrasslow"", ""Habitat_ha_fullregion_grasslandonly_cheatgrassmed"", ""Habitat_ha_fullregion_grasslandonly_cheatgrasshigh"", ""Habitat_ha_inPACs"", ""Habitat_ha_inPACS_grasslandonly"", 
""Habitat_ha_inPACS_grasslandonly_Current"", ""Habitat_ha_inPACS_grasslandonly_A1B"", ""Habitat_ha_inPACS_grasslandonly_A2"", ""Habitat_ha_inPACS_grasslandonly_B1"", ""Habitat_ha_inPACS_grasslandonly_B2"", ""Habitat_ha_inPACS_grasslandonly_cheatgrasslow"", ""Habitat_ha_inPACS_grasslandonly_cheatgrassmed"", ""Habitat_ha_inPACS_grasslandonly_cheatgrasshigh"", ""Percent_Habitat_ha_fullregion_grasslandonly"", ""Percent_Habitat_ha_fullregion_grasslandonly_Current"", ""Percent_Habitat_ha_fullregion_grasslandonly_A1B"", ""Percent_Habitat_ha_fullregion_grasslandonly_A2"", 
""Percent_Habitat_ha_fullregion_grasslandonly_B1"", ""Percent_Habitat_ha_fullregion_grasslandonly_B2"", ""Percent_Habitat_ha_inPACs"", ""Percent_Habitat_ha_inPACS_grasslandonly"", ""Percent_Habitat_ha_inPACS_grasslandonly_Current"", ""Percent_Habitat_ha_inPACS_grasslandonly_A1B"", ""Percent_Habitat_ha_inPACS_grasslandonly_A2"", ""Percent_Habitat_ha_inPACS_grasslandonly_B1"", ""Percent_Habitat_ha_inPACS_grasslandonly_B2"", ""season"", ""Class"", ""ComName"", ""SciName"", ""category1"", ""filesingapDir"", ""filesinotherDir"", ""final"", 
""sagebrush_obligate"", ""Gallinaceous.birds"", ""taxa_assignment"", ""taxa_assign_name"", ""filename"", ""feature"", ""Habitat_ha_fullregion"", ""Habitat_ha_fullregion_grasslandonly"", ""Habitat_ha_fullregion_grasslandonly_Current"", ""Habitat_ha_fullregion_grasslandonly_A1B"", ""Habitat_ha_fullregion_grasslandonly_A2"", ""Habitat_ha_fullregion_grasslandonly_B1"", ""Habitat_ha_fullregion_grasslandonly_B2"", ""Habitat_ha_fullregion_grasslandonly_cheatgrasslow"", ""Habitat_ha_fullregion_grasslandonly_cheatgrassmed"", ""Habitat_ha_fullregion_grasslandonly_cheatgrasshigh"", 
""Habitat_ha_inPACs"", ""Habitat_ha_inPACS_grasslandonly"", ""Habitat_ha_inPACS_grasslandonly_Current"", ""Habitat_ha_inPACS_grasslandonly_A1B"", ""Habitat_ha_inPACS_grasslandonly_A2"", ""Habitat_ha_inPACS_grasslandonly_B1"", ""Habitat_ha_inPACS_grasslandonly_B2"", ""Habitat_ha_inPACS_grasslandonly_cheatgrasslow"", ""Habitat_ha_inPACS_grasslandonly_cheatgrassmed"", ""Habitat_ha_inPACS_grasslandonly_cheatgrasshigh"", ""Percent_Habitat_ha_fullregion_grasslandonly"", ""Percent_Habitat_ha_fullregion_grasslandonly_Current"", 
""Percent_Habitat_ha_fullregion_grasslandonly_A1B"", ""Percent_Habitat_ha_fullregion_grasslandonly_A2"", ""Percent_Habitat_ha_fullregion_grasslandonly_B1"", ""Percent_Habitat_ha_fullregion_grasslandonly_B2"", ""Percent_Habitat_ha_inPACs"", ""Percent_Habitat_ha_inPACS_grasslandonly"", ""Percent_Habitat_ha_inPACS_grasslandonly_Current"", ""Percent_Habitat_ha_inPACS_grasslandonly_A1B"", ""Percent_Habitat_ha_inPACS_grasslandonly_A2"", ""Percent_Habitat_ha_inPACS_grasslandonly_B1"", ""Percent_Habitat_ha_inPACS_grasslandonly_B2"", 
""season"", ""Class"", ""ComName"", ""SciName"", ""category1"", ""filesingapDir"", ""filesinotherDir"", ""final"", ""sagebrush_obligate"", ""Gallinaceous.birds"", ""taxa_assignment"", ""taxa_assign_name"", ""Area_lost_grasslands_Current"", ""Area_lost_grasslands_A1B"", ""Area_lost_grasslands_A2"", ""Area_lost_grasslands_B1"", ""Area_lost_grasslands_B2"", ""Percent_lost_fullregion_current"", ""Percent_lost_grasslands_A1B"", ""Percent_lost_grasslands_A2"", ""Percent_lost_grasslands_B1"", ""Percent_lost_grasslands_B2"", ""Percent_lost_PACs_grasslandsonly_current"", 
""Percent_lost_PACS_grasslands_A1B"", ""Percent_lost_PACS_grasslands_A2"", ""Percent_lost_PACS_grasslands_B1"", ""Percent_lost_PACS_grasslands_B2"", ""Cheatgrass_ha_anyclass_fullregion_grasslands"", ""Cheatgrass_ha_anyclass_inPACS_grasslands"", ""Cheatgrass_percent_lowrr_fullregion_grasslands"", ""Cheatgrass_percent_medrr_fullregion_grasslands"", ""Cheatgrass_percent_highrr_fullregion_grasslands"", ""Cheatgrass_percent_lowrr_inPACs_grasslands"", ""Cheatgrass_percent_medrr_inPACs_grasslands"", ""Cheatgrass_percent_highrr_inPACs_grasslands"", 
""ComName_seasonal"", ""Common_name"", ""Scientific_name"", ""Taxon_class"", ""Taxon_assignment"", ""Season"", ""inPacs"", ""threat"", ""Percent_threatened"", ""Scenario"", ""Area_sagebrush_ha"", ""Area_sagebrush_lost"", ""Percent_sagebrush_lost"", ""Area_pacs_ha"", ""Area_pacs_lost"", ""Percent_pacs_lost"", ""Class"", ""ComName"", ""SciName"", ""category1"", ""filesingapDir"", ""filesinotherDir"", ""filename"", ""final"", ""sagebrush_obligate"", ""Gallinaceous birds"", ""taxa_assignment"", ""taxa_assign_name"")",NULL,NULL,NULL,NULL,NULL,NULL,NULL,FALSE
doi:10.5063/F1WW7FK4,Social and mating behaviour information linked to infanticide by males across mammals,"c(""Mammals"", ""Phylogenetic comparison"", ""Infanticide"", ""Mating system"", ""Social system"")",NULL,NA,TRUE,https://cn.dataone.org/cn/v2/resolve/doi%3A10.5063%2FF1WW7FK4,"The data presented in the sheet is the basis for the analyses reported in	 The Evolution of Infanticide by Males in Mammalian Societies	 D. Lukas and E. Huchard	 Science, 14 November 2014","c(""Species"", ""Order"", ""Family"", ""Infanticide by Males"", ""Social system"", ""Annual breeding"", ""PostPartumOestrus"", ""LactationexceedsGestation"", ""LitterSize"", ""Lifespan_inmonths"", ""RelativeOffspringSize"", ""BodyMass_ingrams"", ""Testis size"", ""MaleTenure"", ""MaleReproductiveSkew"", ""BreedingMales"", ""BreedingFemales"", ""SexRatio_ingroups"")",Animalia,NULL,Mammalia,NULL,NULL,NULL,NULL,FALSE
doi:10.5063/F1FT8HZJ,Social systems of mammalian species,"c(""Phylogenetic comparison"", ""Sociality"", ""Monogamy"", ""Group living"")",NULL,NA,TRUE,https://cn.dataone.org/cn/v2/resolve/doi%3A10.5063%2FF1FT8HZJ,"The data presented in the sheet is the basis for the analyses reported in	
The Evolution of Social Monogamy in Mammals	
D. Lukas and T. H. Clutton-Brock	
Science 2 August 2013: 341 (6145), 526-530	
http://www.sciencemag.org/content/341/6145/526.short","c(""Species"", ""Solitary"", ""Social monogamy"", ""Group living"", ""Paternal Care"", ""Reference"")",Animalia,NULL,Mammalia,NULL,NULL,NULL,NULL,NA
doi:10.5063/F1NC5Z4D,Social systems of mammalian species,"c(""Phylogenetic comparison"", ""Sociality"", ""Monogamy"", ""Group living"")",NULL,NA,TRUE,https://cn.dataone.org/cn/v2/resolve/doi%3A10.5063%2FF1NC5Z4D,"The data presented in the sheet is the basis for the analyses reported in	
The Evolution of Social Monogamy in Mammals	
D. Lukas and T. H. Clutton-Brock	
Science 2 August 2013: 341 (6145), 526-530	
http://www.sciencemag.org/content/341/6145/526.short","c(""Species"", ""Solitary"", ""Social monogamy"", ""Group living"", ""Paternal Care"", ""Reference"")",Animalia,NULL,Mammalia,NULL,NULL,NULL,NULL,FALSE
doi:10.5063/FB51BQ,"Sockeye Salmon Brood Tables, Meziadin, British Columbia, 1972-2017",brood table,State of Alaska's Salmon and People,NA,TRUE,https://cn.dataone.org/cn/v2/resolve/doi%3A10.5063%2FFB51BQ,"Brood tables, also called run reconstructions, utilize annual estimates of the total run (commercial catch plus escapement), and samples of ages, to estimate the number of recruits per age class. These data are useful for salmon biologists to understand salmon productivity and salmon life histories. This dataset consists of sockeye brood tables from Meziadin in the Nass River watershed of northern British Columbia. Archived here are the original ""Meziadin (Nass) Sockeye Brood Table_1972-2017_7Mar18.xlsx"" from which the data were extracted, an R script ""Meziadin_formatting.R"" that slightly reformats the dataset into a format consistent with other brood tables collected as part of the State of Alaskan Salmon and People project (https://alaskasalmonandpeople.org/), and the reformatted table as ""Meziadin_sockeye.csv"". Age classes are given in European Notation, where the first number is the number of winters spent in freshwater before going to sea (1 winter in freshwater = age-1.X), and the second number is the number of winters spent at sea (3 winters at sea = age-X.3).","c(""Stock.ID"", ""UseFlag"", ""BroodYear"", ""TotalEscapement"", ""R0.1"", ""R0.2"", ""R0.3"", ""R0.4"", ""R0.5"", ""R1.1"", ""R1.2"", ""R1.3"", ""R1.4"", ""R1.5"", ""R2.1"", ""R2.2"", ""R2.3"", ""R2.4"", ""R2.5"", ""R3.1"", ""R3.2"", ""R3.3"", ""R4.1"")",NULL,NULL,NULL,NULL,NULL,Oncorhynchus,Oncorhynchus nerka,FALSE
doi:10.5063/RV0M3P,"Sockeye Salmon Brood Tables, Meziadin, British Columbia, 1972-2017",brood table,State of Alaska's Salmon and People,NA,TRUE,https://cn.dataone.org/cn/v2/resolve/doi%3A10.5063%2FRV0M3P,"Brood tables, also called run reconstructions, utilize annual estimates of the total run (commercial catch plus escapement), and samples of ages, to estimate the number of recruits per age class. These data are useful for salmon biologists to understand salmon productivity and salmon life histories. This dataset consists of sockeye brood tables from Meziadin in the Nass River watershed of northern British Columbia. Archived here are the original ""Meziadin (Nass) Sockeye Brood Table_1972-2017_7Mar18.xlsx"" from which the data were extracted, an R script ""Meziadin_formatting.R"" that slightly reformats the dataset into a format consistent with other brood tables collected as part of the State of Alaskan Salmon and People project (https://alaskasalmonandpeople.org/), and the reformatted table as ""Meziadin_sockeye.csv"". Age classes are given in European Notation, where the first number is the number of winters spent in freshwater before going to sea (1 winter in freshwater = age-1.X), and the second number is the number of winters spent at sea (3 winters at sea = age-X.3).","c(""Stock.ID"", ""UseFlag"", ""BroodYear"", ""TotalEscapement"", ""R0.1"", ""R0.2"", ""R0.3"", ""R0.4"", ""R0.5"", ""R1.1"", ""R1.2"", ""R1.3"", ""R1.4"", ""R1.5"", ""R2.1"", ""R2.2"", ""R2.3"", ""R2.4"", ""R2.5"", ""R3.1"", ""R3.2"", ""R3.3"", ""R4.1"")",NULL,NULL,NULL,NULL,NULL,Oncorhynchus,Oncorhynchus nerka,FALSE
doi:10.5063/F1J67F66,"Sockeye salmon brood tables, Fraser River, Canada, 1948-2015",brood table,State of Alaska's Salmon and People,NA,TRUE,https://cn.dataone.org/cn/v2/resolve/doi%3A10.5063%2FF1J67F66,"Brood tables, also called run reconstructions, utilize annual estimates of the total run (commercial catch plus escapement), and samples of ages, to estimate the number of recruits per age class produced from a given brood year or group of spawners. These data are useful for salmon biologists to understand the productivity and carrying capacity of salmon populations, changes in salmon survival over time, and life histories. These data can come in a number of different formats, but generally follow the pattern of: rows for each brood year, and columns for the estimated number of fish that returned in each age class. This dataset consists of reformatted sockeye salmon brood tables for multiple Sockeye salmon stocks from the Fraser River watershed in Canada. Age classes are given in European Notation, where the first number is the number of winters spent in freshwater before going to sea (1 winter in freshwater = age-1.X), and the second number is the number of winters spent at sea (3 winters at sea = age-X.3). Estimates of spawners in this brood table are ""effective females"" which are the product of the number of female spawners and spawner success (the proportion of eggs successfully spawned), based on spawning ground carcass surveys.","c(""Stock.ID"", ""UseFlag"", ""BroodYear"", ""TotalEscapement"", ""R0.1"", ""R0.2"", ""R0.3"", ""R0.4"", ""R0.5"", ""R1.1"", ""R1.2"", ""R1.3"", ""R1.4"", ""R1.5"", ""R2.1"", ""R2.2"", ""R2.3"", ""R2.4"", ""R3.1"", ""R3.2"", ""R3.3"", ""R3.4"")",NULL,NULL,NULL,NULL,NULL,Oncorhynchus,Oncorhynchus nerka,FALSE
doi:10.5063/TM78J7,"Sockeye salmon brood tables, Fraser River, Canada, 1948-2015",brood table,State of Alaska's Salmon and People,NA,TRUE,https://cn.dataone.org/cn/v2/resolve/doi%3A10.5063%2FTM78J7,"Brood tables, also called run reconstructions, utilize annual estimates of the total run (commercial catch plus escapement), and samples of ages, to estimate the number of recruits per age class produced from a given brood year or group of spawners. These data are useful for salmon biologists to understand the productivity and carrying capacity of salmon populations, changes in salmon survival over time, and life histories. These data can come in a number of different formats, but generally follow the pattern of: rows for each brood year, and columns for the estimated number of fish that returned in each age class. This dataset consists of reformatted sockeye salmon brood tables for multiple Sockeye salmon stocks from the Fraser River watershed in Canada. Age classes are given in European Notation, where the first number is the number of winters spent in freshwater before going to sea (1 winter in freshwater = age-1.X), and the second number is the number of winters spent at sea (3 winters at sea = age-X.3). Estimates of spawners in this brood table are ""effective females"" which are the product of the number of female spawners and spawner success (the proportion of eggs successfully spawned), based on spawning ground carcass surveys.","c(""Stock.ID"", ""UseFlag"", ""BroodYear"", ""TotalEscapement"", ""R0.1"", ""R0.2"", ""R0.3"", ""R0.4"", ""R0.5"", ""R1.1"", ""R1.2"", ""R1.3"", ""R1.4"", ""R1.5"", ""R2.1"", ""R2.2"", ""R2.3"", ""R2.4"", ""R3.1"", ""R3.2"", ""R3.3"", ""R3.4"")",NULL,NULL,NULL,NULL,NULL,Oncorhynchus,Oncorhynchus nerka,FALSE
doi:10.5063/F1XS5SM7,"Sockeye salmon brood tables, Fraser River, Canada, 1948-2015",NULL,State of Alaska’s Salmon and People,NA,TRUE,https://cn.dataone.org/cn/v2/resolve/doi%3A10.5063%2FF1XS5SM7,"Brood tables, also called run reconstructions, utilize annual estimates of the total run (commercial catch plus escapement), and samples of ages, to estimate the number of recruits per age class produced from a given brood year or group of spawners. These data are useful for salmon biologists to understand the productivity and carrying capacity of salmon populations, changes in salmon survival over time, and life histories. These data can come in a number of different formats, but generally follow the pattern of: rows for each brood year, and columns for the estimated number of fish that returned in each age class. This dataset consists of reformatted sockeye salmon brood tables for multiple Sockeye salmon stocks from the Fraser River watershed in Canada. Age classes are given in European Notation, where the first number is the number of winters spent in freshwater before going to sea (1 winter in freshwater = age-1.X), and the second number is the number of winters spent at sea (3 winters at sea = age-X.3). Estimates of spawners in this brood table are ""effective females"" which are the product of the number of female spawners and spawner success (the proportion of eggs successfully spawned), based on spawning ground carcass surveys.","c(""Stock.ID"", ""UseFlag"", ""BroodYear"", ""TotalEscapement"", ""R0.1"", ""R0.2"", ""R0.3"", ""R0.4"", ""R0.5"", ""R1.1"", ""R1.2"", ""R1.3"", ""R1.4"", ""R1.5"", ""R2.1"", ""R2.2"", ""R2.3"", ""R2.4"", ""R3.1"", ""R3.2"", ""R3.3"", ""R3.4"")",NULL,NULL,NULL,NULL,NULL,Oncorhynchus,Oncorhynchus nerka,FALSE
doi:10.5063/F1K35RXV,"Sockeye salmon brood tables, Washington, 1967-2011",brood table,State of Alaska's Salmon and People,NA,TRUE,https://cn.dataone.org/cn/v2/resolve/doi%3A10.5063%2FF1K35RXV,"Brood tables, also called run reconstructions, utilize annual estimates of the total run (commercial catch plus escapement), and samples of ages, to estimate the number of recruits per age class. These data are useful for salmon biologists to understand salmon productivity and salmon life histories. These data can come in a number of different formats, but generally follow the pattern of: rows for each brood year, and columns for the estimated number of fish in each age class. This dataset consists of reformatted sockeye salmon brood tables from Lake Washington. Age classes are given in European Notation, where the first number is the number of winters spent in freshwater before going to sea (1 winter in freshwater = age-1.X), and the second number is the number of winters spent at sea (3 winters at sea = age-X.3).","c(""Stock.ID"", ""UseFlag"", ""BroodYear"", ""TotalEscapement"", ""R1.1"", ""R1.2"", ""R1.3"")",NULL,NULL,NULL,NULL,NULL,Oncorhynchus,Oncorhynchus nerka,FALSE
doi:10.5063/PV6HS2,"Sockeye salmon brood tables, Washington, 1967-2011",brood table,State of Alaska's Salmon and People,NA,TRUE,https://cn.dataone.org/cn/v2/resolve/doi%3A10.5063%2FPV6HS2,"Brood tables, also called run reconstructions, utilize annual estimates of the total run (commercial catch plus escapement), and samples of ages, to estimate the number of recruits per age class. These data are useful for salmon biologists to understand salmon productivity and salmon life histories. These data can come in a number of different formats, but generally follow the pattern of: rows for each brood year, and columns for the estimated number of fish in each age class. This dataset consists of reformatted sockeye salmon brood tables from Lake Washington. Age classes are given in European Notation, where the first number is the number of winters spent in freshwater before going to sea (1 winter in freshwater = age-1.X), and the second number is the number of winters spent at sea (3 winters at sea = age-X.3).","c(""Stock.ID"", ""UseFlag"", ""BroodYear"", ""TotalEscapement"", ""R1.1"", ""R1.2"", ""R1.3"")",NULL,NULL,NULL,NULL,NULL,Oncorhynchus,Oncorhynchus nerka,FALSE
doi:10.18739/A2264C,Statistics on Data Sets in CADIS,"c(""EARTH SCIENCE > CLIMATE INDICATORS > ATMOSPHERIC/OCEAN INDICATORS > TELECONNECTIONS > ARCTIC OSCILLATION"", ""OTHER"", ""MULTIPLE"", ""UNKNOWN"", ""geoscientificInformation"")",NULL,NA,TRUE,https://cn.dataone.org/cn/v2/resolve/doi%3A10.18739%2FA2264C,"A table of names of data sets in the previous online version of the CADIS archive, along with the metadata contact and the project. Note: This table is not actively being updated, and was frozen on Nov 2009.",NULL,NULL,NULL,NULL,NULL,NULL,NULL,NULL,FALSE
doi:10.5063/F1QR4VBW,"Subsistence harvest information by region, community, resource, and year, 1964-2015",NULL,State of Alaska’s Salmon and People,NA,TRUE,https://cn.dataone.org/cn/v2/resolve/doi%3A10.5063%2FF1QR4VBW,"Subsistence uses of wild resources are defined as 'noncommercial, customary and traditional uses' for a variety of purposes. These include: direct personal or family consumption as food, shelter, fuel, clothing, tools, or transportation, for the making and selling of handicraft articles out of nonedible by-products of fish and wildlife resources taken for personal or family consumption, and for the customary trade, barter, or sharing for personal or family consumption. Under subsistence statute in Alaska, the Alaska Board of Fisheries must identify fish stocks that support subsistence fisheries and, if there is a harvestable surplus of these stocks, adopt regulations that provide reasonable opportunities for these subsistence uses to take place. Whenever it is necessary to restrict harvests, subsistence fisheries have a preference over other uses of the stock. Subsistence fishing and subsistence hunting are important for the economies and cultures of many families and communities in Alaska. Subsistence uses of wild resources exist alongside other important uses of fish and game in Alaska and are especially important for most rural families, who depend on subsistence hunting and fishing as sources of nutrition and cultural practices. An estimated 36.9 million pounds of wild foods are harvested annually by rural subsistence users. Residents of more populated urban areas harvest about 13.4 million pounds of wild food under subsistence, personal use, and sport regulations. Harvest and community information is given here. Harvest information includes participation in subsistence activities as well as estimates of community, household, and per capita harvest of many different resource categories. Community information includes geographic and population information, and overall community harvest information. These data are also available and updated at https://www.adfg.alaska.gov/sb/CSIS/. The version archived here was extracted on 8/14/2017.","c(""Project_Name"", ""Baseline"", ""Community_Name"", ""Resource"", ""Community_Code"", ""Year"", ""Project_ID"", ""Resource_Code"", ""Species_List"", ""Trying"", ""Harvesting"", ""Used"", ""Giving"", ""Receiving"", ""Units"", ""Number_Harvested"", ""Conversion_Factor"", ""Total_Lbs_Harvested"", ""Avg_Lbs_Harvested"", ""X_Total_Number"", ""Number_Lower"", ""Number_Upper"", ""X_Total_Lbs"", ""Lbs_Lower"", ""Lbs_Upper"", ""Per_Capita"", ""Pm_95_Pct"", ""Community_Population"", ""Community_Households"", ""Region"", ""Road"")",NULL,NULL,NULL,NULL,NULL,NULL,NULL,FALSE
doi:10.5065/D6CN721T,Summer Warmth Index Average from 1982-2003,"c(""Satellite, NOAA AVHRR Imagery"", ""Land Character."", ""Arctic"")",NULL,NA,TRUE,https://cn.dataone.org/cn/v2/resolve/doi%3A10.5065%2FD6CN721T,"This data set contains land surface temperatures in the circumpolar region of the Arctic derived from Advanced Very High Resolution Radiometer (AVHRR) satellite data. The AVHRR data were compiled from 1982 to 2003, providing the longest satellite temperature record available. The length of this record, especially the inclusion of the earliest years, was important in producing a mean that characterized the conditions that created the present distribution of arctic vegetation. Arctic vegetation communities are only beginning to respond to recent climate changes, and our goal was to minimize this effect in the temperature data. The AVHRR temperature data provide better spatial resolution than modeled data sets, which interpolate between climate stations. And arctic climate stations are few, unevenly distributed around the pole, and located mostly along coasts. The finer spatial resolution and coarser temporal resolution of the AVHRR temperature data are more appropriate for analyzing vegetation distribution.",NULL,NULL,NULL,NULL,NULL,NULL,NULL,NULL,FALSE
doi:10.18739/A2NS81,Surface temperature,"c(""EARTH SCIENCE > CRYOSPHERE > FROZEN GROUND > SEASONALLY FROZEN GROUND"", ""EARTH SCIENCE > CRYOSPHERE > FROZEN GROUND > ACTIVE LAYER"", ""EARTH SCIENCE > CRYOSPHERE > FROZEN GROUND > SOIL TEMPERATURE"", ""EARTH SCIENCE > CRYOSPHERE > FROZEN GROUND > PERMAFROST"", ""IN SITU/LABORATORY INSTRUMENTS > PROBES > SOIL TEMPERATURE PROBE"", ""OBSERVATORY"", ""STATION"", ""POINT"", ""DAILY TO WEEKLY"", ""environment"")",NULL,NA,TRUE,https://cn.dataone.org/cn/v2/resolve/doi%3A10.18739%2FA2NS81,This dataset contents the results of temperature measurements within the surface (0 to 50 cm) layer of soil.,NULL,NULL,NULL,NULL,NULL,NULL,NULL,NULL,FALSE
doi:10.5063/F1MK6BC7,Terrestrial subsidies and light affect an aquatic micro-ecosystem in unexpected ways,NULL,Terrestrial subsidies and light affect an aquatic micro-ecosystem in unexpected ways,NA,TRUE,https://cn.dataone.org/cn/v2/resolve/doi%3A10.5063%2FF1MK6BC7,"1. The effects of resource subsidies on a recipient ecosystem depends on a variety of factors. First, increasing the supply of limiting nutrients tend to increase the accumulation of biomass across different compartments of the recipient food web. Second, in the case of aquatic microorganisms, this accumulation may also be contingent on inputs of energy through light, mediating interactions between heterotrophic bacteria and autotrophic algae. Third, macroscopic consumers feed upon microorganisms and recycle nutrients through excretion and egestion, profoundly affecting nutrient cycling. 2. To examine the context-dependency of nutrient cycling in aquatic systems, we performed an experiment in mesocosms where we followed the responses of dissolved nutrients, microorganisms, and larvae of the cosmopolitan mosquito Culex quinquefasciatus (Diptera: Culicidae) to two terrestrial subsidies differing in C:nutrient, in combination with two light levels. 3. We found that the interactions amongst bacteria and algae themselves remained generally unimportant after accounting for treatment effects, and that light did mediate some of the effects of nutrient subsidies on micro-organisms. We also found that the presence of mosquito larvae was associated with altered concentrations of nitrogen in some treatments, ultimately benefitting algae. Finally, we found that low C:nutrient subsidies generally increased the development rate of mosquito larvae, and that increased light exposure led to higher mosquito survival. 4. Overall, these patterns may be explained by strong nitrogen limitation in our system, causing both group of microorganisms to respond similarly to variations in nutrient supply without direct covariation, and to the key role of N recycling by mosquito larvae in sustaining algal densities in exposed treatments. 5. The context-dependency in our study may reflect elemental or molecular constraints other than phosphorus. Our experiment thus calls for greater synthesis amongst ecological theories.","c(""week"", ""cup_number"", ""pH"", ""temperature_C"", ""shading"", ""subsidy"", ""larvae"", ""chlorophyll_ugL"", ""date"", ""po4"", ""no2"", ""nh4"", ""no3"", ""bact"", ""mosquito_id"", ""size_mm"", ""death"", ""pupation"", ""emergence"", ""time_death"", ""time_pupation"", ""time_emergence"", ""week_of_departure"", ""left_wing_mm"", ""right_wing_mm"", ""dry_mass_mg"", ""sex"")",NULL,NULL,NULL,NULL,NULL,NULL,NULL,FALSE
doi:10.5063/V986FN,Testing the generality of sea otter-mediated trophic cascades in seagrass meadows,"c(""estuary"", ""food web"", ""southeast Alaska"", ""Zostera marina"")",Testing the generality of sea otter-mediated trophic cascades in seagrass meadows,NA,TRUE,https://cn.dataone.org/cn/v2/resolve/doi%3A10.5063%2FV986FN,"Enclosed data and code are and archive for the Oikos publication ""Testing the generality of sea otter-mediated trophic cascades in seagrass meadows"" doi: 10.1111/oik.07681. A single data file is presented here as a reference for certain calculations (detailed in included scripts). The vast majority of the data are archived in separate KNB data packages under the Sustainable Marine Ecology Lab. These data are referenced through stable URLs in included code. Code and data presented here are also archived on GitHub https://github.com/wraymond/Raymond_etal_Oikos. Manuscript abstract The presence and strength of trophic cascades can be a function of the local abiotic environment and relative abundance of key species. The reintroduction and expansion of sea otters (Enhydra lutris), a known keystone species in kelp ecosystems, in Southeast Alaska provides a rare natural experiment to test the generality of a apex-predator – seagrass trophic cascades across a broad spatial scale.  We conducted an in-depth seagrass community survey at 21 sites spanning ~100 km with variable sea otter presence to test for patterns of alternating abundance and direct relationships between species indicative of trophic cascades. Our analysis revealed some of the trophic relationships predicted by the apex predator-seagrass trophic cascades theory, including a strong negative relationship between sea otters and crabs and many of the expected relationships between nitrate, seagrass, epiphytes, and epifauna. Other expected relationships within a trophic cascade, however, were not supported – including no relationship between crabs and epifauna, a critical link in the trophic cascade. Given the lack of evidence for all hypothesized direct relationships, we conclude that a sea otter mediated trophic cascade may not be present in Southeast Alaska and could be due to local scale factors including the spatial heterogeneity, low resource availability, and non-linear food chains in Southeast Alaska seagrass communities. However, correlation analyses suggest further interactions among biological and environmental variables in Southeast Alaska seagrass communities, including a positive correlation between sea otters and seagrass biomass. These results suggest that the effects of recovering apex-predator populations may not be generalizable across regions and spatial scales, highlighting a need for local assessment on the ecology and management of these populations.",NULL,NULL,NULL,NULL,NULL,NULL,Zostera,marina,FALSE
doi:10.18739/A2J678X27,"Text REtrieval Conference (TREC) Dynamic Domain polar dataset code, 2015-2016",Cryosphere,TREC Dynamic Domain Polar Dataset Code,NA,TRUE,https://cn.dataone.org/cn/v2/resolve/doi%3A10.18739%2FA2J678X27,"Climate change is amplified in the Polar Regions. Polar amplification is captured via space and airborne remote sensing, in-situ measurement, and climate modeling. Beyond the rich literature that documents changing Polar regions, each method of Polar-data collection produces a diverse set of data types, ranging from text-based metadata to more complex data structures (e.g. HDF, NetCDF, GRIB). Because finding these data is often a primary challenge in scientific discovery, inclusion of the Polar dataset in TREC-DD would help advance science through data discovery and provide TREC-DD a new challenge in in the realm of search relevancy.

Dataset Description:

This dataset is a collection of web crawls from three primary sources:

Dr. Chris Mattmann's crawl of ADE, performed at the Open Science Codefest and at the [NSF DataViz Hackathon for Polar CyberInfrastructure] (http://nsf-polar-cyberinfrastructure.github.io/datavis-hackathon/)
Dr. Mattmann's student Angela Wang, contributed 3 datasets: 2 crawls of ACADIS and one of NASA AMD.
Dr. Mattmann's CSCI 572 Course at USC, students submitted 13 individual crawls of NASA ACADIS, NSIDC ADE, and AMD.
Each web crawl used Apache Nutch as the core framework for web crawling and Apache Tika as the main content detection and extraction framework. Nutch is a distributed search engine that runs on top of Apache Hadoop. Apache Tika is an open source framework for metadata exploration, automatic text mining, and information retrieval.

Web crawls were focused on three polar data repositories: the National Science Foundation Advanced Cooperative Arctic Data and Information System (ACADIS), the National Snow and Ice Data Center (NSIDC) Arctic Data Explorer (ADE), and the National Aeronautics and Space Administration Antarctic Master Directory (AMD).

The finished Polar dataset is composed of 17 distinct web crawls, containing 1,741,530 records (158 GB) across the three Polar science data repositories, which themselves are largely uncoordinated.",NULL,NULL,NULL,NULL,NULL,NULL,NULL,NULL,FALSE
doi:10.18739/A23N20G72,The 50-year Landsat collection 2 archive,"c(""Arctic Report Card 2024"", ""Arctic Report Card 2025"")",The 50-year Landsat collection 2 archive,NA,TRUE,https://cn.dataone.org/cn/v2/resolve/doi%3A10.18739%2FA23N20G72,"The Landsat global consolidated data archive now exceeds 50 years. In recognition of the need for consistently processed data across the Landsat satellite series, the U.S. Geological Survey (USGS) initiated collection-based processing of the entire archive that was processed as Collection 1 in 2016. In preparation for the data from the now successfully launched Landsat 9, the USGS reprocessed the Landsat archive as Collection 2 in 2020. This paper describes the rationale for, and the contents and advancements provided by Collection 2, and highlights the differences between the Collection 1 and Collection 2 products. Notably, the Collection 2 products have improved geolocation and, for the first time, the USGS provides a global inventory of Level 2 surface reflectance and surface temperature products. Also for the first time, the USGS used a commercial cloud computing architecture to efficiently process the archive and enable direct cloud access of the Landsat products. The paper concludes with discussion of likely improvements expected in Collection 3 in preparation for the Landsat Next mission that is planned for launch in the early 2030s.",NULL,NULL,NULL,NULL,NULL,NULL,NULL,NULL,FALSE
doi:10.5063/AA/nceas.167.15,The Global Population Dynamics Database,"c(""time series data"", ""animal populations"", ""plant populations"", ""count data"")",NULL,NA,TRUE,https://cn.dataone.org/cn/v2/resolve/doi%3A10.5063%2FAA%2Fnceas.167.15,"As a source of animal and plant population data, The Global Population Dynamics Database is unrivalled. Nearly five thousand separate time series are available here. In addition to all the population counts, there are taxonomic details of over 1400 species. The type of data contained in the GPDD varies enormously, from annual counts of mammals or birds at individual sampling sites, to weekly counts of zooplankton and other marine fauna. 
The project commenced in October 1994, following discussions on ways in which the collaborating partners could make a practical and enduring contribution to research into population dynamics. A small team was assembled and, with assistance and advice from numerous interested parties we decided to construct the database using the popular Microsoft Access platform. After an initial design phase, the major task has been that of locating, extracting, entering and validating the data in all the various tables. Now, nearly 5000 individual datasets have been entered onto the GPDD. 
The Global Population Dynamics Database comprises six Tables of data and information. The tables are linked to each other as shown in the diagram shown at http://cpbnts1.bio.ic.ac.uk/gpdd/Structur.htm. Referential integrity is maintained through record ID numbers which are held, along with other information in the Main Table. It's structure obeys all the rules of a standard relational database.",NULL,NULL,NULL,NULL,NULL,NULL,NULL,NULL,FALSE
doi:10.5063/F1BZ63Z8,The Global Population Dynamics Database,"c(""Time series data"", ""animal populations"", ""plant populations"", ""count data"")",NULL,NA,TRUE,https://cn.dataone.org/cn/v2/resolve/doi%3A10.5063%2FF1BZ63Z8,"As a source of animal and plant population data, the Global Population Dynamics Database (GPDD) is unrivalled. Nearly five thousand separate time series are available here. In addition to all the population counts, there are taxonomic details of over 1400 species. The type of data contained in the GPDD varies enormously, from annual counts of mammals or birds at individual sampling sites, to weekly counts of zooplankton and other marine fauna. The project commenced in October 1994, following discussions on ways in which the collaborating partners could make a practical and enduring contribution to research into population dynamics. A small team was assembled and, with assistance and advice from numerous interested parties we decided to construct the database using the popular Microsoft Access platform. After an initial design phase, the major task has been that of locating, extracting, entering and validating the data in all the various tables. Now, nearly 5000 individual datasets have been entered onto the GPDD. The Global Population Dynamics Database comprises six Tables of data and information. The tables are linked to each other as shown in the diagram shown in figure 3 of the GPDD User Guide (GPDD-User-Guide.pdf). Referential integrity is maintained through record ID numbers which are held, along with other information in the Main Table. It's structure obeys all the rules of a standard relational database.","c(""DataID"", ""MainID"", ""Population"", ""PopulationUntransformed"", ""SampleYear"", ""TimePeriodID"", ""Generation"", ""SeriesStep"", ""DecimalYearBegin"", ""DecimalYearEnd"", ""MainID"", ""TaxonID"", ""DataSourceID"", ""BiotopeID"", ""LocationID"", ""SamplingUnits"", ""SamplingProtocol"", ""SourceDimension"", ""SamplingEffort"", ""SpatialDensity"", ""SourceTransform"", ""SourceTransformReference"", ""AssociatedDataSets"", ""Reliability"", ""StartYear"", ""EndYear"", ""SamplingFrequency"", ""DatasetLength"", ""Notes"", ""SiblyFittedTheta"", ""SiblyThetaCILower"", 
""SiblyThetaCIUpper"", ""SiblyExtremeNEffect"", ""SiblyReturnRate"", ""SiblyCarryingCapacity"", ""TimePeriodID"", ""TimePeriod"", ""TimePeriodGroup"", ""TimePeriodOrder"", ""Begin"", ""End"", ""TaxonID"", ""TaxonName"", ""WoldaCode"", ""Authority"", ""TaxonomicLevel"", ""CommonName"", ""TaxonomicPhylum"", ""TaxonomicClass"", ""TaxonomicOrder"", ""TaxonomicFamily"", ""TaxonomicGenus"", ""Notes"", ""DatasourceID"", ""Author"", ""Year"", ""Title"", ""Reference"", ""Availability"", ""ContactAddress"", ""DataMedium"", ""Notes"", ""BiotopeID"", ""HabitatName"", ""BiotopeType"", 
""LocationID"", ""ExactName"", ""TownName"", ""CountyStateProvince"", ""Country"", ""Continent"", ""Ocean"", ""LongitudeDegrees"", ""LongitudeMinutes"", ""EorW"", ""LatitudeDegrees"", ""LatitudeMinutes"", ""NorS"", ""LongDD"", ""LatDD"", ""North"", ""East"", ""South"", ""West"", ""Altitude"", ""Area"", ""Notes"", ""SpatialAccuracy"", ""LocationExtent"")",NULL,NULL,NULL,NULL,NULL,NULL,NULL,FALSE
doi:10.5063/F1B56GT3,The National Eutrophication Survey: lake characteristics and historical nutrient concentrations,"c(""nutrients"", ""eutrophication"", ""lakes"")",NULL,NA,TRUE,https://cn.dataone.org/cn/v2/resolve/doi%3A10.5063%2FF1B56GT3,"Historical ecological surveys are an important source of baseline information to provide context for contemporary research, yet many of these records are not preserved in a way to ensure their long-term usability. The National Eutrophication Survey database is currently only available as portable document files (PDF) scanned from printed records with no embedded character information. This limits its searchability and the ability of current and future scientists to systematically evaluate its contents. The data was collected by the United States Environmental Protection Agency between 1972 and 1975, as part of an effort to investigate eutrophication in freshwater lakes and reservoirs. Although several studies have hand-transcribed portions of the database in support of specific studies, there have been no systematic attempts to transcribe  and preserve the database in its entirety. Here we use a combination of automated optical character recognition and manual quality assurance to make this data available for analysis. The performance of the optical character recognition procedure was highly variable depending on scan quality. For each of the four archival pdf files, we found an error rate of between 5.9 and 17%. The goal of our approach was to strike a balance efficiency and data quality by combining hand-entry of data with digital transcription technologies. The finished database contains information on the physical characteristics, hydrology, and water quality of about 800 lakes in the continental United States. This database could be combined with more recent data to generate meta analyses of water quality trends and spatial variation across the continental United States.",NULL,NULL,NULL,NULL,NULL,NULL,NULL,NULL,FALSE
doi:10.5063/F1CZ35HF,The National Eutrophication Survey: lake characteristics and historical nutrient concentrations,"c(""nutrients"", ""eutrophication"", ""lakes"")",NULL,NA,TRUE,https://cn.dataone.org/cn/v2/resolve/doi%3A10.5063%2FF1CZ35HF,"Historical ecological surveys are an important source of baseline information to provide context for contemporary research, yet many of these records are not preserved in a way to ensure their long-term usability. The National Eutrophication Survey database is currently only available as portable document files (PDF) scanned from printed records with no embedded character information. This limits its searchability and the ability of current and future scientists to systematically evaluate its contents. The data was collected by the United States Environmental Protection Agency between 1972 and 1975, as part of an effort to investigate eutrophication in freshwater lakes and reservoirs. Although several studies have hand-transcribed portions of the database in support of specific studies, there have been no systematic attempts to transcribe  and preserve the database in its entirety. Here we use a combination of automated optical character recognition and manual quality assurance to make this data available for analysis. The performance of the optical character recognition procedure was highly variable depending on scan quality. For each of the four archival pdf files, we found an error rate of between 5.9 and 17%. The goal of our approach was to strike a balance efficiency and data quality by combining hand-entry of data with digital transcription technologies. The finished database contains information on the physical characteristics, hydrology, and water quality of about 800 lakes in the continental United States. This database could be combined with more recent data to generate meta analyses of water quality trends and spatial variation across the continental United States.",NULL,NULL,NULL,NULL,NULL,NULL,NULL,NULL,NA
doi:10.6067:XCV8TB15M8_meta$v=1323199684402,The New Research Mandate for America's National Park System: Where It Came From and What It Could Mean,"c(""Heritage Management"", ""archaeological law"", ""Park-Related Law"", ""Title II"")",NULL,NA,TRUE,https://cn.dataone.org/cn/v2/resolve/doi%3A10.6067%3AXCV8TB15M8_meta%24v%3D1323199684402,"This article discusses the implications of the National Parks Omnibus Management Act.  In particular, Title II which presents multidisciplinary research and resource management as linked endeavors that together lie at the very heart of the National Park System’s purpose. Title II also requires NPS to use resource information in its decision-making, and be accountable for the impact of those decisions upon resources under its care.",NULL,NULL,NULL,NULL,NULL,NULL,NULL,NULL,FALSE
doi:10.6067:XCV87S7KZV_meta$v=1323455884265,The Preservation of American Antiquities,"c(""Historic Background Research"", ""Heritage Management"", ""Conservation"", ""Memorandum"", ""Law"", ""Theodore Roosevelt"", ""National Monument"", ""Archaeological Permits"", ""United States Congress"")",NULL,NA,TRUE,https://cn.dataone.org/cn/v2/resolve/doi%3A10.6067%3AXCV87S7KZV_meta%24v%3D1323455884265,"At a joint meeting of the committee on preservation of American antiquities of the Archeological Institute of America and the
American Anthropological Association, held at the Cosmos Club in Washington, on the evening of January 10, the subject of pending legislation was considered. It was decided that a memorandum should be prepared embodying such provisions from pending measures, as in the judgment of the joint committee should be incorporated into law, and the same presented to the House of Representatives' Committee on Public Lands, with the request that a bill should be prepared by this committee based on these suggestions.",NULL,NULL,NULL,NULL,NULL,NULL,NULL,NULL,NA
doi:10.18739/A2RF5KF26,The Yukon River Basin Indigenous Observation Network: Field Parameter Overview,"c(""EARTH SCIENCE > TERRESTRIAL HYDROSPHERE > WATER QUALITY/WATER CHEMISTRY"", ""IN SITU/LABORATORY INSTRUMENTS > CHEMICAL METERS/ANALYZERS > AWQT > APPARATUS FOR WATER QUALITY TEST"", ""FIELD SURVEY"", ""POINT"", ""inlandWaters"")",The Yukon River Basin Indigenous Observation Network: Uniting Traditional Ecological Knowledge and Western Science to Address and Understand Water Resources in the Arctic,NA,TRUE,https://cn.dataone.org/cn/v2/resolve/doi%3A10.18739%2FA2RF5KF26,"Intellectual Merit: This award will support the continued development of an Indigenous Observation Network (ION) that focusses on water chemistry, water quality and discharge, and traditional ecological knowledge (TEK) in the Yukon and Tanana river watersheds in central Alaska. This community-based effort is part of the NSF Arctic Observing Network (AON), which supports long-term, science-driven observing that enables research into understanding rapid environmental system change in the Arctic. AON is a component of the broader Study of Environmental Arctic Change (SEARCH). Operated by the Yukon River Inter-tribal Watershed Council, the ION will involve individuals and communities who will make measurements and obtain water samples year-round along the two rivers. The water samples will be analyzed at no-cost by the U.S. Geological Survey. The variables to be measured and analyzed include: water temperature, pH, conductivity, dissolved oxygen, major ions, alkalinity, dissolved gasses (oxygen, carbon dioxide, methane), trace metals, stable oxygen isotope ratios (O-18/O-16), nutrients and Dissolved Organic Carbon (DOC). This project will produce the first year-round water chemistry and water quality data set for the Yukon and Tanana rivers, which will permit assessment of the seasonal variability of biogeochemical fluxes and their response to changing hydrology and ecosystems in the watersheds. The Yukon River watershed is a sentinel watershed for understanding climate change and plays a vital role in the Bering Sea and Bering Strait ecosystems. Broader Impacts: This project builds capacity in the rural and widely-dispersed native communities of the Yukon and Tanana river watersheds. It trains local tribal technicians to use standardized protocols to collect, analyze and interpret baseline water chemistry and water quality data, and equips local communities with the tools and training necessary for them to carry out their own research and contribute to broader scientific scientific objectives in a meaningful way. The data are freely and openly available to the scientific community and all other interested parties via a project Web site and at CADIS (Cooperative Arctic Data and Information Service), the AON data repository. The ION also collaborates with the NSF-funded Exchange for Local Observations and Knowledge in the Arctic (ELOKA) for the purpose of advising on recording and curation of the TEK that will be obtained.",NULL,NULL,NULL,NULL,NULL,NULL,NULL,NULL,FALSE
doi:10.5063/F1416VJT,The fundamental role of periphyton in supplying dietary energy to alpine streams food webs: current knowledge and future perspectives.,"c(""periphyton"", ""biofilm"", ""epilithon"", ""fatty acids"", ""PUFA"", ""stream"", ""glacial"", ""alpine"", ""subalpine"", ""invertebrates"", ""food web"")",NULL,NA,TRUE,https://cn.dataone.org/cn/v2/resolve/doi%3A10.5063%2FF1416VJT,"Benthic periphyton is a fundamental resource in stream food webs as it provides consumers with easily digestible carbon and nutrients, including polyunsaturated fatty acids (PUFA), essential for consumers growth and reproduction. Periphyton is particularly important in alpine streams above the tree line where the terrestrial subsidies are limited. However, research has shown that it has a key role also in subalpine streams due to its high nutritional quality. This dataset has been created to support a literature review conducted on the topics of periphyton abundance (biomass) and nutritional quality (measured as PUFA content) in alpine and subalpine streams. It contains data on the number of published studies on these topics per year, their geographic locations, and periphyton biomass measurements in alpine glacial and non-glacial streams extracted from selected studies.","c(""stream"", ""type"", ""year"", ""month"", ""day"", ""chla"", ""Authors"", ""Title"", ""Year"", ""Source title"", ""DOI"", ""ALL"", ""BIOMASS"", ""PUFA"", ""GEO_AREA"")",NULL,NULL,NULL,NULL,NULL,NULL,NULL,FALSE
doi:10.5063/F11G0JR2,The role of climate change and niche shifts in divergent range dynamics of a sister-species pair,"c(""geographic range expansion"", ""habitat"", ""niche"", ""connectivity"", ""range dynamics"", ""anthropogenic environmental change"", ""grackle"")",NULL,NA,TRUE,https://cn.dataone.org/cn/v2/resolve/doi%3A10.5063%2FF11G0JR2,"The datasets collected here were used to generate species distribution models for the great-tailed grackle (Quiscalus mexicanus) and boat-tailed grackle (Quiscalus major) as part of publication by Summers et al. 2022. The publication abstract is included below. Species ranges are set by limitations in climate tolerances, habitat use, and dispersal abilities. Understanding the factors governing species range dynamics remains a challenge that is ever more important in our rapidly changing world. Species ranges can shift if environmental changes affect available habitat, or if the habitat breadth or connectivity of a species changes. The ability of a species to rapidly expand their geographic range through changes in their habitat breadth, also known as niche shifts, has been linked to behavioral flexibility, the ability to change behavior when circumstances change. We tested how changes in habitat availability, habitat breadth, or habitat connectivity contributed to divergent range dynamics in a sister-species pair. The highly behaviorally flexible great-tailed grackle (Quiscalus mexicanus) has expanded its range northward from Texas to South Dakota in the past 40 years, while its closest relative, the boat-tailed grackle (Quiscalus major), has remained tied to the coasts of the Atlantic Ocean and the Gulf of Mexico. We created species distribution and connectivity models trained on citizen science data from 1970-1979 and 2010-2019 to determine how suitable habitat ranges,habitat breadth, and range-wide connectivity have changed for both species. We found that the two species occupy distinct habitats and that the habitat of the great-tailed grackle has shifted to include a larger breadth of urban, arid environments farther from natural water sources. Meanwhile, the boat-tailed grackle has remained limited to warm, wet, coastal environments. We found no evidence that changes in habitat connectivity affected the ranges of either species. Overall, our results suggest that a change in habitat breadth drove the rapid range expansion of the great-tailed grackle, while climate change shaped minor shifts in the available range of the boat-tailed grackle. The expansion in habitat breadth of the great-tailed grackle is consistent with observations that species with high behavioral flexibility can rapidly expand their geographic range by using human-altered habitat. This investigation identifies how opposite responses to anthropogenic change drive divergent range dynamics, elucidating the factors that have and will continue to shape species ranges.","c(""code"", ""niche_overlap"", ""gtg_habitat_pca"", ""btg_habitat_pca"", ""locality_id"", ""geometry"", ""id"", ""year"", ""pland_02_urban"", ""pland_08_deciduous_forest"", ""pland_11_grassland"", ""pland_13_cultivated_crops"", ""pland_01_water"", ""pland_09_evergreen_forest"", ""pland_10_mixed_forest"", ""pland_14_hay_pasture"", ""pland_16_woody_wetland"", ""pland_15_herbaceous_wetland"", ""pland_07_barren"", ""pland_12_shrubland"", ""pland_17_ice_snow"", ""pland_00_NA"", ""bio1"", ""bio2"", ""bio3"", ""bio4"", ""bio5"", ""bio6"", ""bio7"", ""bio8"", ""bio9"", 
""bio10"", ""bio11"", ""bio12"", ""bio13"", ""bio14"", ""bio15"", ""bio16"", ""bio17"", ""bio18"", ""bio19"", ""elevation_median"", ""elevation_sd"", ""fresh"", ""coast"", ""pland"", ""bio"", ""elevation"", ""coast_fresh"", ""resistance"", ""location_id"", ""pred"", ""model"", ""mse"", ""kappa"", ""sensitivity"", ""specificity"", ""auc"", ""covariate"", ""x"", ""variable"", ""avg"", ""sd"", ""cur"")",NULL,NULL,NULL,NULL,NULL,NULL,NULL,FALSE
doi:10.18739/A26D5PC1R,"Thingvellir Site Excel Data, International Tundra Experiment (ITEX), 1995-2000","c(""Analysis"", ""Arctic"", ""Surface"")",NULL,NA,TRUE,https://cn.dataone.org/cn/v2/resolve/doi%3A10.18739%2FA26D5PC1R,"The ITEX experiment at Thingvellir was set up in 1995 when control and OTC plots 1-10 were set up. Sampling of plots was then repeated in 1996, 1998 and 2000. The sampling was limited to recording of species. This dataset is in excel format. For more information, please see the readme file.",NULL,NULL,NULL,NULL,NULL,NULL,NULL,NULL,FALSE
doi:10.6067:XCV8BC42CN_meta$v=1558739203043,To Be of Use: Re-examining Army Corps of Engineer's Collections,"c(""Other"", ""Museums, Collections, and Repatriation"", ""Conservation and Curation"", ""Collections for research; Access; Digitization"", ""U.S. Army Corps of Engineers Divisions and Districts"")",NULL,NA,TRUE,https://cn.dataone.org/cn/v2/resolve/doi%3A10.6067%3AXCV8BC42CN_meta%24v%3D1558739203043,"The Veterans Curation Program has been rehabilitating U.S. Army Corps of Engineers (USACE) collections for long-term preservation since 2009. With the dual goal of training and assisting veterans with their professional goals while also archiving and curating USACE collections, this program ultimately produces high quality digital records and photographs of cultural materials from across the U.S. This paper delves into the value of USACE’s digital collections for continued research, education, and public engagement. These digital records, once finalized, are uploaded to the Digital Archaeological Record (tDAR) and provide greater access of the archaeological and archival collections for researchers, teachers, and other stake holders. This paper features finalized collections that were processed at each of the three VCP labs in Alexandria, VA, Augusta, GA, and St. Louis, MO. The materials span a range of cultural materials from the Mid-Atlantic, Mid-west, and Southeastern U.S., and embrace the direction in the field toward digital preservation of material culture.",NULL,NULL,NULL,NULL,NULL,NULL,NULL,NULL,NA
doi:10.5063/AA/nceas.148.8,Trace gas flux database,"c(""trace gases"", ""carbon dioxide"", ""methane"", ""nitrous oxide"", ""greenhouse gases"", ""climate change"", ""agricultural lands"", ""croplands"", ""biogeochemistry"", ""flux"", ""forests"", ""gas exchange collections"", ""grasslands"", ""landfills"", ""pastures"", ""net primary productivity NPP"")",NULL,NA,TRUE,https://cn.dataone.org/cn/v2/resolve/doi%3A10.5063%2FAA%2Fnceas.148.8,"The atmospheric concentrations of greenhouse gases such as carbon dioxide (CO2), methane (CH4), and nitrous oxide (N2O) are increasing substantially. These increases are expected to result in global warming and changes in precipitation patterns, and may directly affect terrestrial ecosystems. Our understanding of the contemporary fluxes of these gases between the land and atmosphere is incomplete. There are large regions of the earth for which we have very little information on trace gas fluxes. Furthermore, for no region do we fully understand how global change, including land-use change, will affect gas fluxes.The United States Trace Gas Network(TRAGNET) is meant to accomplish the following two goals: Document contemporary fluxes of CO2, CH4 and N2O between regionally important ecosystems and the atmosphere Determine the factors controlling these fluxes and improve our ability to predict future fluxes in response to ecosystem and climate change.Part of this research is supported by the National Science Foundation. Abstract from website http://www.nrel.colostate.edu/projects/tragnet/.",NULL,NULL,NULL,NULL,NULL,NULL,NULL,NULL,NA
doi:10.5063/F1F47MCW,"Transformed Stressor Data: A Global Map of Human Impact on Marine Ecosystems, 2008",NULL,NULL,NA,TRUE,https://cn.dataone.org/cn/v2/resolve/doi%3A10.5063%2FF1F47MCW,"What happens in the vast stretches of the world's oceans - both wondrous and worrisome - has too often been out of sight, out of mind. The sea represents the last major scientific frontier on planet earth - a place where expeditions continue to discover not only new species, but even new phyla. The role of these species in the ecosystem, where they sit in the tree of life, and how they respond to environmental changes really do constitute mysteries of the deep. Despite technological advances that now allow people to access, exploit or affect nearly all parts of the ocean, we still understand very little of the ocean's biodiversity and how it is changing under our influence. The goal of the research presented here is to estimate and visualize, for the first time, the global impact humans are having on the ocean's ecosystems. Our analysis, published in Science, February 15, 2008 (http://doi.org/10.1126/science.1149345), shows that over 40% of the world's oceans are heavily affected by human activities and few if any areas remain untouched.  This dataset contains transformed stressor data from 17 different human activities that directly or indirectly have an impact on the ecological communities in the ocean's ecosystems. The transformed data contains log[X+1]-transformed and rescaled indices between 0-1 for each activity. This transformation to puts each stressor activity on a single, unitless scale that allows direct comparison.",NULL,NULL,NULL,NULL,NULL,NULL,NULL,NULL,FALSE
doi:10.5063/F1MC8X92,"Tree cavity nest productivity datasets for British Columbia (Canada) and Misiones (Argentina), 1995-2018","c(""beta diversity"", ""cavity-nesting vertebrates"", ""nest site selection"", ""occupancy"", ""resource quality"", ""species pool"", ""species richness"", ""species turnover"", ""tree cavity"", ""tree hole"", ""tree hollow"")",NULL,NA,TRUE,https://cn.dataone.org/cn/v2/resolve/doi%3A10.5063%2FF1MC8X92,"Datasets used to examine the regional and local factors influencing lifetime productivity (number and richness of occupants) of individual tree cavities across two divergent forest ecosystems: temperate mixed forest in Canada and subtropical Atlantic Forest, Argentina (Cockle et al 2019, Lifetime productivity of tree cavities used by cavity-nesting animals in temperate and subtropical forests, Ecological Applications). We monitored and measured nesting cavities used by birds and mammals over 22 breeding seasons (1995–2016) in Canada and 12 breeding seasons (2006–2017) in Argentina. The data included here support the key findings of our paper: (1) Species richness within cavities increased with number of nesting events at similar rates in Canada and Argentina, in both cases much slower than expected if within-cavity species assemblages were random. (2) Lifetime cavity productivity was strongly related to the cavity’s lifespan, and only weakly or inconsistently related to cavity characteristics selected by individuals in short-term nest-site selection studies. (3) Species turnover among (vs. within) cavities explained most cavity-nester diversity at the landscape scale. (4) in Canada, species accumulation was fastest when sampling across high-use cavities; in Argentina, rates of species accumulation were similar across high- and low-use cavities, and fastest when both high- and low-use cavities were pooled.",NULL,NULL,NULL,Aves,NULL,NULL,NULL,NULL,FALSE
doi:10.6067:XCV83T9J6S_meta$v=1402609530754,Two New Projectile Point Types: Duncan and Hanna Points,"c(""Archaic"", ""Archaeological Overview"", ""Bell Rockshelter"", ""48CK4"", ""Mule Creek Site"", ""48CK204"", ""48CK13"", ""48CK7"", ""39FA10"", ""39FA9"", ""48CK35"", ""48FL13"", ""48CK210"", ""39FA52"", ""McKean Site"", ""Archaeological Feature"", ""Artifact Scatter"", ""Hearth"", ""Chipped Stone"", ""Fire Cracked Rock"", ""Ground Stone"", ""Projectile Point"", ""McKean Projectile Point"", ""Hanna Projectile Point"", ""Duncan Projectile Point"")",NULL,NA,TRUE,https://cn.dataone.org/cn/v2/resolve/doi%3A10.6067%3AXCV83T9J6S_meta%24v%3D1402609530754,"Expounding on new names, definitions, and categorizations of two point types found in the Keyhole Reservoir, Richard P. Wheeler compares the newly identified Duncan and Hanna Points to McKean Points found in similar contexts within three occupation sites in Northeastern Wyoming.",NULL,NULL,NULL,NULL,NULL,NULL,NULL,NULL,NA
doi:10.5065/D62805QS,UAF Barrow Canyon and Central Channel Moorings,"c(""Mooring"", ""Oceanography"", ""Arctic"")",NULL,NA,TRUE,https://cn.dataone.org/cn/v2/resolve/doi%3A10.5065%2FD62805QS,Two year-long moorings were deployed on the Chukchi Sea shelf (Barrow Canyon and Central Channel) between August 2002 / September 2003 and September 2003 / September 2004. Each mooring was instrumented with an upward looking Acoustic Doppler Current Profiler (ADCP) and T/C recorders.,NULL,NULL,NULL,NULL,NULL,NULL,NULL,NULL,FALSE
doi:10.6067:XCV8B27XGW_meta$v=1502819359778,US Army National Guard Cultural Resources Planning Level Survey - Washington,"c(""Architectural Survey"", ""Collections Research"", ""Heritage Management"", ""Duwamish"", ""Coeur d'Alene"", ""Kalispel/Pend d'Orielle"", ""Nisqually"", ""Muckleshoot"", ""Puyallup"", ""Spokane"", ""Steilacoom"")",NULL,NA,TRUE,https://cn.dataone.org/cn/v2/resolve/doi%3A10.6067%3AXCV8B27XGW_meta%24v%3D1502819359778,"In January 1998, St. Louis District personnel visited the Washington Army National Guard (WAARNG) Headquarters in Tacoma and the Washington Office of Archaeology and Historic Preservation in Lacy to research archaeological and historic buildings survey work conducted on National Guard facilities in the state. This document reports the history of cultural resources investigations on four federally owned or federally supported WAARNG facilities, lists archaeological sites and historic buildings recorded within facility boundaries, discusses historic contexts and predictive models, and provides a list of Native American tribes that may be culturally affiliated with archaeological collections recovered from WAARNG facilities. Four WAARNG facilities were investigated: Camp Murray, Camp Seven Mile, Kent Armory, and Redmond Armory. To date, Camp Murray and Camp Seven Mile have been surveyed for archaeological and historical sites. Cultural resources have only been recorded on Camp Murray and consist of 130 historic buildings/ structures and four historic archaeological sites. Three of the historic buildings were considered to meet the criteria for nomination to the National Register of Historic Places. These three buildings, along with an additional 11 structures, were also considered to meet the criteria for nomination to a historic district. Individually, however, the 11 additional structures were not considered eligible. Neither armory has undergone any cultural resources investigations. Although no archaeological collections were reported for the work on Camp Murray or Camp Seven Mile, the full extent, nature, and location of archaeological collections (artifacts and documentation) recovered from work conducted on WAARNG facilities will be determined in the second phase of this project, to be completed during Fiscal Year 1999.",NULL,NULL,NULL,NULL,NULL,NULL,NULL,NULL,NA
doi:10.6067:XCV8N018Q7_meta$v=1502922444908,US Army National Guard Cultural Resources and NAGPRA Status - Federally Owned and Federally Supported Facilities in the 50 United States and the District of Columbia,"c(""Collections Research"", ""Heritage Management"", ""Ceramic"", ""Chipped Stone"", ""Fauna"", ""Glass"", ""Ground Stone"", ""Human Remains"", ""Macrobotanical"", ""Metal"", ""Mineral"", ""Shell"")",NULL,NA,TRUE,https://cn.dataone.org/cn/v2/resolve/doi%3A10.6067%3AXCV8N018Q7_meta%24v%3D1502922444908,"Between August 1997 and March 2000 personnel from the U.S. Army Engineer District, St. Louis located archaeological collections, conducted curation needs assessments for Army National Guard archaeological collections from across the United States and U.S. Territories, and conveyed the findings in three reports (1998 and 2000). 

In 2006, the National Guard Bureau (NGB) tasked the St. Louis District with updating this information through telephone and electronic mail correspondence with Army National Guard (ARNG) cultural resources staff in each state (not including U.S. territories). 

Information regarding the location, content, and extent of current archaeological collections was gathered, as well as information regarding the current status of NAGPRA compliance for each state. 

In total, 882.57 cubic feet of artifacts and 90.23 linear feet of records are the responsibility of the state ARNG agencies, according to the ARNG cultural resources staff. In addition, seven states—Alaska, California, Louisiana, Missouri, North Dakota, Texas, and Utah—have experienced NAGPRA or NAGPRA-like incidences with the discovery of human skeletal remains and/or funerary objects. Some of these incidences have been resolved—Alaska, Missouri, and North Dakota—while the rest are awaiting resolution. The current report also conveys St. Louis District’s recommendations for future NGB cultural resources initiatives and strategies.",NULL,NULL,NULL,NULL,NULL,NULL,NULL,NULL,NA
doi:10.18739/A2CR5ND1S,"Understanding the Wave-Driven Circulation and Variability of the Polar Atmosphere through Coordinated Observation, Analysis, and Modeling",ARCSS,"Understanding the Wave-Driven Circulation and Variability of the Polar Atmosphere through Coordinated Observation, Analysis, and Modeling",NA,TRUE,https://cn.dataone.org/cn/v2/resolve/doi%3A10.18739%2FA2CR5ND1S,"The goal of this investigation is to understand the wave-driven circulation and variability of the polar atmosphere through an integrated study that combines satellite measurements, lidar measurements, meteorological analyses, and model simulations will be conducted. This study is an international collaboration between investigators at six institutions in Germany, Japan and the United States. An international network of four Rayleigh lidars located in observatories at Andoya, Norway (69°N, 16°E), Chatanika, Alaska (65°N, 147°W), Kangarlussuaq, Greenland (67°N, 51°W) and Kühlungsborn, Germany (54°N, 12°E) provide a chain of measurements from the eastern Arctic to the western Arctic under distinct synoptic regimes (i.e., the Arctic stratospheric vortex, the Aleutian anticyclone, the stratospheric surf-zone). The lidars will yield high-resolution temperature and density measurements that allow characterization of the planetary waves, tides, and gravity waves. The satellite observations yield synoptic-scale temperature measurements of the mesosphere and upper stratosphere while the meteorological soundings and analyses provide synoptic-scale measurements of the troposphere and lower stratosphere. We have three specific goals; i) to extend the scope of current Rayleigh lidar measurements to characterize a wider range of waves than previously measured ii) to combine lower-resolution global data from satellite observations and meteorological analyses with higher-resolution data from Arctic Rayleigh lidar systems to document both the synoptic conditions and wave activity. iii) to investigate the observed wave behavior using a comprehensive general circulation model to understand the wave mean-flow interactions. The proposed activity will provide a comprehensive analysis of the circulation of the Arctic atmosphere that will directly address the following specific studies; coupling and feedbacks between waves and large-scale circulation; the structure; evolution, and variability of polar vortices and anticyclones; links between the middle and lower atmosphere; and atmospheric tele-connections. The study will advance our understanding of wave mean-flow interactions both regionally and globally that is critical for understanding dynamical driving of the circulation and the evolution of the climate. This study will provide data and analyses in support of studies of ozone depletion, stratospheric climate, and long-range horizontal and vertical transport in the Arctic. The observations, analyses and results of this activity will contribute to the CAWSES, CEDAR, SEARCH, and SPARC programs.",NULL,NULL,NULL,NULL,NULL,NULL,NULL,NULL,FALSE
doi:10.5063/F13776X1,Unintended Habitat Loss on Private Land from Grazing Restrictions on Public Lands,"c(""econometrics"", ""grazing"", ""land-use"", ""perverse outcomes"", ""policy"", ""rangeland management"", ""cropland"", ""land use change"", ""telecoupling"", ""Science for Nature and People Partnership (SNAPP)"")",NULL,NA,TRUE,https://cn.dataone.org/cn/v2/resolve/doi%3A10.5063%2FF13776X1,"Management of public lands, and who should have access to them, is frequently contentious. Most ranches in the western US rely upon seasonal grazing access to public lands, and conflicts over biodiversity management has led to proposals to restrict grazing access on public lands. We evaluate whether grazing restrictions on public rangelands could have the unintended effect of increasing the conversion of private rangeland to cropland, causing habitat loss for sage grouse, a species of conservation concern. Using a model of parameterized with empirical observations of land use change and ranch versus cropland profitability,  we explore how changes to public lands grazing policy could affect ranch profitability and consequently land-use on private lands across the western US.  We predict that resticting grazing of public lands by 50% would result in a loss of an additional 171,400 ha of sage-grouse habitat on private lands by 2050 on top of the 842,000 ha predicted to be lost under business as usual. The majority of this conservation would affect sage-grouse mesic habitat, 75% of which occurs on private land and is vital to the species during brood rearing. Under such policy changes, we estimate that an additional 105,700 ha (3.24%) of sage-grouse mesic habitat held on private land in the study region would be directly lost by 2050, and the cumulative area affected by fragmentation to be much higher.  By considering the human and ecological linkages between public and private land, we show that attempts to improve habitat on public lands via grazing restrictions could result in greater system-wide fragmentation of sage-grouse habitat from unintended habitat loss of private lands. Policy interventions on public lands can affect private landholders, who subsequent responses can result in unintended consequences both for habitat on private land and community support for conservation.","c(""ADMIN_FIPS"", ""percentBLMloss"", ""delta_conversion_prop"", ""lowerCI"", ""upperCI"", ""Area_Ranget0"", ""Annual_conversion_ha"", ""Annual_conversion_ha_lower"", ""Annual_conversion_ha_upper"", ""Converted_by2050_ha"", ""Converted_by2050_ha_lower"", ""Converted_by2050_ha_upper"", ""marginal_effect"", ""percent_increase_on_background"", ""percent_increase_on_background_lower"", ""percent_increase_on_background_upper"", ""Region"", ""State"", ""ConversionPropCropRangeV2"", ""Prc"", ""Actual_annual_converted_ha"", ""Actual_converted_by2050_ha"", 
""mesic_0"", ""mesic_1"", ""non_mesic_0"", ""non_mesic_1"", ""Area_mesic_ha"", ""prop_mesic_converted"", ""prop_nonmesic_converted"", ""prop_conversion_on_mesic"", ""Actual_annual_mesic_habitat_loss_ha"", ""Actual_mesic_habitat_remaining_2050_ha"", ""Actual_mesic_habitat_remaining_2050_percent"", ""PRC"", ""summaryofactualconversions"", ""V1"", ""Mesic_habitat_remaining_2050_ha"", ""Mesic_habitat_remaining_2050_ha_lower"", ""Mesic_habitat_remaining_2050_ha_upper"", ""Mesic_habitat_loss_2050_ha"", ""Mesic_habitat_loss_2050_ha_lower"", 
""Mesic_habitat_loss_2050_ha_upper"", ""Mesic_habitat_remaining_2050_percent"", ""Mesic_habitat_remaining_2050_percent_lower"", ""Mesic_habitat_remaining_2050_percent_upper"", ""Mesic_habitat_lost_2050_percent"", ""Mesic_habitat_lost_2050_percent_lower"", ""Mesic_habitat_lost_2050_percent_upper"", ""alfalfacounty"", ""Mesic_habitat_loss_2050_percent"", ""Mesic_habitat_loss_2050_percent_lower"", ""Mesic_habitat_loss_2050_percent_upper"", ""table_summary"", ""No loss"", ""10% loss"", ""25% loss"", ""50% loss"", ""100% loss"")",NULL,NULL,NULL,NULL,NULL,NULL,NULL,FALSE
doi:10.18739/A29S1KN38,"UpTempO buoys: Measuring the Upper Layer Temperature of the Polar Oceans, from drifting buoys 2010-2025. Level2 data: Quality controlled and Value Added.","c(""ocean temperature profiles"", ""sea surface temperature"", ""salinity"", ""drifting buoys"", ""sea ice"", ""ocean pressure"")","c(""UpTempO: Measuring the Upper Layer Temperature of the Arctic Ocean"", ""UpTempO:  Measuring the Upper Layer Temperature of the Arctic Ocean"")",NA,TRUE,https://cn.dataone.org/cn/v2/resolve/doi%3A10.18739%2FA29S1KN38,"UpTempO (Upper Temperature of the Polar Oceans) provides in situ measurements from autonomous surface-drifting buoys deployed in the Arctic Ocean. We focus on deployments in the Seasonal Ice Zone where the ocean is ice-free in summer and ice-covered in winter. The buoys record temperature at the ocean surface, generally at hourly resolution (but sometimes with 10 minute or 2-hourly resolution). Many buoys measure below the surface as well, down to a maximum of 60 meters depth with ocean pressure sensors to determine sensor depths. In recent years, salinity sensors have also been included to better understand stratification and other salinity-determined properties. Level 1 data consist of unprocessed ""raw"" data. Here we describe and provide the Level 2 data product, generated through standardized quality-control procedures that flag and remove spurious measurements. In addition to corrected temperature and salinity fields, Level 2 products include derived variables such as open water and under-ice sea surface temperature (SST), sea surface salinity (SSS), and interpolated sensor depth estimates where possible.","c(""year"", ""month"", ""day"", ""hour (GMT)"", ""Latitude (N)"", ""Longitude (E)"", ""Temperature (C) at nominal depth 0.50 (m)"", ""Salinity (psu) at nominal depth 0.50 (m)"", ""Battery Voltage (V)"", ""Open Water or Ice Indicator (1=ice, 2=water)"", ""First Wet Thermistor"", ""Sea Surface Temperature"", ""Sea Surface Temperature Depth"", ""First Wet Conductivity Sensor"", ""Sea Surface Salinity"", ""Sea Surface Salinity Depth"")",NULL,NULL,NULL,NULL,NULL,NULL,NULL,FALSE
doi:10.6067:XCV8DJ5CW1_meta$v=1391106581089,Vanishing Treasures:A Legacy in Ruins: Ruins Preservation in American Southwest Strategic Plan,"c(""Methodology, Theory, or Synthesis"", ""Preservation Efforts and Concerns"")",NULL,NA,TRUE,https://cn.dataone.org/cn/v2/resolve/doi%3A10.6067%3AXCV8DJ5CW1_meta%24v%3D1391106581089,"“Vanishing Treasures: A Legacy in Ruins” is a grass-roots initiative designed to address both the devastating destruction of irreplaceable historic and prehistoric structures as well as the impending loss of preservation expertise. The Vanishing Treasures (VT) Initiative seeks an increased level of funding support for preserving structures and providing for the training and development of preservation specialists. Although the duration of the Initiative depends upon the volume of dollars authorized by Congress each year, it is estimated that supplemental Federal funding over a 13-year period will eliminate or greatly reduce the backlog for these structures.",NULL,NULL,NULL,NULL,NULL,NULL,NULL,NULL,NA
doi:10.5065/D6BP010B,"Wadati Conference Hydrologic Response Abstract [Hinzman, L., D. Kane, D. Goering]","c(""Arctic"", ""Hydrology"")",NULL,NA,TRUE,https://cn.dataone.org/cn/v2/resolve/doi%3A10.5065%2FD6BP010B,"This is an abstract of the paper submitted by Hinzman et al. entitled Hydrologic Response and Feedbacks to a Warmer Climate in Arctic Regions. This Study was presented at the second Wadati Conference on Global Change and Polar Climate in March, 2001 as part of ATLAS. The paper is in pdf format.",NULL,NULL,NULL,NULL,NULL,NULL,NULL,NULL,FALSE
doi:10.18739/A2222R79T,Waterfowl Population Status Reports (2021-2025),Arctic Report Card 2022,Waterfowl Population Status Reports (2021-2025),NA,TRUE,https://cn.dataone.org/cn/v2/resolve/doi%3A10.18739%2FA2222R79T,"These reports include the most current breeding population and production information available for waterfowl in North America and is a result of cooperative efforts by the U.S. Fish and Wildlife Service (USFWS), the Canadian Wildlife Service (CWS), various state and provincial conservation agencies, and private conservation organizations. In addition to providing current information on the status of populations, these reports are intended to aid the development of waterfowl harvest regulations in the United States for upcoming hunting seasons.  To obtain older population status reports not included below, please visit ServCat Program Record # 136193.",NULL,NULL,NULL,NULL,NULL,NULL,NULL,NULL,FALSE
doi:10.5063/F1R20ZN2,"Well-Being Domains and Attributes, 2018","c(""well-being"", ""featured"")",State of Alaska's Salmon and People,NA,TRUE,https://cn.dataone.org/cn/v2/resolve/doi%3A10.5063%2FF1R20ZN2,"From international organizations to nations to specific regions and communities, well-being is increasingly cited as a concept that is integral to sustainable development. A growing body of literature identifies well-being as an important dimension of environmental sustainability and central to effective management of fisheries and marine ecosystems. This project builds on these efforts and provides a path forward in defining and incorporating well-being measures into salmon governance and decision-making arenas that continue to struggle with data availability and broad assumptions about important components of quality of life and well-being. We provide insights and clearly defined measures that are needed to create a baseline and monitor diverse components of well-being. Building on earlier efforts, our diverse team developed a collective definition of well-being as “a way of being with others that arises when people and ecosystems are healthy, and when individuals, families, and communities equitably practice their chosen ways of life and enjoy a self-defined quality of life now and for future generations.” In this dataset, we present a set of dimensions of well-being important to Alaska, and classify them into domains. These dimensions of well-being serve to inform our identification of more than 250 indicators of well-being in Alaska.",NULL,NULL,NULL,NULL,NULL,NULL,NULL,NULL,FALSE
doi:10.18739/A2VQ2SB1D,"Western Canada Late Pleistocene Permafrost Caves Speleothem uranium-thorium (U/Th) Data, 2016 - 2019","c(""Permafrost"", ""Caves"", ""Speleothems"", ""Geochronology"", ""Canada"")",Collaborative Research: Speleothem records of permafrost thaw and paleoclimate in the North American Arctic,NA,TRUE,https://cn.dataone.org/cn/v2/resolve/doi%3A10.18739%2FA2VQ2SB1D,"Given the possibility of substantial greenhouse gas release from thawing permafrost in a warmer future, as well as the threats to infrastructure from thawing permafrost, understanding the response of permafrost to past warmth is of fundamental importance. Speleothems (stalagmites and stalactites) only are expected to grow in Arctic caves when the overlying permafrost has thawed and no longer presents an impermeable barrier to seepage from the surface into the cave. In this project, we reconstruct permafrost history in western Canada during Pleistocene interglacials from 131 uranium-thorium (U/Th) ages on 74 speleothems, providing a record of when speleothems grew in Arctic caves and, consequently, under what past climatic conditions permafrost thawed.  The project uses existing speleothem collections from three areas in western Canada spanning 17° of latitude and isolated to continuous permafrost zones. The U/Th dates document the extent of speleothem growth, and thus permafrost thaw, across variable interglacial conditions of the past 500 thousand years (kyr). The data suggest that permafrost in the Yukon region was largely stable over the last 500 kyr, with only limited thaw during the  Marine Isotope Stage (MIS) 11 interglacial. Thawing is more common at the sites in central and southwestern Canada, but the MIS11 interglacial still stands out as the interglacial with the most permafrost melting during the last 500 kyr.",NULL,NULL,NULL,NULL,NULL,NULL,NULL,NULL,FALSE
doi:10.18739/A2BR8MH6Z,"Wildland fire reburning trends across the US West suggest only short-term negative feedback and differing climatic effects, 2000","c(""fire"", ""reburn"", ""short interval"", ""western United States"", ""climate fire relationships"")",Collaborative Research: Regional  impacts of increasing fire frequency on carbon dynamics and  species composition in the boreal forest,NA,TRUE,https://cn.dataone.org/cn/v2/resolve/doi%3A10.18739%2FA2BR8MH6Z,"Wildfires are a significant agent of disturbance in forests and highly sensitive to climate change. Short-interval fires and high severity (mortality-causing) fires in particular, may catalyze rapid and substantial ecosystem shifts by eliminating woody species and triggering conversions from forest to shrub or grassland ecosystems. Modeling and fine-scale observations suggest negative feedbacks between fire and fuels should limit reburn prevalence as overall fire frequency rises. However, while we have good information on reburning patterns for individual fires or small regions, the validity of scaling these conclusions to broad regions like the US West remains unknown. Both the prevalence of reburning and the strength of feedbacks on likelihood of reburning over differing timescales have not been documented at the regional scale. Here we show that while there is a strong negative feedback for very short reburning intervals throughout wildland forests of the Western US, that feedback weakens after 10–20 years. The relationship between reburning intervals and drought diverges  depending on location, with coastal systems reburning quicker (e.g. shorter interval between fires) in wetter conditions and interior forests in drier. This supports the idea that vegetation productivity—primarily fine fuels that accumulate rapidly (&amp;lt;10 years)—is of primary importance in determining reburn intervals. Our results demonstrate that while over short time intervals increasing fires inhibits reburning at broad scales, that breaks down after  a decade. This provides important insights about patterns at very broad scales and agrees",NULL,NULL,NULL,NULL,NULL,NULL,NULL,NULL,FALSE
doi:10.5063/F1SX6BH1,Winegrowing Regions of the World 2007,"c(""Winegrowing"", ""Viticulture"", ""Atlas"", ""Shapefile"", ""Spatial analysis"")",Winegrowing Regions of the World 2007,NA,TRUE,https://cn.dataone.org/cn/v2/resolve/doi%3A10.5063%2FF1SX6BH1,"This digital atlas of the major winegrowing regions of the World delineates winegrape producing regions as provided by Oz Clark's (2007) . The shapefile comprises a total of 302 polygons distributed across 6 continents and its purpose is to develop spatially explicit analyses of winegrowing at a large or global scale (note that fine scale resolution analyses are not recommended based on this dataset given the resolution of the original maps). The map is not comprehensive, as it lacks regions developed after 2007 and some regions depicted only have marginal winegrape production (e.g., southeastern US, central Mexico, areas of Mongolia, north island of Japan).",NULL,NULL,NULL,NULL,NULL,NULL,NULL,Vitis vinifera,FALSE
doi:10.5063/F1MW2FFZ,"Worker Demographics in the Seafood Processing Industry, 2010-2015","c(""census and demographic"", ""featured"", ""economic"", ""well being"")",State of Alaska's Salmon and People,NA,TRUE,https://cn.dataone.org/cn/v2/resolve/doi%3A10.5063%2FF1MW2FFZ,"The data was taken from Alaska's Department of Labor and Workforce Development website (http://live.laborstats.alaska.gov/seafood/), Research and Analysis Section. The csv data file is extracted and reformatted from the original pdf (http://live.laborstats.alaska.gov/seafood/statewide/AKSFPWrkrDem.pdf) included in the data package. The data file contains information about the demographics of workers in the Alaskan seafood and fishing processing industry from 2010-2015.","c(""Year"", ""AverageAge"", ""PercentMale"", ""FourQuarters"", ""OtherJob"", ""ProcessingPrior"", ""ProcessingFivePlus"", ""TotalWorkers"")",NULL,NULL,NULL,NULL,NULL,NULL,NULL,FALSE
doi:10.5065/D65T3HHT,Zooplankton Abundance Compilation,"c(""Ship"", ""Oceanography"", ""oceans"")",NULL,NA,TRUE,https://cn.dataone.org/cn/v2/resolve/doi%3A10.5065%2FD65T3HHT,"This dataset is a compilation of four target zooplankton species/genera. Two types of data are presented: (1) all data with no editing, including sampling information, concentration (#/m3) by life stage, integrated water column abundance (#/m2) by life stage, and integrated water column carbon content (ug C/m2) by life stage and (2) integrated water column carbon for all life stages combined that were effectively captured by the net mesh size used at each of the included stations. This dataset is part of the Pacific Marine Arctic Regional Synthesis (PacMARS) Project. These data are presented both in Excel and ASCII formats. Supporting information on species (i.e. specific life stage weights, sizes, and appropriate mesh sizes) have also been included in separate files.",NULL,NULL,NULL,NULL,NULL,NULL,NULL,NULL,FALSE
doi:10.5065/D6TH8JQM,Zooplankton Data Sets used in Compilation [Ashjian],"c(""Ship"", ""Oceanography"", ""Arctic"", ""oceans"")",NULL,NA,TRUE,https://cn.dataone.org/cn/v2/resolve/doi%3A10.5065%2FD6TH8JQM,"This data set contains a listing of all the data sets on zooplankton abundance examined in Pacific Marine Arctic Regional Synthesis (PacMARS). These data include collection year and region, gear used (net type, mesh size), project, people collecting the data, and alternative source for the data. This data set provides information on the data sets but not the data itself.",NULL,NULL,NULL,NULL,NULL,NULL,NULL,NULL,FALSE
doi:10.5063/F10000DT,"mid-continent mallard breeding population estimates, model predictions, and model weights (1995-2018)","c(""mid-continent"", ""mallard"", ""breeding population"", ""model prediction"", ""model weights"")",NULL,NA,TRUE,https://cn.dataone.org/cn/v2/resolve/doi%3A10.5063%2FF10000DT,"Mid-continent mallard breeding population estimates, model set predictions, and model weights from 1995-2018.  This information is used to support decision making through the Adaptive Harvest Management program of the U.S. Fish and Wildlife Service.",NULL,NULL,NULL,NULL,NULL,NULL,NULL,NULL,FALSE
